📊 Starting per-match history scrape...
👉 SquadSeven9
✅ SquadSeven9 → 50 matches
👉 Deccan Dominators
✅ Deccan Dominators → 50 matches
👉 VATVAGHOOL XI
✅ VATVAGHOOL XI → 50 matches
👉 Watapi
✅ Watapi → 50 matches
👉 PKs11
✅ PKs11 → 50 matches
👉 RSAwesome 11
✅ RSAwesome 11 → 50 matches
👉 Bat Bowl XI
✅ Bat Bowl XI → 50 matches
👉 RushS01
✅ RushS01 → 50 matches
📦 Done: 8
📡 History saved
📊 Starting per-match history scrape...
📊 Teams found: 8

👉 SquadSeven9
🧪 HISTORY SPANS: Match 67 [ '476.5' ]
🧪 HISTORY SPANS: Match 66 [ '529' ]
🧪 HISTORY SPANS: Match 65 [ '136' ]
🧪 HISTORY SPANS: Match 64 [ '1,160' ]
🧪 HISTORY SPANS: Match 63 [ '305.5' ]
🧪 HISTORY SPANS: Match 62 [ '0' ]
🧪 HISTORY SPANS: Match 61 [ '1,182' ]
🧪 HISTORY SPANS: Match 60 [ '333' ]
🧪 HISTORY SPANS: Match 59 [ '316.5' ]
🧪 HISTORY SPANS: Match 58 [ '208.5' ]
🧪 HISTORY SPANS: Match 57 [ '321.5' ]
🧪 HISTORY SPANS: Match 56 [ '228' ]
🧪 HISTORY SPANS: Match 55 [ '322.5' ]
🧪 HISTORY SPANS: Match 54 [ '121.5' ]
🧪 HISTORY SPANS: Match 53 [ '210' ]
🧪 HISTORY SPANS: Match 52 [ '305.5' ]
🧪 HISTORY SPANS: Match 51 [ '104' ]
🧪 HISTORY SPANS: Match 50 [ '406' ]
🧪 HISTORY SPANS: Match 49 [ '921' ]
🧪 HISTORY SPANS: Match 48 [ '231.5' ]
🧪 HISTORY SPANS: Match 47 [ '456.5' ]
🧪 HISTORY SPANS: Match 46 [ '233.5' ]
🧪 HISTORY SPANS: Match 45 [ '218' ]
🧪 HISTORY SPANS: Match 44 [ '179.5' ]
🧪 HISTORY SPANS: Match 43 [ '191.5' ]
🧪 HISTORY SPANS: Match 42 [ '258.5' ]
🧪 HISTORY SPANS: Match 41 [ '183.5' ]
🧪 HISTORY SPANS: Match 40 [ '414' ]
🧪 HISTORY SPANS: Match 39 [ '83.5' ]
🧪 HISTORY SPANS: Match 38 [ '29' ]
🧪 HISTORY SPANS: Match 37 [ '347' ]
🧪 HISTORY SPANS: Match 36 [ '283' ]
🧪 HISTORY SPANS: Match 35 [ '766.5' ]
🧪 HISTORY SPANS: Match 34 [ '596' ]
🧪 HISTORY SPANS: Match 33 [ '316.5' ]
🧪 HISTORY SPANS: Match 32 [ '119' ]
🧪 HISTORY SPANS: Match 31 [ '186.5' ]
🧪 HISTORY SPANS: Match 30 [ '78' ]
🧪 HISTORY SPANS: Match 29 [ '309' ]
🧪 HISTORY SPANS: Match 28 [ '241.5' ]
🧪 HISTORY SPANS: Match 27 [ '280.5' ]
🧪 HISTORY SPANS: Match 26 [ '239' ]
🧪 HISTORY SPANS: Match 25 [ '410.5' ]
🧪 HISTORY SPANS: Match 24 [ '399.5' ]
🧪 HISTORY SPANS: Match 23 [ '235' ]
🧪 HISTORY SPANS: Match 22 [ '161' ]
🧪 HISTORY SPANS: Match 21 [ '263.5' ]
🧪 HISTORY SPANS: Match 20 [ '264' ]
🧪 HISTORY SPANS: Match 19 [ '327' ]
🧪 HISTORY SPANS: Match 18 [ '401' ]
🧪 HISTORY SPANS: Match 17 [ '263' ]
🧪 HISTORY SPANS: Match 16 [ '150' ]
🧪 HISTORY SPANS: Match 15 [ '249' ]
🧪 HISTORY SPANS: Match 14 [ '170.5' ]
🧪 HISTORY SPANS: Match 13 [ '242' ]
🧪 HISTORY SPANS: Match 12 [ '42.5' ]
🧪 HISTORY SPANS: Match 11 [ '179.5' ]
🧪 HISTORY SPANS: Match 10 [ '78' ]
🧪 HISTORY SPANS: Match 9 [ '349' ]
🧪 HISTORY SPANS: Match 8 [ '148.5' ]
🧪 HISTORY SPANS: Match 7 [ '266' ]
🧪 HISTORY SPANS: Match 6 [ '217' ]
🧪 HISTORY SPANS: Match 5 [ '208' ]
🧪 HISTORY SPANS: Match 4 [ '252.5' ]
🧪 HISTORY SPANS: Match 3 [ '155' ]
🧪 HISTORY SPANS: Match 2 [ '297' ]
🧪 HISTORY SPANS: Match 1 [ '295' ]
✅ SquadSeven9 → 67 matches

👉 Deccan Dominators
🧪 HISTORY SPANS: Match 67 [ '459.5' ]
🧪 HISTORY SPANS: Match 66 [ '170' ]
🧪 HISTORY SPANS: Match 65 [ '226' ]
🧪 HISTORY SPANS: Match 64 [ '480' ]
🧪 HISTORY SPANS: Match 63 [ '296' ]
🧪 HISTORY SPANS: Match 62 [ '489.5' ]
🧪 HISTORY SPANS: Match 61 [ '288' ]
🧪 HISTORY SPANS: Match 60 [ '625' ]
🧪 HISTORY SPANS: Match 59 [ '260.5' ]
🧪 HISTORY SPANS: Match 58 [ '381.5' ]
🧪 HISTORY SPANS: Match 57 [ '360.5' ]
🧪 HISTORY SPANS: Match 56 [ '264' ]
🧪 HISTORY SPANS: Match 55 [ '313.5' ]
🧪 HISTORY SPANS: Match 54 [ '98' ]
🧪 HISTORY SPANS: Match 53 [ '179.5' ]
🧪 HISTORY SPANS: Match 52 [ '1,065' ]
🧪 HISTORY SPANS: Match 51 [ '266' ]
🧪 HISTORY SPANS: Match 50 [ '461' ]
🧪 HISTORY SPANS: Match 49 [ '250.5' ]
🧪 HISTORY SPANS: Match 48 [ '269' ]
🧪 HISTORY SPANS: Match 47 [ '889' ]
🧪 HISTORY SPANS: Match 46 [ '210' ]
🧪 HISTORY SPANS: Match 45 [ '203' ]
🧪 HISTORY SPANS: Match 44 [ '102.5' ]
🧪 HISTORY SPANS: Match 43 [ '282.5' ]
🧪 HISTORY SPANS: Match 42 [ '249' ]
🧪 HISTORY SPANS: Match 41 [ '471.5' ]
🧪 HISTORY SPANS: Match 40 [ '345' ]
🧪 HISTORY SPANS: Match 39 [ '101' ]
🧪 HISTORY SPANS: Match 38 [ '101.5' ]
🧪 HISTORY SPANS: Match 37 [ '308.5' ]
🧪 HISTORY SPANS: Match 36 [ '461' ]
🧪 HISTORY SPANS: Match 35 [ '736.5' ]
🧪 HISTORY SPANS: Match 34 [ '214.5' ]
🧪 HISTORY SPANS: Match 33 [ '403.5' ]
🧪 HISTORY SPANS: Match 32 [ '157' ]
🧪 HISTORY SPANS: Match 31 [ '565' ]
🧪 HISTORY SPANS: Match 30 [ '540' ]
🧪 HISTORY SPANS: Match 29 [ '558.5' ]
🧪 HISTORY SPANS: Match 28 [ '334' ]
🧪 HISTORY SPANS: Match 27 [ '312.5' ]
🧪 HISTORY SPANS: Match 26 [ '273.5' ]
🧪 HISTORY SPANS: Match 25 [ '275' ]
🧪 HISTORY SPANS: Match 24 [ '95' ]
🧪 HISTORY SPANS: Match 23 [ '467' ]
🧪 HISTORY SPANS: Match 22 [ '159' ]
🧪 HISTORY SPANS: Match 21 [ '324.5' ]
🧪 HISTORY SPANS: Match 20 [ '368.5' ]
🧪 HISTORY SPANS: Match 19 [ '239' ]
🧪 HISTORY SPANS: Match 18 [ '360' ]
🧪 HISTORY SPANS: Match 17 [ '407' ]
🧪 HISTORY SPANS: Match 16 [ '442' ]
🧪 HISTORY SPANS: Match 15 [ '168' ]
🧪 HISTORY SPANS: Match 14 [ '268' ]
🧪 HISTORY SPANS: Match 13 [ '309.5' ]
🧪 HISTORY SPANS: Match 12 [ '65' ]
🧪 HISTORY SPANS: Match 11 [ '323.5' ]
🧪 HISTORY SPANS: Match 10 [ '225.5' ]
🧪 HISTORY SPANS: Match 9 [ '498' ]
🧪 HISTORY SPANS: Match 8 [ '107' ]
🧪 HISTORY SPANS: Match 7 [ '120' ]
🧪 HISTORY SPANS: Match 6 [ '472' ]
🧪 HISTORY SPANS: Match 5 [ '137.5' ]
🧪 HISTORY SPANS: Match 4 [ '120.5' ]
🧪 HISTORY SPANS: Match 3 [ '163.5' ]
🧪 HISTORY SPANS: Match 2 [ '229' ]
🧪 HISTORY SPANS: Match 1 [ '727' ]
✅ Deccan Dominators → 67 matches

👉 RSAwesome 11
🧪 HISTORY SPANS: Match 67 [ '426.5' ]
🧪 HISTORY SPANS: Match 66 [ '803.5' ]
🧪 HISTORY SPANS: Match 65 [ '80.5' ]
🧪 HISTORY SPANS: Match 64 [ '921' ]
🧪 HISTORY SPANS: Match 63 [ '261' ]
🧪 HISTORY SPANS: Match 62 [ '234' ]
🧪 HISTORY SPANS: Match 61 [ '758' ]
🧪 HISTORY SPANS: Match 60 [ '486' ]
🧪 HISTORY SPANS: Match 59 [ '337.5' ]
🧪 HISTORY SPANS: Match 58 [ '749' ]
🧪 HISTORY SPANS: Match 57 [ '343.5' ]
🧪 HISTORY SPANS: Match 56 [ '185' ]
🧪 HISTORY SPANS: Match 55 [ '241.5' ]
🧪 HISTORY SPANS: Match 54 [ '298' ]
🧪 HISTORY SPANS: Match 53 [ '358' ]
🧪 HISTORY SPANS: Match 52 [ '379.5' ]
🧪 HISTORY SPANS: Match 51 [ '244.5' ]
🧪 HISTORY SPANS: Match 50 [ '174' ]
🧪 HISTORY SPANS: Match 49 [ '186.5' ]
🧪 HISTORY SPANS: Match 48 [ '287' ]
🧪 HISTORY SPANS: Match 47 [ '287' ]
🧪 HISTORY SPANS: Match 46 [ '73.5' ]
🧪 HISTORY SPANS: Match 45 [ '135' ]
🧪 HISTORY SPANS: Match 44 [ '276.5' ]
🧪 HISTORY SPANS: Match 43 [ '245.5' ]
🧪 HISTORY SPANS: Match 42 [ '344.5' ]
🧪 HISTORY SPANS: Match 41 [ '254' ]
🧪 HISTORY SPANS: Match 40 [ '367' ]
🧪 HISTORY SPANS: Match 39 [ '258.5' ]
🧪 HISTORY SPANS: Match 38 [ '51' ]
🧪 HISTORY SPANS: Match 37 [ '350.5' ]
🧪 HISTORY SPANS: Match 36 [ '465' ]
🧪 HISTORY SPANS: Match 35 [ '662' ]
🧪 HISTORY SPANS: Match 34 [ '452.5' ]
🧪 HISTORY SPANS: Match 33 [ '455.5' ]
🧪 HISTORY SPANS: Match 32 [ '290' ]
🧪 HISTORY SPANS: Match 31 [ '551' ]
🧪 HISTORY SPANS: Match 30 [ '127' ]
🧪 HISTORY SPANS: Match 29 [ '319' ]
🧪 HISTORY SPANS: Match 28 [ '78.5' ]
🧪 HISTORY SPANS: Match 27 [ '136' ]
🧪 HISTORY SPANS: Match 26 [ '192' ]
🧪 HISTORY SPANS: Match 25 [ '294' ]
🧪 HISTORY SPANS: Match 24 [ '258' ]
🧪 HISTORY SPANS: Match 23 [ '316' ]
🧪 HISTORY SPANS: Match 22 [ '232' ]
🧪 HISTORY SPANS: Match 21 [ '28.5' ]
🧪 HISTORY SPANS: Match 20 [ '328.5' ]
🧪 HISTORY SPANS: Match 19 [ '242' ]
🧪 HISTORY SPANS: Match 18 [ '172' ]
🧪 HISTORY SPANS: Match 17 [ '219' ]
🧪 HISTORY SPANS: Match 16 [ '322' ]
🧪 HISTORY SPANS: Match 15 [ '181.5' ]
🧪 HISTORY SPANS: Match 14 [ '130' ]
🧪 HISTORY SPANS: Match 13 [ '166' ]
🧪 HISTORY SPANS: Match 12 [ '32.5' ]
🧪 HISTORY SPANS: Match 11 [ '188' ]
🧪 HISTORY SPANS: Match 10 [ '65.5' ]
🧪 HISTORY SPANS: Match 9 [ '403' ]
🧪 HISTORY SPANS: Match 8 [ '159.5' ]
🧪 HISTORY SPANS: Match 7 [ '203.5' ]
🧪 HISTORY SPANS: Match 6 [ '317' ]
🧪 HISTORY SPANS: Match 5 [ '162.5' ]
🧪 HISTORY SPANS: Match 4 [ '174' ]
🧪 HISTORY SPANS: Match 3 [ '108' ]
🧪 HISTORY SPANS: Match 2 [ '376.5' ]
🧪 HISTORY SPANS: Match 1 [ '510' ]
✅ RSAwesome 11 → 67 matches

👉 VATVAGHOOL XI
🧪 HISTORY SPANS: Match 67 [ '660.5' ]
🧪 HISTORY SPANS: Match 66 [ '478.5' ]
🧪 HISTORY SPANS: Match 65 [ '236' ]
🧪 HISTORY SPANS: Match 64 [ '749.5' ]
🧪 HISTORY SPANS: Match 63 [ '243.5' ]
🧪 HISTORY SPANS: Match 62 [ '427.5' ]
🧪 HISTORY SPANS: Match 61 [ '607' ]
🧪 HISTORY SPANS: Match 60 [ '308.5' ]
🧪 HISTORY SPANS: Match 59 [ '188' ]
🧪 HISTORY SPANS: Match 58 [ '328.5' ]
🧪 HISTORY SPANS: Match 57 [ '163' ]
🧪 HISTORY SPANS: Match 56 [ '642' ]
🧪 HISTORY SPANS: Match 55 [ '251.5' ]
🧪 HISTORY SPANS: Match 54 [ '163.5' ]
🧪 HISTORY SPANS: Match 53 [ '15' ]
🧪 HISTORY SPANS: Match 52 [ '316.5' ]
🧪 HISTORY SPANS: Match 51 [ '278.5' ]
🧪 HISTORY SPANS: Match 50 [ '167.5' ]
🧪 HISTORY SPANS: Match 49 [ '819' ]
🧪 HISTORY SPANS: Match 48 [ '393' ]
🧪 HISTORY SPANS: Match 47 [ '299' ]
🧪 HISTORY SPANS: Match 46 [ '327.5' ]
🧪 HISTORY SPANS: Match 45 [ '319' ]
🧪 HISTORY SPANS: Match 44 [ '175.5' ]
🧪 HISTORY SPANS: Match 43 [ '321.5' ]
🧪 HISTORY SPANS: Match 42 [ '260' ]
🧪 HISTORY SPANS: Match 41 [ '517.5' ]
🧪 HISTORY SPANS: Match 40 [ '368' ]
🧪 HISTORY SPANS: Match 39 [ '99' ]
🧪 HISTORY SPANS: Match 38 [ '185' ]
🧪 HISTORY SPANS: Match 37 [ '170.5' ]
🧪 HISTORY SPANS: Match 36 [ '507' ]
🧪 HISTORY SPANS: Match 35 [ '678' ]
🧪 HISTORY SPANS: Match 34 [ '113' ]
🧪 HISTORY SPANS: Match 33 [ '345.5' ]
🧪 HISTORY SPANS: Match 32 [ '135' ]
🧪 HISTORY SPANS: Match 31 [ '411' ]
🧪 HISTORY SPANS: Match 30 [ '73' ]
🧪 HISTORY SPANS: Match 29 [ '172.5' ]
🧪 HISTORY SPANS: Match 28 [ '248.5' ]
🧪 HISTORY SPANS: Match 27 [ '357.5' ]
🧪 HISTORY SPANS: Match 26 [ '408' ]
🧪 HISTORY SPANS: Match 25 [ '189.5' ]
🧪 HISTORY SPANS: Match 24 [ '167.5' ]
🧪 HISTORY SPANS: Match 23 [ '279' ]
🧪 HISTORY SPANS: Match 22 [ '255' ]
🧪 HISTORY SPANS: Match 21 [ '48.5' ]
🧪 HISTORY SPANS: Match 20 [ '161' ]
🧪 HISTORY SPANS: Match 19 [ '178' ]
🧪 HISTORY SPANS: Match 18 [ '572' ]
🧪 HISTORY SPANS: Match 17 [ '205.5' ]
🧪 HISTORY SPANS: Match 16 [ '319' ]
🧪 HISTORY SPANS: Match 15 [ '294.5' ]
🧪 HISTORY SPANS: Match 14 [ '-1' ]
🧪 HISTORY SPANS: Match 13 [ '226' ]
🧪 HISTORY SPANS: Match 12 [ '77' ]
🧪 HISTORY SPANS: Match 11 [ '107' ]
🧪 HISTORY SPANS: Match 10 [ '368.5' ]
🧪 HISTORY SPANS: Match 9 [ '182.5' ]
🧪 HISTORY SPANS: Match 8 [ '221.5' ]
🧪 HISTORY SPANS: Match 7 [ '240.5' ]
🧪 HISTORY SPANS: Match 6 [ '296' ]
🧪 HISTORY SPANS: Match 5 [ '67.5' ]
🧪 HISTORY SPANS: Match 4 [ '296' ]
🧪 HISTORY SPANS: Match 3 [ '149' ]
🧪 HISTORY SPANS: Match 2 [ '401.5' ]
🧪 HISTORY SPANS: Match 1 [ '386' ]
✅ VATVAGHOOL XI → 67 matches

👉 Watapi
🧪 HISTORY SPANS: Match 67 [ '318.5' ]
🧪 HISTORY SPANS: Match 66 [ '510' ]
🧪 HISTORY SPANS: Match 65 [ '80' ]
🧪 HISTORY SPANS: Match 64 [ '583.5' ]
🧪 HISTORY SPANS: Match 63 [ '81' ]
🧪 HISTORY SPANS: Match 62 [ '0' ]
🧪 HISTORY SPANS: Match 61 [ '283.5' ]
🧪 HISTORY SPANS: Match 60 [ '658' ]
🧪 HISTORY SPANS: Match 59 [ '163' ]
🧪 HISTORY SPANS: Match 58 [ '540.5' ]
🧪 HISTORY SPANS: Match 57 [ '223.5' ]
🧪 HISTORY SPANS: Match 56 [ '855' ]
🧪 HISTORY SPANS: Match 55 [ '259' ]
🧪 HISTORY SPANS: Match 54 [ '172.5' ]
🧪 HISTORY SPANS: Match 53 [ '192.5' ]
🧪 HISTORY SPANS: Match 52 [ '274' ]
🧪 HISTORY SPANS: Match 51 [ '187' ]
🧪 HISTORY SPANS: Match 50 [ '301' ]
🧪 HISTORY SPANS: Match 49 [ '659' ]
🧪 HISTORY SPANS: Match 48 [ '295' ]
🧪 HISTORY SPANS: Match 47 [ '293' ]
🧪 HISTORY SPANS: Match 46 [ '253' ]
🧪 HISTORY SPANS: Match 45 [ '135' ]
🧪 HISTORY SPANS: Match 44 [ '263.5' ]
🧪 HISTORY SPANS: Match 43 [ '247.5' ]
🧪 HISTORY SPANS: Match 42 [ '324.5' ]
🧪 HISTORY SPANS: Match 41 [ '320.5' ]
🧪 HISTORY SPANS: Match 40 [ '339' ]
🧪 HISTORY SPANS: Match 39 [ '88.5' ]
🧪 HISTORY SPANS: Match 38 [ '146.5' ]
🧪 HISTORY SPANS: Match 37 [ '259' ]
🧪 HISTORY SPANS: Match 36 [ '511' ]
🧪 HISTORY SPANS: Match 35 [ '649' ]
🧪 HISTORY SPANS: Match 34 [ '242' ]
🧪 HISTORY SPANS: Match 33 [ '148' ]
🧪 HISTORY SPANS: Match 32 [ '159' ]
🧪 HISTORY SPANS: Match 31 [ '283' ]
🧪 HISTORY SPANS: Match 30 [ '135' ]
🧪 HISTORY SPANS: Match 29 [ '159' ]
🧪 HISTORY SPANS: Match 28 [ '232.5' ]
🧪 HISTORY SPANS: Match 27 [ '158.5' ]
🧪 HISTORY SPANS: Match 26 [ '93' ]
🧪 HISTORY SPANS: Match 25 [ '271.5' ]
🧪 HISTORY SPANS: Match 24 [ '244.5' ]
🧪 HISTORY SPANS: Match 23 [ '218' ]
🧪 HISTORY SPANS: Match 22 [ '305' ]
🧪 HISTORY SPANS: Match 21 [ '322.5' ]
🧪 HISTORY SPANS: Match 20 [ '212.5' ]
🧪 HISTORY SPANS: Match 19 [ '282.5' ]
🧪 HISTORY SPANS: Match 18 [ '332' ]
🧪 HISTORY SPANS: Match 17 [ '109' ]
🧪 HISTORY SPANS: Match 16 [ '352.5' ]
🧪 HISTORY SPANS: Match 15 [ '168' ]
🧪 HISTORY SPANS: Match 14 [ '198.5' ]
🧪 HISTORY SPANS: Match 13 [ '241' ]
🧪 HISTORY SPANS: Match 12 [ '65' ]
🧪 HISTORY SPANS: Match 11 [ '302.5' ]
🧪 HISTORY SPANS: Match 10 [ '238.5' ]
🧪 HISTORY SPANS: Match 9 [ '307' ]
🧪 HISTORY SPANS: Match 8 [ '257.5' ]
🧪 HISTORY SPANS: Match 7 [ '307' ]
🧪 HISTORY SPANS: Match 6 [ '141' ]
🧪 HISTORY SPANS: Match 5 [ '108.5' ]
🧪 HISTORY SPANS: Match 4 [ '196.5' ]
🧪 HISTORY SPANS: Match 3 [ '165.5' ]
🧪 HISTORY SPANS: Match 2 [ '337.5' ]
🧪 HISTORY SPANS: Match 1 [ '535' ]
✅ Watapi → 67 matches

👉 PKs11
🧪 HISTORY SPANS: Match 67 [ '1,193' ]
🧪 HISTORY SPANS: Match 66 [ '856' ]
🧪 HISTORY SPANS: Match 65 [ '131' ]
🧪 HISTORY SPANS: Match 64 [ '2' ]
🧪 HISTORY SPANS: Match 63 [ '0' ]
🧪 HISTORY SPANS: Match 62 [ '0' ]
🧪 HISTORY SPANS: Match 61 [ '147.5' ]
🧪 HISTORY SPANS: Match 60 [ '124' ]
🧪 HISTORY SPANS: Match 59 [ '-2' ]
🧪 HISTORY SPANS: Match 58 [ '350.5' ]
🧪 HISTORY SPANS: Match 57 [ '460.5' ]
🧪 HISTORY SPANS: Match 56 [ '341' ]
🧪 HISTORY SPANS: Match 55 [ '221' ]
🧪 HISTORY SPANS: Match 54 [ '112' ]
🧪 HISTORY SPANS: Match 53 [ '102.5' ]
🧪 HISTORY SPANS: Match 52 [ '434.5' ]
🧪 HISTORY SPANS: Match 51 [ '162.5' ]
🧪 HISTORY SPANS: Match 50 [ '387' ]
🧪 HISTORY SPANS: Match 49 [ '210.5' ]
🧪 HISTORY SPANS: Match 48 [ '144' ]
🧪 HISTORY SPANS: Match 47 [ '827' ]
🧪 HISTORY SPANS: Match 46 [ '259' ]
🧪 HISTORY SPANS: Match 45 [ '181' ]
🧪 HISTORY SPANS: Match 44 [ '224' ]
🧪 HISTORY SPANS: Match 43 [ '197.5' ]
🧪 HISTORY SPANS: Match 42 [ '313.5' ]
🧪 HISTORY SPANS: Match 41 [ '497.5' ]
🧪 HISTORY SPANS: Match 40 [ '100' ]
🧪 HISTORY SPANS: Match 39 [ '152.5' ]
🧪 HISTORY SPANS: Match 38 [ '131' ]
🧪 HISTORY SPANS: Match 37 [ '524' ]
🧪 HISTORY SPANS: Match 36 [ '326.5' ]
🧪 HISTORY SPANS: Match 35 [ '455' ]
🧪 HISTORY SPANS: Match 34 [ '322' ]
🧪 HISTORY SPANS: Match 33 [ '308.5' ]
🧪 HISTORY SPANS: Match 32 [ '303' ]
🧪 HISTORY SPANS: Match 31 [ '322' ]
🧪 HISTORY SPANS: Match 30 [ '75.5' ]
🧪 HISTORY SPANS: Match 29 [ '402.5' ]
🧪 HISTORY SPANS: Match 28 [ '280.5' ]
🧪 HISTORY SPANS: Match 27 [ '245.5' ]
🧪 HISTORY SPANS: Match 26 [ '325' ]
🧪 HISTORY SPANS: Match 25 [ '275' ]
🧪 HISTORY SPANS: Match 24 [ '169.5' ]
🧪 HISTORY SPANS: Match 23 [ '297.5' ]
🧪 HISTORY SPANS: Match 22 [ '115' ]
🧪 HISTORY SPANS: Match 21 [ '46' ]
🧪 HISTORY SPANS: Match 20 [ '226.5' ]
🧪 HISTORY SPANS: Match 19 [ '155.5' ]
🧪 HISTORY SPANS: Match 18 [ '101.5' ]
🧪 HISTORY SPANS: Match 17 [ '188' ]
🧪 HISTORY SPANS: Match 16 [ '135.5' ]
🧪 HISTORY SPANS: Match 15 [ '217.5' ]
🧪 HISTORY SPANS: Match 14 [ '82' ]
🧪 HISTORY SPANS: Match 13 [ '265.5' ]
🧪 HISTORY SPANS: Match 12 [ '35.5' ]
🧪 HISTORY SPANS: Match 11 [ '146' ]
🧪 HISTORY SPANS: Match 10 [ '240' ]
🧪 HISTORY SPANS: Match 9 [ '471.5' ]
🧪 HISTORY SPANS: Match 8 [ '99.5' ]
🧪 HISTORY SPANS: Match 7 [ '197' ]
🧪 HISTORY SPANS: Match 6 [ '331' ]
🧪 HISTORY SPANS: Match 5 [ '47' ]
🧪 HISTORY SPANS: Match 4 [ '169' ]
🧪 HISTORY SPANS: Match 3 [ '241.5' ]
🧪 HISTORY SPANS: Match 2 [ '415.5' ]
🧪 HISTORY SPANS: Match 1 [ '530.5' ]
✅ PKs11 → 67 matches

👉 Bat Bowl XI
🧪 HISTORY SPANS: Match 67 [ '704.5' ]
🧪 HISTORY SPANS: Match 66 [ '788' ]
🧪 HISTORY SPANS: Match 65 [ '567' ]
🧪 HISTORY SPANS: Match 64 [ '1,128' ]
🧪 HISTORY SPANS: Match 63 [ '594' ]
🧪 HISTORY SPANS: Match 62 [ '1,076' ]
🧪 HISTORY SPANS: Match 61 [ '485' ]
🧪 HISTORY SPANS: Match 60 [ '744' ]
🧪 HISTORY SPANS: Match 59 [ '0' ]
🧪 HISTORY SPANS: Match 58 [ '409' ]
🧪 HISTORY SPANS: Match 57 [ '493.5' ]
🧪 HISTORY SPANS: Match 56 [ '418' ]
🧪 HISTORY SPANS: Match 55 [ '86' ]
🧪 HISTORY SPANS: Match 54 [ '303.5' ]
🧪 HISTORY SPANS: Match 53 [ '75' ]
🧪 HISTORY SPANS: Match 52 [ '363.5' ]
🧪 HISTORY SPANS: Match 51 [ '274.5' ]
🧪 HISTORY SPANS: Match 50 [ '384' ]
🧪 HISTORY SPANS: Match 49 [ '261' ]
🧪 HISTORY SPANS: Match 48 [ '315' ]
🧪 HISTORY SPANS: Match 47 [ '0' ]
🧪 HISTORY SPANS: Match 46 [ '132.5' ]
🧪 HISTORY SPANS: Match 45 [ '60' ]
🧪 HISTORY SPANS: Match 44 [ '57' ]
🧪 HISTORY SPANS: Match 43 [ '220' ]
🧪 HISTORY SPANS: Match 42 [ '296' ]
🧪 HISTORY SPANS: Match 41 [ '84' ]
🧪 HISTORY SPANS: Match 40 [ '203' ]
🧪 HISTORY SPANS: Match 39 [ '86.5' ]
🧪 HISTORY SPANS: Match 38 [ '0' ]
🧪 HISTORY SPANS: Match 37 [ '125' ]
🧪 HISTORY SPANS: Match 36 [ '279' ]
🧪 HISTORY SPANS: Match 35 [ '246' ]
🧪 HISTORY SPANS: Match 34 [ '85' ]
🧪 HISTORY SPANS: Match 33 [ '136.5' ]
🧪 HISTORY SPANS: Match 32 [ '130' ]
🧪 HISTORY SPANS: Match 31 [ '175.5' ]
🧪 HISTORY SPANS: Match 30 [ '184' ]
🧪 HISTORY SPANS: Match 29 [ '103' ]
🧪 HISTORY SPANS: Match 28 [ '105' ]
🧪 HISTORY SPANS: Match 27 [ '58.5' ]
🧪 HISTORY SPANS: Match 26 [ '16' ]
🧪 HISTORY SPANS: Match 25 [ '53' ]
🧪 HISTORY SPANS: Match 24 [ '460' ]
🧪 HISTORY SPANS: Match 23 [ '111' ]
🧪 HISTORY SPANS: Match 22 [ '104' ]
🧪 HISTORY SPANS: Match 21 [ '206' ]
🧪 HISTORY SPANS: Match 20 [ '246' ]
🧪 HISTORY SPANS: Match 19 [ '12' ]
🧪 HISTORY SPANS: Match 18 [ '40' ]
🧪 HISTORY SPANS: Match 17 [ '314' ]
🧪 HISTORY SPANS: Match 16 [ '124' ]
🧪 HISTORY SPANS: Match 15 [ '78' ]
🧪 HISTORY SPANS: Match 14 [ '149.5' ]
🧪 HISTORY SPANS: Match 13 [ '114' ]
🧪 HISTORY SPANS: Match 12 [ '41.5' ]
🧪 HISTORY SPANS: Match 11 [ '75.5' ]
🧪 HISTORY SPANS: Match 10 [ '76' ]
🧪 HISTORY SPANS: Match 9 [ '277' ]
🧪 HISTORY SPANS: Match 8 [ '10' ]
🧪 HISTORY SPANS: Match 7 [ '239' ]
🧪 HISTORY SPANS: Match 6 [ '175' ]
🧪 HISTORY SPANS: Match 5 [ '0' ]
🧪 HISTORY SPANS: Match 4 [ '242.5' ]
🧪 HISTORY SPANS: Match 3 [ '140.5' ]
🧪 HISTORY SPANS: Match 2 [ '374.5' ]
🧪 HISTORY SPANS: Match 1 [ '343' ]
✅ Bat Bowl XI → 67 matches

👉 RushS01
🧪 HISTORY SPANS: Match 67 [ '352' ]
🧪 HISTORY SPANS: Match 66 [ '0' ]
🧪 HISTORY SPANS: Match 65 [ '127.5' ]
🧪 HISTORY SPANS: Match 64 [ '0' ]
🧪 HISTORY SPANS: Match 63 [ '146' ]
🧪 HISTORY SPANS: Match 62 [ '0' ]
🧪 HISTORY SPANS: Match 61 [ '58' ]
🧪 HISTORY SPANS: Match 60 [ '0' ]
🧪 HISTORY SPANS: Match 59 [ '0' ]
🧪 HISTORY SPANS: Match 58 [ '72' ]
🧪 HISTORY SPANS: Match 57 [ '54' ]
🧪 HISTORY SPANS: Match 56 [ '54' ]
🧪 HISTORY SPANS: Match 55 [ '0' ]
🧪 HISTORY SPANS: Match 54 [ '355' ]
🧪 HISTORY SPANS: Match 53 [ '0' ]
🧪 HISTORY SPANS: Match 52 [ '0' ]
🧪 HISTORY SPANS: Match 51 [ '0' ]
🧪 HISTORY SPANS: Match 50 [ '183' ]
🧪 HISTORY SPANS: Match 49 [ '219' ]
🧪 HISTORY SPANS: Match 48 [ '0' ]
🧪 HISTORY SPANS: Match 47 [ '270' ]
🧪 HISTORY SPANS: Match 46 [ '0' ]
🧪 HISTORY SPANS: Match 45 [ '51' ]
🧪 HISTORY SPANS: Match 44 [ '82.5' ]
🧪 HISTORY SPANS: Match 43 [ '0' ]
🧪 HISTORY SPANS: Match 42 [ '144' ]
🧪 HISTORY SPANS: Match 41 [ '205' ]
🧪 HISTORY SPANS: Match 40 [ '0' ]
🧪 HISTORY SPANS: Match 39 [ '144' ]
🧪 HISTORY SPANS: Match 38 [ '0' ]
🧪 HISTORY SPANS: Match 37 [ '0' ]
🧪 HISTORY SPANS: Match 36 [ '197' ]
🧪 HISTORY SPANS: Match 35 [ '0' ]
🧪 HISTORY SPANS: Match 34 [ '75' ]
🧪 HISTORY SPANS: Match 33 [ '107.5' ]
🧪 HISTORY SPANS: Match 32 [ '0' ]
🧪 HISTORY SPANS: Match 31 [ '186' ]
🧪 HISTORY SPANS: Match 30 [ '75.5' ]
🧪 HISTORY SPANS: Match 29 [ '0' ]
🧪 HISTORY SPANS: Match 28 [ '0' ]
🧪 HISTORY SPANS: Match 27 [ '260' ]
🧪 HISTORY SPANS: Match 26 [ '155' ]
🧪 HISTORY SPANS: Match 25 [ '0' ]
🧪 HISTORY SPANS: Match 24 [ '5' ]
🧪 HISTORY SPANS: Match 23 [ '207' ]
🧪 HISTORY SPANS: Match 22 [ '0' ]
🧪 HISTORY SPANS: Match 21 [ '175' ]
🧪 HISTORY SPANS: Match 20 [ '289' ]
🧪 HISTORY SPANS: Match 19 [ '0' ]
🧪 HISTORY SPANS: Match 18 [ '0' ]
🧪 HISTORY SPANS: Match 17 [ '66' ]
🧪 HISTORY SPANS: Match 16 [ '168' ]
🧪 HISTORY SPANS: Match 15 [ '0' ]
🧪 HISTORY SPANS: Match 14 [ '0' ]
🧪 HISTORY SPANS: Match 13 [ '42' ]
🧪 HISTORY SPANS: Match 12 [ '0' ]
🧪 HISTORY SPANS: Match 11 [ '268' ]
🧪 HISTORY SPANS: Match 10 [ '209' ]
🧪 HISTORY SPANS: Match 9 [ '0' ]
🧪 HISTORY SPANS: Match 8 [ '206' ]
🧪 HISTORY SPANS: Match 7 [ '0' ]
🧪 HISTORY SPANS: Match 6 [ '259' ]
🧪 HISTORY SPANS: Match 5 [ '0' ]
🧪 HISTORY SPANS: Match 4 [ '0' ]
🧪 HISTORY SPANS: Match 3 [ '0' ]
🧪 HISTORY SPANS: Match 2 [ '257' ]
🧪 HISTORY SPANS: Match 1 [ '667' ]
✅ RushS01 → 67 matches

📦 Done: 8
📡 History status: 200
📨 Response: {"success":true}
✅ History saved
📊 Starting per-match history scrape...
📊 Teams found: 8

👉 SquadSeven9
🧪 HISTORY SPANS: Match 68 [ '500.5' ]
🧪 HISTORY SPANS: Match 67 [ '476.5' ]
🧪 HISTORY SPANS: Match 66 [ '529' ]
🧪 HISTORY SPANS: Match 65 [ '136' ]
🧪 HISTORY SPANS: Match 64 [ '1,160' ]
🧪 HISTORY SPANS: Match 63 [ '305.5' ]
🧪 HISTORY SPANS: Match 62 [ '0' ]
🧪 HISTORY SPANS: Match 61 [ '1,182' ]
🧪 HISTORY SPANS: Match 60 [ '333' ]
🧪 HISTORY SPANS: Match 59 [ '316.5' ]
🧪 HISTORY SPANS: Match 58 [ '208.5' ]
🧪 HISTORY SPANS: Match 57 [ '321.5' ]
🧪 HISTORY SPANS: Match 56 [ '228' ]
🧪 HISTORY SPANS: Match 55 [ '322.5' ]
🧪 HISTORY SPANS: Match 54 [ '121.5' ]
🧪 HISTORY SPANS: Match 53 [ '210' ]
🧪 HISTORY SPANS: Match 52 [ '305.5' ]
🧪 HISTORY SPANS: Match 51 [ '104' ]
🧪 HISTORY SPANS: Match 50 [ '406' ]
🧪 HISTORY SPANS: Match 49 [ '921' ]
🧪 HISTORY SPANS: Match 48 [ '231.5' ]
🧪 HISTORY SPANS: Match 47 [ '456.5' ]
🧪 HISTORY SPANS: Match 46 [ '233.5' ]
🧪 HISTORY SPANS: Match 45 [ '218' ]
🧪 HISTORY SPANS: Match 44 [ '179.5' ]
🧪 HISTORY SPANS: Match 43 [ '191.5' ]
🧪 HISTORY SPANS: Match 42 [ '258.5' ]
🧪 HISTORY SPANS: Match 41 [ '183.5' ]
🧪 HISTORY SPANS: Match 40 [ '414' ]
🧪 HISTORY SPANS: Match 39 [ '83.5' ]
🧪 HISTORY SPANS: Match 38 [ '29' ]
🧪 HISTORY SPANS: Match 37 [ '347' ]
🧪 HISTORY SPANS: Match 36 [ '283' ]
🧪 HISTORY SPANS: Match 35 [ '766.5' ]
🧪 HISTORY SPANS: Match 34 [ '596' ]
🧪 HISTORY SPANS: Match 33 [ '316.5' ]
🧪 HISTORY SPANS: Match 32 [ '119' ]
🧪 HISTORY SPANS: Match 31 [ '186.5' ]
🧪 HISTORY SPANS: Match 30 [ '78' ]
🧪 HISTORY SPANS: Match 29 [ '309' ]
🧪 HISTORY SPANS: Match 28 [ '241.5' ]
🧪 HISTORY SPANS: Match 27 [ '280.5' ]
🧪 HISTORY SPANS: Match 26 [ '239' ]
🧪 HISTORY SPANS: Match 25 [ '410.5' ]
🧪 HISTORY SPANS: Match 24 [ '399.5' ]
🧪 HISTORY SPANS: Match 23 [ '235' ]
🧪 HISTORY SPANS: Match 22 [ '161' ]
🧪 HISTORY SPANS: Match 21 [ '263.5' ]
🧪 HISTORY SPANS: Match 20 [ '264' ]
🧪 HISTORY SPANS: Match 19 [ '327' ]
🧪 HISTORY SPANS: Match 18 [ '401' ]
🧪 HISTORY SPANS: Match 17 [ '263' ]
🧪 HISTORY SPANS: Match 16 [ '150' ]
🧪 HISTORY SPANS: Match 15 [ '249' ]
🧪 HISTORY SPANS: Match 14 [ '170.5' ]
🧪 HISTORY SPANS: Match 13 [ '242' ]
🧪 HISTORY SPANS: Match 12 [ '42.5' ]
🧪 HISTORY SPANS: Match 11 [ '179.5' ]
🧪 HISTORY SPANS: Match 10 [ '78' ]
🧪 HISTORY SPANS: Match 9 [ '349' ]
🧪 HISTORY SPANS: Match 8 [ '148.5' ]
🧪 HISTORY SPANS: Match 7 [ '266' ]
🧪 HISTORY SPANS: Match 6 [ '217' ]
🧪 HISTORY SPANS: Match 5 [ '208' ]
🧪 HISTORY SPANS: Match 4 [ '252.5' ]
🧪 HISTORY SPANS: Match 3 [ '155' ]
🧪 HISTORY SPANS: Match 2 [ '297' ]
🧪 HISTORY SPANS: Match 1 [ '295' ]
✅ SquadSeven9 → 68 matches

👉 Deccan Dominators
🧪 HISTORY SPANS: Match 68 [ '171' ]
🧪 HISTORY SPANS: Match 67 [ '459.5' ]
🧪 HISTORY SPANS: Match 66 [ '170' ]
🧪 HISTORY SPANS: Match 65 [ '226' ]
🧪 HISTORY SPANS: Match 64 [ '480' ]
🧪 HISTORY SPANS: Match 63 [ '296' ]
🧪 HISTORY SPANS: Match 62 [ '489.5' ]
🧪 HISTORY SPANS: Match 61 [ '288' ]
🧪 HISTORY SPANS: Match 60 [ '625' ]
🧪 HISTORY SPANS: Match 59 [ '260.5' ]
🧪 HISTORY SPANS: Match 58 [ '381.5' ]
🧪 HISTORY SPANS: Match 57 [ '360.5' ]
🧪 HISTORY SPANS: Match 56 [ '264' ]
🧪 HISTORY SPANS: Match 55 [ '313.5' ]
🧪 HISTORY SPANS: Match 54 [ '98' ]
🧪 HISTORY SPANS: Match 53 [ '179.5' ]
🧪 HISTORY SPANS: Match 52 [ '1,065' ]
🧪 HISTORY SPANS: Match 51 [ '266' ]
🧪 HISTORY SPANS: Match 50 [ '461' ]
🧪 HISTORY SPANS: Match 49 [ '250.5' ]
🧪 HISTORY SPANS: Match 48 [ '269' ]
🧪 HISTORY SPANS: Match 47 [ '889' ]
🧪 HISTORY SPANS: Match 46 [ '210' ]
🧪 HISTORY SPANS: Match 45 [ '203' ]
🧪 HISTORY SPANS: Match 44 [ '102.5' ]
🧪 HISTORY SPANS: Match 43 [ '282.5' ]
🧪 HISTORY SPANS: Match 42 [ '249' ]
🧪 HISTORY SPANS: Match 41 [ '471.5' ]
🧪 HISTORY SPANS: Match 40 [ '345' ]
🧪 HISTORY SPANS: Match 39 [ '101' ]
🧪 HISTORY SPANS: Match 38 [ '101.5' ]
🧪 HISTORY SPANS: Match 37 [ '308.5' ]
🧪 HISTORY SPANS: Match 36 [ '461' ]
🧪 HISTORY SPANS: Match 35 [ '736.5' ]
🧪 HISTORY SPANS: Match 34 [ '214.5' ]
🧪 HISTORY SPANS: Match 33 [ '403.5' ]
🧪 HISTORY SPANS: Match 32 [ '157' ]
🧪 HISTORY SPANS: Match 31 [ '565' ]
🧪 HISTORY SPANS: Match 30 [ '540' ]
🧪 HISTORY SPANS: Match 29 [ '558.5' ]
🧪 HISTORY SPANS: Match 28 [ '334' ]
🧪 HISTORY SPANS: Match 27 [ '312.5' ]
🧪 HISTORY SPANS: Match 26 [ '273.5' ]
🧪 HISTORY SPANS: Match 25 [ '275' ]
🧪 HISTORY SPANS: Match 24 [ '95' ]
🧪 HISTORY SPANS: Match 23 [ '467' ]
🧪 HISTORY SPANS: Match 22 [ '159' ]
🧪 HISTORY SPANS: Match 21 [ '324.5' ]
🧪 HISTORY SPANS: Match 20 [ '368.5' ]
🧪 HISTORY SPANS: Match 19 [ '239' ]
🧪 HISTORY SPANS: Match 18 [ '360' ]
🧪 HISTORY SPANS: Match 17 [ '407' ]
🧪 HISTORY SPANS: Match 16 [ '442' ]
🧪 HISTORY SPANS: Match 15 [ '168' ]
🧪 HISTORY SPANS: Match 14 [ '268' ]
🧪 HISTORY SPANS: Match 13 [ '309.5' ]
🧪 HISTORY SPANS: Match 12 [ '65' ]
🧪 HISTORY SPANS: Match 11 [ '323.5' ]
🧪 HISTORY SPANS: Match 10 [ '225.5' ]
🧪 HISTORY SPANS: Match 9 [ '498' ]
🧪 HISTORY SPANS: Match 8 [ '107' ]
🧪 HISTORY SPANS: Match 7 [ '120' ]
🧪 HISTORY SPANS: Match 6 [ '472' ]
🧪 HISTORY SPANS: Match 5 [ '137.5' ]
🧪 HISTORY SPANS: Match 4 [ '120.5' ]
🧪 HISTORY SPANS: Match 3 [ '163.5' ]
🧪 HISTORY SPANS: Match 2 [ '229' ]
🧪 HISTORY SPANS: Match 1 [ '727' ]
✅ Deccan Dominators → 68 matches

👉 RSAwesome 11
🧪 HISTORY SPANS: Match 68 [ '613.5' ]
🧪 HISTORY SPANS: Match 67 [ '426.5' ]
🧪 HISTORY SPANS: Match 66 [ '803.5' ]
🧪 HISTORY SPANS: Match 65 [ '80.5' ]
🧪 HISTORY SPANS: Match 64 [ '921' ]
🧪 HISTORY SPANS: Match 63 [ '261' ]
🧪 HISTORY SPANS: Match 62 [ '234' ]
🧪 HISTORY SPANS: Match 61 [ '758' ]
🧪 HISTORY SPANS: Match 60 [ '486' ]
🧪 HISTORY SPANS: Match 59 [ '337.5' ]
🧪 HISTORY SPANS: Match 58 [ '749' ]
🧪 HISTORY SPANS: Match 57 [ '343.5' ]
🧪 HISTORY SPANS: Match 56 [ '185' ]
🧪 HISTORY SPANS: Match 55 [ '241.5' ]
🧪 HISTORY SPANS: Match 54 [ '298' ]
🧪 HISTORY SPANS: Match 53 [ '358' ]
🧪 HISTORY SPANS: Match 52 [ '379.5' ]
🧪 HISTORY SPANS: Match 51 [ '244.5' ]
🧪 HISTORY SPANS: Match 50 [ '174' ]
🧪 HISTORY SPANS: Match 49 [ '186.5' ]
🧪 HISTORY SPANS: Match 48 [ '287' ]
🧪 HISTORY SPANS: Match 47 [ '287' ]
🧪 HISTORY SPANS: Match 46 [ '73.5' ]
🧪 HISTORY SPANS: Match 45 [ '135' ]
🧪 HISTORY SPANS: Match 44 [ '276.5' ]
🧪 HISTORY SPANS: Match 43 [ '245.5' ]
🧪 HISTORY SPANS: Match 42 [ '344.5' ]
🧪 HISTORY SPANS: Match 41 [ '254' ]
🧪 HISTORY SPANS: Match 40 [ '367' ]
🧪 HISTORY SPANS: Match 39 [ '258.5' ]
🧪 HISTORY SPANS: Match 38 [ '51' ]
🧪 HISTORY SPANS: Match 37 [ '350.5' ]
🧪 HISTORY SPANS: Match 36 [ '465' ]
🧪 HISTORY SPANS: Match 35 [ '662' ]
🧪 HISTORY SPANS: Match 34 [ '452.5' ]
🧪 HISTORY SPANS: Match 33 [ '455.5' ]
🧪 HISTORY SPANS: Match 32 [ '290' ]
🧪 HISTORY SPANS: Match 31 [ '551' ]
🧪 HISTORY SPANS: Match 30 [ '127' ]
🧪 HISTORY SPANS: Match 29 [ '319' ]
🧪 HISTORY SPANS: Match 28 [ '78.5' ]
🧪 HISTORY SPANS: Match 27 [ '136' ]
🧪 HISTORY SPANS: Match 26 [ '192' ]
🧪 HISTORY SPANS: Match 25 [ '294' ]
🧪 HISTORY SPANS: Match 24 [ '258' ]
🧪 HISTORY SPANS: Match 23 [ '316' ]
🧪 HISTORY SPANS: Match 22 [ '232' ]
🧪 HISTORY SPANS: Match 21 [ '28.5' ]
🧪 HISTORY SPANS: Match 20 [ '328.5' ]
🧪 HISTORY SPANS: Match 19 [ '242' ]
🧪 HISTORY SPANS: Match 18 [ '172' ]
🧪 HISTORY SPANS: Match 17 [ '219' ]
🧪 HISTORY SPANS: Match 16 [ '322' ]
🧪 HISTORY SPANS: Match 15 [ '181.5' ]
🧪 HISTORY SPANS: Match 14 [ '130' ]
🧪 HISTORY SPANS: Match 13 [ '166' ]
🧪 HISTORY SPANS: Match 12 [ '32.5' ]
🧪 HISTORY SPANS: Match 11 [ '188' ]
🧪 HISTORY SPANS: Match 10 [ '65.5' ]
🧪 HISTORY SPANS: Match 9 [ '403' ]
🧪 HISTORY SPANS: Match 8 [ '159.5' ]
🧪 HISTORY SPANS: Match 7 [ '203.5' ]
🧪 HISTORY SPANS: Match 6 [ '317' ]
🧪 HISTORY SPANS: Match 5 [ '162.5' ]
🧪 HISTORY SPANS: Match 4 [ '174' ]
🧪 HISTORY SPANS: Match 3 [ '108' ]
🧪 HISTORY SPANS: Match 2 [ '376.5' ]
🧪 HISTORY SPANS: Match 1 [ '510' ]
✅ RSAwesome 11 → 68 matches

👉 VATVAGHOOL XI
🧪 HISTORY SPANS: Match 68 [ '247.5' ]
🧪 HISTORY SPANS: Match 67 [ '660.5' ]
🧪 HISTORY SPANS: Match 66 [ '478.5' ]
🧪 HISTORY SPANS: Match 65 [ '236' ]
🧪 HISTORY SPANS: Match 64 [ '749.5' ]
🧪 HISTORY SPANS: Match 63 [ '243.5' ]
🧪 HISTORY SPANS: Match 62 [ '427.5' ]
🧪 HISTORY SPANS: Match 61 [ '607' ]
🧪 HISTORY SPANS: Match 60 [ '308.5' ]
🧪 HISTORY SPANS: Match 59 [ '188' ]
🧪 HISTORY SPANS: Match 58 [ '328.5' ]
🧪 HISTORY SPANS: Match 57 [ '163' ]
🧪 HISTORY SPANS: Match 56 [ '642' ]
🧪 HISTORY SPANS: Match 55 [ '251.5' ]
🧪 HISTORY SPANS: Match 54 [ '163.5' ]
🧪 HISTORY SPANS: Match 53 [ '15' ]
🧪 HISTORY SPANS: Match 52 [ '316.5' ]
🧪 HISTORY SPANS: Match 51 [ '278.5' ]
🧪 HISTORY SPANS: Match 50 [ '167.5' ]
🧪 HISTORY SPANS: Match 49 [ '819' ]
🧪 HISTORY SPANS: Match 48 [ '393' ]
🧪 HISTORY SPANS: Match 47 [ '299' ]
🧪 HISTORY SPANS: Match 46 [ '327.5' ]
🧪 HISTORY SPANS: Match 45 [ '319' ]
🧪 HISTORY SPANS: Match 44 [ '175.5' ]
🧪 HISTORY SPANS: Match 43 [ '321.5' ]
🧪 HISTORY SPANS: Match 42 [ '260' ]
🧪 HISTORY SPANS: Match 41 [ '517.5' ]
🧪 HISTORY SPANS: Match 40 [ '368' ]
🧪 HISTORY SPANS: Match 39 [ '99' ]
🧪 HISTORY SPANS: Match 38 [ '185' ]
🧪 HISTORY SPANS: Match 37 [ '170.5' ]
🧪 HISTORY SPANS: Match 36 [ '507' ]
🧪 HISTORY SPANS: Match 35 [ '678' ]
🧪 HISTORY SPANS: Match 34 [ '113' ]
🧪 HISTORY SPANS: Match 33 [ '345.5' ]
🧪 HISTORY SPANS: Match 32 [ '135' ]
🧪 HISTORY SPANS: Match 31 [ '411' ]
🧪 HISTORY SPANS: Match 30 [ '73' ]
🧪 HISTORY SPANS: Match 29 [ '172.5' ]
🧪 HISTORY SPANS: Match 28 [ '248.5' ]
🧪 HISTORY SPANS: Match 27 [ '357.5' ]
🧪 HISTORY SPANS: Match 26 [ '408' ]
🧪 HISTORY SPANS: Match 25 [ '189.5' ]
🧪 HISTORY SPANS: Match 24 [ '167.5' ]
🧪 HISTORY SPANS: Match 23 [ '279' ]
🧪 HISTORY SPANS: Match 22 [ '255' ]
🧪 HISTORY SPANS: Match 21 [ '48.5' ]
🧪 HISTORY SPANS: Match 20 [ '161' ]
🧪 HISTORY SPANS: Match 19 [ '178' ]
🧪 HISTORY SPANS: Match 18 [ '572' ]
🧪 HISTORY SPANS: Match 17 [ '205.5' ]
🧪 HISTORY SPANS: Match 16 [ '319' ]
🧪 HISTORY SPANS: Match 15 [ '294.5' ]
🧪 HISTORY SPANS: Match 14 [ '-1' ]
🧪 HISTORY SPANS: Match 13 [ '226' ]
🧪 HISTORY SPANS: Match 12 [ '77' ]
🧪 HISTORY SPANS: Match 11 [ '107' ]
🧪 HISTORY SPANS: Match 10 [ '368.5' ]
🧪 HISTORY SPANS: Match 9 [ '182.5' ]
🧪 HISTORY SPANS: Match 8 [ '221.5' ]
🧪 HISTORY SPANS: Match 7 [ '240.5' ]
🧪 HISTORY SPANS: Match 6 [ '296' ]
🧪 HISTORY SPANS: Match 5 [ '67.5' ]
🧪 HISTORY SPANS: Match 4 [ '296' ]
🧪 HISTORY SPANS: Match 3 [ '149' ]
🧪 HISTORY SPANS: Match 2 [ '401.5' ]
🧪 HISTORY SPANS: Match 1 [ '386' ]
✅ VATVAGHOOL XI → 68 matches

👉 Watapi
🧪 HISTORY SPANS: Match 68 [ '621.5' ]
🧪 HISTORY SPANS: Match 67 [ '318.5' ]
🧪 HISTORY SPANS: Match 66 [ '510' ]
🧪 HISTORY SPANS: Match 65 [ '80' ]
🧪 HISTORY SPANS: Match 64 [ '583.5' ]
🧪 HISTORY SPANS: Match 63 [ '81' ]
🧪 HISTORY SPANS: Match 62 [ '0' ]
🧪 HISTORY SPANS: Match 61 [ '283.5' ]
🧪 HISTORY SPANS: Match 60 [ '658' ]
🧪 HISTORY SPANS: Match 59 [ '163' ]
🧪 HISTORY SPANS: Match 58 [ '540.5' ]
🧪 HISTORY SPANS: Match 57 [ '223.5' ]
🧪 HISTORY SPANS: Match 56 [ '855' ]
🧪 HISTORY SPANS: Match 55 [ '259' ]
🧪 HISTORY SPANS: Match 54 [ '172.5' ]
🧪 HISTORY SPANS: Match 53 [ '192.5' ]
🧪 HISTORY SPANS: Match 52 [ '274' ]
🧪 HISTORY SPANS: Match 51 [ '187' ]
🧪 HISTORY SPANS: Match 50 [ '301' ]
🧪 HISTORY SPANS: Match 49 [ '659' ]
🧪 HISTORY SPANS: Match 48 [ '295' ]
🧪 HISTORY SPANS: Match 47 [ '293' ]
🧪 HISTORY SPANS: Match 46 [ '253' ]
🧪 HISTORY SPANS: Match 45 [ '135' ]
🧪 HISTORY SPANS: Match 44 [ '263.5' ]
🧪 HISTORY SPANS: Match 43 [ '247.5' ]
🧪 HISTORY SPANS: Match 42 [ '324.5' ]
🧪 HISTORY SPANS: Match 41 [ '320.5' ]
🧪 HISTORY SPANS: Match 40 [ '339' ]
🧪 HISTORY SPANS: Match 39 [ '88.5' ]
🧪 HISTORY SPANS: Match 38 [ '146.5' ]
🧪 HISTORY SPANS: Match 37 [ '259' ]
🧪 HISTORY SPANS: Match 36 [ '511' ]
🧪 HISTORY SPANS: Match 35 [ '649' ]
🧪 HISTORY SPANS: Match 34 [ '242' ]
🧪 HISTORY SPANS: Match 33 [ '148' ]
🧪 HISTORY SPANS: Match 32 [ '159' ]
🧪 HISTORY SPANS: Match 31 [ '283' ]
🧪 HISTORY SPANS: Match 30 [ '135' ]
🧪 HISTORY SPANS: Match 29 [ '159' ]
🧪 HISTORY SPANS: Match 28 [ '232.5' ]
🧪 HISTORY SPANS: Match 27 [ '158.5' ]
🧪 HISTORY SPANS: Match 26 [ '93' ]
🧪 HISTORY SPANS: Match 25 [ '271.5' ]
🧪 HISTORY SPANS: Match 24 [ '244.5' ]
🧪 HISTORY SPANS: Match 23 [ '218' ]
🧪 HISTORY SPANS: Match 22 [ '305' ]
🧪 HISTORY SPANS: Match 21 [ '322.5' ]
🧪 HISTORY SPANS: Match 20 [ '212.5' ]
🧪 HISTORY SPANS: Match 19 [ '282.5' ]
🧪 HISTORY SPANS: Match 18 [ '332' ]
🧪 HISTORY SPANS: Match 17 [ '109' ]
🧪 HISTORY SPANS: Match 16 [ '352.5' ]
🧪 HISTORY SPANS: Match 15 [ '168' ]
🧪 HISTORY SPANS: Match 14 [ '198.5' ]
🧪 HISTORY SPANS: Match 13 [ '241' ]
🧪 HISTORY SPANS: Match 12 [ '65' ]
🧪 HISTORY SPANS: Match 11 [ '302.5' ]
🧪 HISTORY SPANS: Match 10 [ '238.5' ]
🧪 HISTORY SPANS: Match 9 [ '307' ]
🧪 HISTORY SPANS: Match 8 [ '257.5' ]
🧪 HISTORY SPANS: Match 7 [ '307' ]
🧪 HISTORY SPANS: Match 6 [ '141' ]
🧪 HISTORY SPANS: Match 5 [ '108.5' ]
🧪 HISTORY SPANS: Match 4 [ '196.5' ]
🧪 HISTORY SPANS: Match 3 [ '165.5' ]
🧪 HISTORY SPANS: Match 2 [ '337.5' ]
🧪 HISTORY SPANS: Match 1 [ '535' ]
✅ Watapi → 68 matches

👉 PKs11
🧪 HISTORY SPANS: Match 68 [ '670' ]
🧪 HISTORY SPANS: Match 67 [ '1,193' ]
🧪 HISTORY SPANS: Match 66 [ '856' ]
🧪 HISTORY SPANS: Match 65 [ '131' ]
🧪 HISTORY SPANS: Match 64 [ '2' ]
🧪 HISTORY SPANS: Match 63 [ '0' ]
🧪 HISTORY SPANS: Match 62 [ '0' ]
🧪 HISTORY SPANS: Match 61 [ '147.5' ]
🧪 HISTORY SPANS: Match 60 [ '124' ]
🧪 HISTORY SPANS: Match 59 [ '-2' ]
🧪 HISTORY SPANS: Match 58 [ '350.5' ]
🧪 HISTORY SPANS: Match 57 [ '460.5' ]
🧪 HISTORY SPANS: Match 56 [ '341' ]
🧪 HISTORY SPANS: Match 55 [ '221' ]
🧪 HISTORY SPANS: Match 54 [ '112' ]
🧪 HISTORY SPANS: Match 53 [ '102.5' ]
🧪 HISTORY SPANS: Match 52 [ '434.5' ]
🧪 HISTORY SPANS: Match 51 [ '162.5' ]
🧪 HISTORY SPANS: Match 50 [ '387' ]
🧪 HISTORY SPANS: Match 49 [ '210.5' ]
🧪 HISTORY SPANS: Match 48 [ '144' ]
🧪 HISTORY SPANS: Match 47 [ '827' ]
🧪 HISTORY SPANS: Match 46 [ '259' ]
🧪 HISTORY SPANS: Match 45 [ '181' ]
🧪 HISTORY SPANS: Match 44 [ '224' ]
🧪 HISTORY SPANS: Match 43 [ '197.5' ]
🧪 HISTORY SPANS: Match 42 [ '313.5' ]
🧪 HISTORY SPANS: Match 41 [ '497.5' ]
🧪 HISTORY SPANS: Match 40 [ '100' ]
🧪 HISTORY SPANS: Match 39 [ '152.5' ]
🧪 HISTORY SPANS: Match 38 [ '131' ]
🧪 HISTORY SPANS: Match 37 [ '524' ]
🧪 HISTORY SPANS: Match 36 [ '326.5' ]
🧪 HISTORY SPANS: Match 35 [ '455' ]
🧪 HISTORY SPANS: Match 34 [ '322' ]
🧪 HISTORY SPANS: Match 33 [ '308.5' ]
🧪 HISTORY SPANS: Match 32 [ '303' ]
🧪 HISTORY SPANS: Match 31 [ '322' ]
🧪 HISTORY SPANS: Match 30 [ '75.5' ]
🧪 HISTORY SPANS: Match 29 [ '402.5' ]
🧪 HISTORY SPANS: Match 28 [ '280.5' ]
🧪 HISTORY SPANS: Match 27 [ '245.5' ]
🧪 HISTORY SPANS: Match 26 [ '325' ]
🧪 HISTORY SPANS: Match 25 [ '275' ]
🧪 HISTORY SPANS: Match 24 [ '169.5' ]
🧪 HISTORY SPANS: Match 23 [ '297.5' ]
🧪 HISTORY SPANS: Match 22 [ '115' ]
🧪 HISTORY SPANS: Match 21 [ '46' ]
🧪 HISTORY SPANS: Match 20 [ '226.5' ]
🧪 HISTORY SPANS: Match 19 [ '155.5' ]
🧪 HISTORY SPANS: Match 18 [ '101.5' ]
🧪 HISTORY SPANS: Match 17 [ '188' ]
🧪 HISTORY SPANS: Match 16 [ '135.5' ]
🧪 HISTORY SPANS: Match 15 [ '217.5' ]
🧪 HISTORY SPANS: Match 14 [ '82' ]
🧪 HISTORY SPANS: Match 13 [ '265.5' ]
🧪 HISTORY SPANS: Match 12 [ '35.5' ]
🧪 HISTORY SPANS: Match 11 [ '146' ]
🧪 HISTORY SPANS: Match 10 [ '240' ]
🧪 HISTORY SPANS: Match 9 [ '471.5' ]
🧪 HISTORY SPANS: Match 8 [ '99.5' ]
🧪 HISTORY SPANS: Match 7 [ '197' ]
🧪 HISTORY SPANS: Match 6 [ '331' ]
🧪 HISTORY SPANS: Match 5 [ '47' ]
🧪 HISTORY SPANS: Match 4 [ '169' ]
🧪 HISTORY SPANS: Match 3 [ '241.5' ]
🧪 HISTORY SPANS: Match 2 [ '415.5' ]
🧪 HISTORY SPANS: Match 1 [ '530.5' ]
✅ PKs11 → 68 matches

👉 Bat Bowl XI
🧪 HISTORY SPANS: Match 68 [ '777.5' ]
🧪 HISTORY SPANS: Match 67 [ '704.5' ]
🧪 HISTORY SPANS: Match 66 [ '788' ]
🧪 HISTORY SPANS: Match 65 [ '567' ]
🧪 HISTORY SPANS: Match 64 [ '1,128' ]
🧪 HISTORY SPANS: Match 63 [ '594' ]
🧪 HISTORY SPANS: Match 62 [ '1,076' ]
🧪 HISTORY SPANS: Match 61 [ '485' ]
🧪 HISTORY SPANS: Match 60 [ '744' ]
🧪 HISTORY SPANS: Match 59 [ '0' ]
🧪 HISTORY SPANS: Match 58 [ '409' ]
🧪 HISTORY SPANS: Match 57 [ '493.5' ]
🧪 HISTORY SPANS: Match 56 [ '418' ]
🧪 HISTORY SPANS: Match 55 [ '86' ]
🧪 HISTORY SPANS: Match 54 [ '303.5' ]
🧪 HISTORY SPANS: Match 53 [ '75' ]
🧪 HISTORY SPANS: Match 52 [ '363.5' ]
🧪 HISTORY SPANS: Match 51 [ '274.5' ]
🧪 HISTORY SPANS: Match 50 [ '384' ]
🧪 HISTORY SPANS: Match 49 [ '261' ]
🧪 HISTORY SPANS: Match 48 [ '315' ]
🧪 HISTORY SPANS: Match 47 [ '0' ]
🧪 HISTORY SPANS: Match 46 [ '132.5' ]
🧪 HISTORY SPANS: Match 45 [ '60' ]
🧪 HISTORY SPANS: Match 44 [ '57' ]
🧪 HISTORY SPANS: Match 43 [ '220' ]
🧪 HISTORY SPANS: Match 42 [ '296' ]
🧪 HISTORY SPANS: Match 41 [ '84' ]
🧪 HISTORY SPANS: Match 40 [ '203' ]
🧪 HISTORY SPANS: Match 39 [ '86.5' ]
🧪 HISTORY SPANS: Match 38 [ '0' ]
🧪 HISTORY SPANS: Match 37 [ '125' ]
🧪 HISTORY SPANS: Match 36 [ '279' ]
🧪 HISTORY SPANS: Match 35 [ '246' ]
🧪 HISTORY SPANS: Match 34 [ '85' ]
🧪 HISTORY SPANS: Match 33 [ '136.5' ]
🧪 HISTORY SPANS: Match 32 [ '130' ]
🧪 HISTORY SPANS: Match 31 [ '175.5' ]
🧪 HISTORY SPANS: Match 30 [ '184' ]
🧪 HISTORY SPANS: Match 29 [ '103' ]
🧪 HISTORY SPANS: Match 28 [ '105' ]
🧪 HISTORY SPANS: Match 27 [ '58.5' ]
🧪 HISTORY SPANS: Match 26 [ '16' ]
🧪 HISTORY SPANS: Match 25 [ '53' ]
🧪 HISTORY SPANS: Match 24 [ '460' ]
🧪 HISTORY SPANS: Match 23 [ '111' ]
🧪 HISTORY SPANS: Match 22 [ '104' ]
🧪 HISTORY SPANS: Match 21 [ '206' ]
🧪 HISTORY SPANS: Match 20 [ '246' ]
🧪 HISTORY SPANS: Match 19 [ '12' ]
🧪 HISTORY SPANS: Match 18 [ '40' ]
🧪 HISTORY SPANS: Match 17 [ '314' ]
🧪 HISTORY SPANS: Match 16 [ '124' ]
🧪 HISTORY SPANS: Match 15 [ '78' ]
🧪 HISTORY SPANS: Match 14 [ '149.5' ]
🧪 HISTORY SPANS: Match 13 [ '114' ]
🧪 HISTORY SPANS: Match 12 [ '41.5' ]
🧪 HISTORY SPANS: Match 11 [ '75.5' ]
🧪 HISTORY SPANS: Match 10 [ '76' ]
🧪 HISTORY SPANS: Match 9 [ '277' ]
🧪 HISTORY SPANS: Match 8 [ '10' ]
🧪 HISTORY SPANS: Match 7 [ '239' ]
🧪 HISTORY SPANS: Match 6 [ '175' ]
🧪 HISTORY SPANS: Match 5 [ '0' ]
🧪 HISTORY SPANS: Match 4 [ '242.5' ]
🧪 HISTORY SPANS: Match 3 [ '140.5' ]
🧪 HISTORY SPANS: Match 2 [ '374.5' ]
🧪 HISTORY SPANS: Match 1 [ '343' ]
✅ Bat Bowl XI → 68 matches

👉 RushS01
🧪 HISTORY SPANS: Match 68 [ '0' ]
🧪 HISTORY SPANS: Match 67 [ '352' ]
🧪 HISTORY SPANS: Match 66 [ '0' ]
🧪 HISTORY SPANS: Match 65 [ '127.5' ]
🧪 HISTORY SPANS: Match 64 [ '0' ]
🧪 HISTORY SPANS: Match 63 [ '146' ]
🧪 HISTORY SPANS: Match 62 [ '0' ]
🧪 HISTORY SPANS: Match 61 [ '58' ]
🧪 HISTORY SPANS: Match 60 [ '0' ]
🧪 HISTORY SPANS: Match 59 [ '0' ]
🧪 HISTORY SPANS: Match 58 [ '72' ]
🧪 HISTORY SPANS: Match 57 [ '54' ]
🧪 HISTORY SPANS: Match 56 [ '54' ]
🧪 HISTORY SPANS: Match 55 [ '0' ]
🧪 HISTORY SPANS: Match 54 [ '355' ]
🧪 HISTORY SPANS: Match 53 [ '0' ]
🧪 HISTORY SPANS: Match 52 [ '0' ]
🧪 HISTORY SPANS: Match 51 [ '0' ]
🧪 HISTORY SPANS: Match 50 [ '183' ]
🧪 HISTORY SPANS: Match 49 [ '219' ]
🧪 HISTORY SPANS: Match 48 [ '0' ]
🧪 HISTORY SPANS: Match 47 [ '270' ]
🧪 HISTORY SPANS: Match 46 [ '0' ]
🧪 HISTORY SPANS: Match 45 [ '51' ]
🧪 HISTORY SPANS: Match 44 [ '82.5' ]
🧪 HISTORY SPANS: Match 43 [ '0' ]
🧪 HISTORY SPANS: Match 42 [ '144' ]
🧪 HISTORY SPANS: Match 41 [ '205' ]
🧪 HISTORY SPANS: Match 40 [ '0' ]
🧪 HISTORY SPANS: Match 39 [ '144' ]
🧪 HISTORY SPANS: Match 38 [ '0' ]
🧪 HISTORY SPANS: Match 37 [ '0' ]
🧪 HISTORY SPANS: Match 36 [ '197' ]
🧪 HISTORY SPANS: Match 35 [ '0' ]
🧪 HISTORY SPANS: Match 34 [ '75' ]
🧪 HISTORY SPANS: Match 33 [ '107.5' ]
🧪 HISTORY SPANS: Match 32 [ '0' ]
🧪 HISTORY SPANS: Match 31 [ '186' ]
🧪 HISTORY SPANS: Match 30 [ '75.5' ]
🧪 HISTORY SPANS: Match 29 [ '0' ]
🧪 HISTORY SPANS: Match 28 [ '0' ]
🧪 HISTORY SPANS: Match 27 [ '260' ]
🧪 HISTORY SPANS: Match 26 [ '155' ]
🧪 HISTORY SPANS: Match 25 [ '0' ]
🧪 HISTORY SPANS: Match 24 [ '5' ]
🧪 HISTORY SPANS: Match 23 [ '207' ]
🧪 HISTORY SPANS: Match 22 [ '0' ]
🧪 HISTORY SPANS: Match 21 [ '175' ]
🧪 HISTORY SPANS: Match 20 [ '289' ]
🧪 HISTORY SPANS: Match 19 [ '0' ]
🧪 HISTORY SPANS: Match 18 [ '0' ]
🧪 HISTORY SPANS: Match 17 [ '66' ]
🧪 HISTORY SPANS: Match 16 [ '168' ]
🧪 HISTORY SPANS: Match 15 [ '0' ]
🧪 HISTORY SPANS: Match 14 [ '0' ]
🧪 HISTORY SPANS: Match 13 [ '42' ]
🧪 HISTORY SPANS: Match 12 [ '0' ]
🧪 HISTORY SPANS: Match 11 [ '268' ]
🧪 HISTORY SPANS: Match 10 [ '209' ]
🧪 HISTORY SPANS: Match 9 [ '0' ]
🧪 HISTORY SPANS: Match 8 [ '206' ]
🧪 HISTORY SPANS: Match 7 [ '0' ]
🧪 HISTORY SPANS: Match 6 [ '259' ]
🧪 HISTORY SPANS: Match 5 [ '0' ]
🧪 HISTORY SPANS: Match 4 [ '0' ]
🧪 HISTORY SPANS: Match 3 [ '0' ]
🧪 HISTORY SPANS: Match 2 [ '257' ]
🧪 HISTORY SPANS: Match 1 [ '667' ]
✅ RushS01 → 68 matches

📦 Done: 8
📡 History status: 200
📨 Response: {"success":true}
✅ History saved
📊 Starting per-match history scrape...
📊 Teams found: 8

👉 SquadSeven9
🧪 HISTORY SPANS: Match 70 [ '366' ]
🧪 HISTORY SPANS: Match 69 [ '538.5' ]
🧪 HISTORY SPANS: Match 68 [ '500.5' ]
🧪 HISTORY SPANS: Match 67 [ '476.5' ]
🧪 HISTORY SPANS: Match 66 [ '529' ]
🧪 HISTORY SPANS: Match 65 [ '136' ]
🧪 HISTORY SPANS: Match 64 [ '1,160' ]
🧪 HISTORY SPANS: Match 63 [ '305.5' ]
🧪 HISTORY SPANS: Match 62 [ '0' ]
🧪 HISTORY SPANS: Match 61 [ '1,182' ]
🧪 HISTORY SPANS: Match 60 [ '333' ]
🧪 HISTORY SPANS: Match 59 [ '316.5' ]
🧪 HISTORY SPANS: Match 58 [ '208.5' ]
🧪 HISTORY SPANS: Match 57 [ '321.5' ]
🧪 HISTORY SPANS: Match 56 [ '228' ]
🧪 HISTORY SPANS: Match 55 [ '322.5' ]
🧪 HISTORY SPANS: Match 54 [ '121.5' ]
🧪 HISTORY SPANS: Match 53 [ '210' ]
🧪 HISTORY SPANS: Match 52 [ '305.5' ]
🧪 HISTORY SPANS: Match 51 [ '104' ]
🧪 HISTORY SPANS: Match 50 [ '406' ]
🧪 HISTORY SPANS: Match 49 [ '921' ]
🧪 HISTORY SPANS: Match 48 [ '231.5' ]
🧪 HISTORY SPANS: Match 47 [ '456.5' ]
🧪 HISTORY SPANS: Match 46 [ '233.5' ]
🧪 HISTORY SPANS: Match 45 [ '218' ]
🧪 HISTORY SPANS: Match 44 [ '179.5' ]
🧪 HISTORY SPANS: Match 43 [ '191.5' ]
🧪 HISTORY SPANS: Match 42 [ '258.5' ]
🧪 HISTORY SPANS: Match 41 [ '183.5' ]
🧪 HISTORY SPANS: Match 40 [ '414' ]
🧪 HISTORY SPANS: Match 39 [ '83.5' ]
🧪 HISTORY SPANS: Match 38 [ '29' ]
🧪 HISTORY SPANS: Match 37 [ '347' ]
🧪 HISTORY SPANS: Match 36 [ '283' ]
🧪 HISTORY SPANS: Match 35 [ '766.5' ]
🧪 HISTORY SPANS: Match 34 [ '596' ]
🧪 HISTORY SPANS: Match 33 [ '316.5' ]
🧪 HISTORY SPANS: Match 32 [ '119' ]
🧪 HISTORY SPANS: Match 31 [ '186.5' ]
🧪 HISTORY SPANS: Match 30 [ '78' ]
🧪 HISTORY SPANS: Match 29 [ '309' ]
🧪 HISTORY SPANS: Match 28 [ '241.5' ]
🧪 HISTORY SPANS: Match 27 [ '280.5' ]
🧪 HISTORY SPANS: Match 26 [ '239' ]
🧪 HISTORY SPANS: Match 25 [ '410.5' ]
🧪 HISTORY SPANS: Match 24 [ '399.5' ]
🧪 HISTORY SPANS: Match 23 [ '235' ]
🧪 HISTORY SPANS: Match 22 [ '161' ]
🧪 HISTORY SPANS: Match 21 [ '263.5' ]
🧪 HISTORY SPANS: Match 20 [ '264' ]
🧪 HISTORY SPANS: Match 19 [ '327' ]
🧪 HISTORY SPANS: Match 18 [ '401' ]
🧪 HISTORY SPANS: Match 17 [ '263' ]
🧪 HISTORY SPANS: Match 16 [ '150' ]
🧪 HISTORY SPANS: Match 15 [ '249' ]
🧪 HISTORY SPANS: Match 14 [ '170.5' ]
🧪 HISTORY SPANS: Match 13 [ '242' ]
🧪 HISTORY SPANS: Match 12 [ '42.5' ]
🧪 HISTORY SPANS: Match 11 [ '179.5' ]
🧪 HISTORY SPANS: Match 10 [ '78' ]
🧪 HISTORY SPANS: Match 9 [ '349' ]
🧪 HISTORY SPANS: Match 8 [ '148.5' ]
🧪 HISTORY SPANS: Match 7 [ '266' ]
🧪 HISTORY SPANS: Match 6 [ '217' ]
🧪 HISTORY SPANS: Match 5 [ '208' ]
🧪 HISTORY SPANS: Match 4 [ '252.5' ]
🧪 HISTORY SPANS: Match 3 [ '155' ]
🧪 HISTORY SPANS: Match 2 [ '297' ]
🧪 HISTORY SPANS: Match 1 [ '295' ]
✅ SquadSeven9 → 70 matches

👉 Deccan Dominators
🧪 HISTORY SPANS: Match 70 [ '198' ]
🧪 HISTORY SPANS: Match 69 [ '243.5' ]
🧪 HISTORY SPANS: Match 68 [ '171' ]
🧪 HISTORY SPANS: Match 67 [ '459.5' ]
🧪 HISTORY SPANS: Match 66 [ '170' ]
🧪 HISTORY SPANS: Match 65 [ '226' ]
🧪 HISTORY SPANS: Match 64 [ '480' ]
🧪 HISTORY SPANS: Match 63 [ '296' ]
🧪 HISTORY SPANS: Match 62 [ '489.5' ]
🧪 HISTORY SPANS: Match 61 [ '288' ]
🧪 HISTORY SPANS: Match 60 [ '625' ]
🧪 HISTORY SPANS: Match 59 [ '260.5' ]
🧪 HISTORY SPANS: Match 58 [ '381.5' ]
🧪 HISTORY SPANS: Match 57 [ '360.5' ]
🧪 HISTORY SPANS: Match 56 [ '264' ]
🧪 HISTORY SPANS: Match 55 [ '313.5' ]
🧪 HISTORY SPANS: Match 54 [ '98' ]
🧪 HISTORY SPANS: Match 53 [ '179.5' ]
🧪 HISTORY SPANS: Match 52 [ '1,065' ]
🧪 HISTORY SPANS: Match 51 [ '266' ]
🧪 HISTORY SPANS: Match 50 [ '461' ]
🧪 HISTORY SPANS: Match 49 [ '250.5' ]
🧪 HISTORY SPANS: Match 48 [ '269' ]
🧪 HISTORY SPANS: Match 47 [ '889' ]
🧪 HISTORY SPANS: Match 46 [ '210' ]
🧪 HISTORY SPANS: Match 45 [ '203' ]
🧪 HISTORY SPANS: Match 44 [ '102.5' ]
🧪 HISTORY SPANS: Match 43 [ '282.5' ]
🧪 HISTORY SPANS: Match 42 [ '249' ]
🧪 HISTORY SPANS: Match 41 [ '471.5' ]
🧪 HISTORY SPANS: Match 40 [ '345' ]
🧪 HISTORY SPANS: Match 39 [ '101' ]
🧪 HISTORY SPANS: Match 38 [ '101.5' ]
🧪 HISTORY SPANS: Match 37 [ '308.5' ]
🧪 HISTORY SPANS: Match 36 [ '461' ]
🧪 HISTORY SPANS: Match 35 [ '736.5' ]
🧪 HISTORY SPANS: Match 34 [ '214.5' ]
🧪 HISTORY SPANS: Match 33 [ '403.5' ]
🧪 HISTORY SPANS: Match 32 [ '157' ]
🧪 HISTORY SPANS: Match 31 [ '565' ]
🧪 HISTORY SPANS: Match 30 [ '540' ]
🧪 HISTORY SPANS: Match 29 [ '558.5' ]
🧪 HISTORY SPANS: Match 28 [ '334' ]
🧪 HISTORY SPANS: Match 27 [ '312.5' ]
🧪 HISTORY SPANS: Match 26 [ '273.5' ]
🧪 HISTORY SPANS: Match 25 [ '275' ]
🧪 HISTORY SPANS: Match 24 [ '95' ]
🧪 HISTORY SPANS: Match 23 [ '467' ]
🧪 HISTORY SPANS: Match 22 [ '159' ]
🧪 HISTORY SPANS: Match 21 [ '324.5' ]
🧪 HISTORY SPANS: Match 20 [ '368.5' ]
🧪 HISTORY SPANS: Match 19 [ '239' ]
🧪 HISTORY SPANS: Match 18 [ '360' ]
🧪 HISTORY SPANS: Match 17 [ '407' ]
🧪 HISTORY SPANS: Match 16 [ '442' ]
🧪 HISTORY SPANS: Match 15 [ '168' ]
🧪 HISTORY SPANS: Match 14 [ '268' ]
🧪 HISTORY SPANS: Match 13 [ '309.5' ]
🧪 HISTORY SPANS: Match 12 [ '65' ]
🧪 HISTORY SPANS: Match 11 [ '323.5' ]
🧪 HISTORY SPANS: Match 10 [ '225.5' ]
🧪 HISTORY SPANS: Match 9 [ '498' ]
🧪 HISTORY SPANS: Match 8 [ '107' ]
🧪 HISTORY SPANS: Match 7 [ '120' ]
🧪 HISTORY SPANS: Match 6 [ '472' ]
🧪 HISTORY SPANS: Match 5 [ '137.5' ]
🧪 HISTORY SPANS: Match 4 [ '120.5' ]
🧪 HISTORY SPANS: Match 3 [ '163.5' ]
🧪 HISTORY SPANS: Match 2 [ '229' ]
🧪 HISTORY SPANS: Match 1 [ '727' ]
✅ Deccan Dominators → 70 matches

👉 RSAwesome 11
🧪 HISTORY SPANS: Match 70 [ '337' ]
🧪 HISTORY SPANS: Match 69 [ '262.5' ]
🧪 HISTORY SPANS: Match 68 [ '613.5' ]
🧪 HISTORY SPANS: Match 67 [ '426.5' ]
🧪 HISTORY SPANS: Match 66 [ '803.5' ]
🧪 HISTORY SPANS: Match 65 [ '80.5' ]
🧪 HISTORY SPANS: Match 64 [ '921' ]
🧪 HISTORY SPANS: Match 63 [ '261' ]
🧪 HISTORY SPANS: Match 62 [ '234' ]
🧪 HISTORY SPANS: Match 61 [ '758' ]
🧪 HISTORY SPANS: Match 60 [ '486' ]
🧪 HISTORY SPANS: Match 59 [ '337.5' ]
🧪 HISTORY SPANS: Match 58 [ '749' ]
🧪 HISTORY SPANS: Match 57 [ '343.5' ]
🧪 HISTORY SPANS: Match 56 [ '185' ]
🧪 HISTORY SPANS: Match 55 [ '241.5' ]
🧪 HISTORY SPANS: Match 54 [ '298' ]
🧪 HISTORY SPANS: Match 53 [ '358' ]
🧪 HISTORY SPANS: Match 52 [ '379.5' ]
🧪 HISTORY SPANS: Match 51 [ '244.5' ]
🧪 HISTORY SPANS: Match 50 [ '174' ]
🧪 HISTORY SPANS: Match 49 [ '186.5' ]
🧪 HISTORY SPANS: Match 48 [ '287' ]
🧪 HISTORY SPANS: Match 47 [ '287' ]
🧪 HISTORY SPANS: Match 46 [ '73.5' ]
🧪 HISTORY SPANS: Match 45 [ '135' ]
🧪 HISTORY SPANS: Match 44 [ '276.5' ]
🧪 HISTORY SPANS: Match 43 [ '245.5' ]
🧪 HISTORY SPANS: Match 42 [ '344.5' ]
🧪 HISTORY SPANS: Match 41 [ '254' ]
🧪 HISTORY SPANS: Match 40 [ '367' ]
🧪 HISTORY SPANS: Match 39 [ '258.5' ]
🧪 HISTORY SPANS: Match 38 [ '51' ]
🧪 HISTORY SPANS: Match 37 [ '350.5' ]
🧪 HISTORY SPANS: Match 36 [ '465' ]
🧪 HISTORY SPANS: Match 35 [ '662' ]
🧪 HISTORY SPANS: Match 34 [ '452.5' ]
🧪 HISTORY SPANS: Match 33 [ '455.5' ]
🧪 HISTORY SPANS: Match 32 [ '290' ]
🧪 HISTORY SPANS: Match 31 [ '551' ]
🧪 HISTORY SPANS: Match 30 [ '127' ]
🧪 HISTORY SPANS: Match 29 [ '319' ]
🧪 HISTORY SPANS: Match 28 [ '78.5' ]
🧪 HISTORY SPANS: Match 27 [ '136' ]
🧪 HISTORY SPANS: Match 26 [ '192' ]
🧪 HISTORY SPANS: Match 25 [ '294' ]
🧪 HISTORY SPANS: Match 24 [ '258' ]
🧪 HISTORY SPANS: Match 23 [ '316' ]
🧪 HISTORY SPANS: Match 22 [ '232' ]
🧪 HISTORY SPANS: Match 21 [ '28.5' ]
🧪 HISTORY SPANS: Match 20 [ '328.5' ]
🧪 HISTORY SPANS: Match 19 [ '242' ]
🧪 HISTORY SPANS: Match 18 [ '172' ]
🧪 HISTORY SPANS: Match 17 [ '219' ]
🧪 HISTORY SPANS: Match 16 [ '322' ]
🧪 HISTORY SPANS: Match 15 [ '181.5' ]
🧪 HISTORY SPANS: Match 14 [ '130' ]
🧪 HISTORY SPANS: Match 13 [ '166' ]
🧪 HISTORY SPANS: Match 12 [ '32.5' ]
🧪 HISTORY SPANS: Match 11 [ '188' ]
🧪 HISTORY SPANS: Match 10 [ '65.5' ]
🧪 HISTORY SPANS: Match 9 [ '403' ]
🧪 HISTORY SPANS: Match 8 [ '159.5' ]
🧪 HISTORY SPANS: Match 7 [ '203.5' ]
🧪 HISTORY SPANS: Match 6 [ '317' ]
🧪 HISTORY SPANS: Match 5 [ '162.5' ]
🧪 HISTORY SPANS: Match 4 [ '174' ]
🧪 HISTORY SPANS: Match 3 [ '108' ]
🧪 HISTORY SPANS: Match 2 [ '376.5' ]
🧪 HISTORY SPANS: Match 1 [ '510' ]
✅ RSAwesome 11 → 70 matches

👉 VATVAGHOOL XI
🧪 HISTORY SPANS: Match 70 [ '231' ]
🧪 HISTORY SPANS: Match 69 [ '102.5' ]
🧪 HISTORY SPANS: Match 68 [ '247.5' ]
🧪 HISTORY SPANS: Match 67 [ '660.5' ]
🧪 HISTORY SPANS: Match 66 [ '478.5' ]
🧪 HISTORY SPANS: Match 65 [ '236' ]
🧪 HISTORY SPANS: Match 64 [ '749.5' ]
🧪 HISTORY SPANS: Match 63 [ '243.5' ]
🧪 HISTORY SPANS: Match 62 [ '427.5' ]
🧪 HISTORY SPANS: Match 61 [ '607' ]
🧪 HISTORY SPANS: Match 60 [ '308.5' ]
🧪 HISTORY SPANS: Match 59 [ '188' ]
🧪 HISTORY SPANS: Match 58 [ '328.5' ]
🧪 HISTORY SPANS: Match 57 [ '163' ]
🧪 HISTORY SPANS: Match 56 [ '642' ]
🧪 HISTORY SPANS: Match 55 [ '251.5' ]
🧪 HISTORY SPANS: Match 54 [ '163.5' ]
🧪 HISTORY SPANS: Match 53 [ '15' ]
🧪 HISTORY SPANS: Match 52 [ '316.5' ]
🧪 HISTORY SPANS: Match 51 [ '278.5' ]
🧪 HISTORY SPANS: Match 50 [ '167.5' ]
🧪 HISTORY SPANS: Match 49 [ '819' ]
🧪 HISTORY SPANS: Match 48 [ '393' ]
🧪 HISTORY SPANS: Match 47 [ '299' ]
🧪 HISTORY SPANS: Match 46 [ '327.5' ]
🧪 HISTORY SPANS: Match 45 [ '319' ]
🧪 HISTORY SPANS: Match 44 [ '175.5' ]
🧪 HISTORY SPANS: Match 43 [ '321.5' ]
🧪 HISTORY SPANS: Match 42 [ '260' ]
🧪 HISTORY SPANS: Match 41 [ '517.5' ]
🧪 HISTORY SPANS: Match 40 [ '368' ]
🧪 HISTORY SPANS: Match 39 [ '99' ]
🧪 HISTORY SPANS: Match 38 [ '185' ]
🧪 HISTORY SPANS: Match 37 [ '170.5' ]
🧪 HISTORY SPANS: Match 36 [ '507' ]
🧪 HISTORY SPANS: Match 35 [ '678' ]
🧪 HISTORY SPANS: Match 34 [ '113' ]
🧪 HISTORY SPANS: Match 33 [ '345.5' ]
🧪 HISTORY SPANS: Match 32 [ '135' ]
🧪 HISTORY SPANS: Match 31 [ '411' ]
🧪 HISTORY SPANS: Match 30 [ '73' ]
🧪 HISTORY SPANS: Match 29 [ '172.5' ]
🧪 HISTORY SPANS: Match 28 [ '248.5' ]
🧪 HISTORY SPANS: Match 27 [ '357.5' ]
🧪 HISTORY SPANS: Match 26 [ '408' ]
🧪 HISTORY SPANS: Match 25 [ '189.5' ]
🧪 HISTORY SPANS: Match 24 [ '167.5' ]
🧪 HISTORY SPANS: Match 23 [ '279' ]
🧪 HISTORY SPANS: Match 22 [ '255' ]
🧪 HISTORY SPANS: Match 21 [ '48.5' ]
🧪 HISTORY SPANS: Match 20 [ '161' ]
🧪 HISTORY SPANS: Match 19 [ '178' ]
🧪 HISTORY SPANS: Match 18 [ '572' ]
🧪 HISTORY SPANS: Match 17 [ '205.5' ]
🧪 HISTORY SPANS: Match 16 [ '319' ]
🧪 HISTORY SPANS: Match 15 [ '294.5' ]
🧪 HISTORY SPANS: Match 14 [ '-1' ]
🧪 HISTORY SPANS: Match 13 [ '226' ]
🧪 HISTORY SPANS: Match 12 [ '77' ]
🧪 HISTORY SPANS: Match 11 [ '107' ]
🧪 HISTORY SPANS: Match 10 [ '368.5' ]
🧪 HISTORY SPANS: Match 9 [ '182.5' ]
🧪 HISTORY SPANS: Match 8 [ '221.5' ]
🧪 HISTORY SPANS: Match 7 [ '240.5' ]
🧪 HISTORY SPANS: Match 6 [ '296' ]
🧪 HISTORY SPANS: Match 5 [ '67.5' ]
🧪 HISTORY SPANS: Match 4 [ '296' ]
🧪 HISTORY SPANS: Match 3 [ '149' ]
🧪 HISTORY SPANS: Match 2 [ '401.5' ]
🧪 HISTORY SPANS: Match 1 [ '386' ]
✅ VATVAGHOOL XI → 70 matches

👉 Watapi
🧪 HISTORY SPANS: Match 70 [ '457' ]
🧪 HISTORY SPANS: Match 69 [ '248' ]
🧪 HISTORY SPANS: Match 68 [ '621.5' ]
🧪 HISTORY SPANS: Match 67 [ '318.5' ]
🧪 HISTORY SPANS: Match 66 [ '510' ]
🧪 HISTORY SPANS: Match 65 [ '80' ]
🧪 HISTORY SPANS: Match 64 [ '583.5' ]
🧪 HISTORY SPANS: Match 63 [ '81' ]
🧪 HISTORY SPANS: Match 62 [ '0' ]
🧪 HISTORY SPANS: Match 61 [ '283.5' ]
🧪 HISTORY SPANS: Match 60 [ '658' ]
🧪 HISTORY SPANS: Match 59 [ '163' ]
🧪 HISTORY SPANS: Match 58 [ '540.5' ]
🧪 HISTORY SPANS: Match 57 [ '223.5' ]
🧪 HISTORY SPANS: Match 56 [ '855' ]
🧪 HISTORY SPANS: Match 55 [ '259' ]
🧪 HISTORY SPANS: Match 54 [ '172.5' ]
🧪 HISTORY SPANS: Match 53 [ '192.5' ]
🧪 HISTORY SPANS: Match 52 [ '274' ]
🧪 HISTORY SPANS: Match 51 [ '187' ]
🧪 HISTORY SPANS: Match 50 [ '301' ]
🧪 HISTORY SPANS: Match 49 [ '659' ]
🧪 HISTORY SPANS: Match 48 [ '295' ]
🧪 HISTORY SPANS: Match 47 [ '293' ]
🧪 HISTORY SPANS: Match 46 [ '253' ]
🧪 HISTORY SPANS: Match 45 [ '135' ]
🧪 HISTORY SPANS: Match 44 [ '263.5' ]
🧪 HISTORY SPANS: Match 43 [ '247.5' ]
🧪 HISTORY SPANS: Match 42 [ '324.5' ]
🧪 HISTORY SPANS: Match 41 [ '320.5' ]
🧪 HISTORY SPANS: Match 40 [ '339' ]
🧪 HISTORY SPANS: Match 39 [ '88.5' ]
🧪 HISTORY SPANS: Match 38 [ '146.5' ]
🧪 HISTORY SPANS: Match 37 [ '259' ]
🧪 HISTORY SPANS: Match 36 [ '511' ]
🧪 HISTORY SPANS: Match 35 [ '649' ]
🧪 HISTORY SPANS: Match 34 [ '242' ]
🧪 HISTORY SPANS: Match 33 [ '148' ]
🧪 HISTORY SPANS: Match 32 [ '159' ]
🧪 HISTORY SPANS: Match 31 [ '283' ]
🧪 HISTORY SPANS: Match 30 [ '135' ]
🧪 HISTORY SPANS: Match 29 [ '159' ]
🧪 HISTORY SPANS: Match 28 [ '232.5' ]
🧪 HISTORY SPANS: Match 27 [ '158.5' ]
🧪 HISTORY SPANS: Match 26 [ '93' ]
🧪 HISTORY SPANS: Match 25 [ '271.5' ]
🧪 HISTORY SPANS: Match 24 [ '244.5' ]
🧪 HISTORY SPANS: Match 23 [ '218' ]
🧪 HISTORY SPANS: Match 22 [ '305' ]
🧪 HISTORY SPANS: Match 21 [ '322.5' ]
🧪 HISTORY SPANS: Match 20 [ '212.5' ]
🧪 HISTORY SPANS: Match 19 [ '282.5' ]
🧪 HISTORY SPANS: Match 18 [ '332' ]
🧪 HISTORY SPANS: Match 17 [ '109' ]
🧪 HISTORY SPANS: Match 16 [ '352.5' ]
🧪 HISTORY SPANS: Match 15 [ '168' ]
🧪 HISTORY SPANS: Match 14 [ '198.5' ]
🧪 HISTORY SPANS: Match 13 [ '241' ]
🧪 HISTORY SPANS: Match 12 [ '65' ]
🧪 HISTORY SPANS: Match 11 [ '302.5' ]
🧪 HISTORY SPANS: Match 10 [ '238.5' ]
🧪 HISTORY SPANS: Match 9 [ '307' ]
🧪 HISTORY SPANS: Match 8 [ '257.5' ]
🧪 HISTORY SPANS: Match 7 [ '307' ]
🧪 HISTORY SPANS: Match 6 [ '141' ]
🧪 HISTORY SPANS: Match 5 [ '108.5' ]
🧪 HISTORY SPANS: Match 4 [ '196.5' ]
🧪 HISTORY SPANS: Match 3 [ '165.5' ]
🧪 HISTORY SPANS: Match 2 [ '337.5' ]
🧪 HISTORY SPANS: Match 1 [ '535' ]
✅ Watapi → 70 matches

👉 PKs11
🧪 HISTORY SPANS: Match 70 [ '0' ]
🧪 HISTORY SPANS: Match 69 [ '962' ]
🧪 HISTORY SPANS: Match 68 [ '670' ]
🧪 HISTORY SPANS: Match 67 [ '1,193' ]
🧪 HISTORY SPANS: Match 66 [ '856' ]
🧪 HISTORY SPANS: Match 65 [ '131' ]
🧪 HISTORY SPANS: Match 64 [ '2' ]
🧪 HISTORY SPANS: Match 63 [ '0' ]
🧪 HISTORY SPANS: Match 62 [ '0' ]
🧪 HISTORY SPANS: Match 61 [ '147.5' ]
🧪 HISTORY SPANS: Match 60 [ '124' ]
🧪 HISTORY SPANS: Match 59 [ '-2' ]
🧪 HISTORY SPANS: Match 58 [ '350.5' ]
🧪 HISTORY SPANS: Match 57 [ '460.5' ]
🧪 HISTORY SPANS: Match 56 [ '341' ]
🧪 HISTORY SPANS: Match 55 [ '221' ]
🧪 HISTORY SPANS: Match 54 [ '112' ]
🧪 HISTORY SPANS: Match 53 [ '102.5' ]
🧪 HISTORY SPANS: Match 52 [ '434.5' ]
🧪 HISTORY SPANS: Match 51 [ '162.5' ]
🧪 HISTORY SPANS: Match 50 [ '387' ]
🧪 HISTORY SPANS: Match 49 [ '210.5' ]
🧪 HISTORY SPANS: Match 48 [ '144' ]
🧪 HISTORY SPANS: Match 47 [ '827' ]
🧪 HISTORY SPANS: Match 46 [ '259' ]
🧪 HISTORY SPANS: Match 45 [ '181' ]
🧪 HISTORY SPANS: Match 44 [ '224' ]
🧪 HISTORY SPANS: Match 43 [ '197.5' ]
🧪 HISTORY SPANS: Match 42 [ '313.5' ]
🧪 HISTORY SPANS: Match 41 [ '497.5' ]
🧪 HISTORY SPANS: Match 40 [ '100' ]
🧪 HISTORY SPANS: Match 39 [ '152.5' ]
🧪 HISTORY SPANS: Match 38 [ '131' ]
🧪 HISTORY SPANS: Match 37 [ '524' ]
🧪 HISTORY SPANS: Match 36 [ '326.5' ]
🧪 HISTORY SPANS: Match 35 [ '455' ]
🧪 HISTORY SPANS: Match 34 [ '322' ]
🧪 HISTORY SPANS: Match 33 [ '308.5' ]
🧪 HISTORY SPANS: Match 32 [ '303' ]
🧪 HISTORY SPANS: Match 31 [ '322' ]
🧪 HISTORY SPANS: Match 30 [ '75.5' ]
🧪 HISTORY SPANS: Match 29 [ '402.5' ]
🧪 HISTORY SPANS: Match 28 [ '280.5' ]
🧪 HISTORY SPANS: Match 27 [ '245.5' ]
🧪 HISTORY SPANS: Match 26 [ '325' ]
🧪 HISTORY SPANS: Match 25 [ '275' ]
🧪 HISTORY SPANS: Match 24 [ '169.5' ]
🧪 HISTORY SPANS: Match 23 [ '297.5' ]
🧪 HISTORY SPANS: Match 22 [ '115' ]
🧪 HISTORY SPANS: Match 21 [ '46' ]
🧪 HISTORY SPANS: Match 20 [ '226.5' ]
🧪 HISTORY SPANS: Match 19 [ '155.5' ]
🧪 HISTORY SPANS: Match 18 [ '101.5' ]
🧪 HISTORY SPANS: Match 17 [ '188' ]
🧪 HISTORY SPANS: Match 16 [ '135.5' ]
🧪 HISTORY SPANS: Match 15 [ '217.5' ]
🧪 HISTORY SPANS: Match 14 [ '82' ]
🧪 HISTORY SPANS: Match 13 [ '265.5' ]
🧪 HISTORY SPANS: Match 12 [ '35.5' ]
🧪 HISTORY SPANS: Match 11 [ '146' ]
🧪 HISTORY SPANS: Match 10 [ '240' ]
🧪 HISTORY SPANS: Match 9 [ '471.5' ]
🧪 HISTORY SPANS: Match 8 [ '99.5' ]
🧪 HISTORY SPANS: Match 7 [ '197' ]
🧪 HISTORY SPANS: Match 6 [ '331' ]
🧪 HISTORY SPANS: Match 5 [ '47' ]
🧪 HISTORY SPANS: Match 4 [ '169' ]
🧪 HISTORY SPANS: Match 3 [ '241.5' ]
🧪 HISTORY SPANS: Match 2 [ '415.5' ]
🧪 HISTORY SPANS: Match 1 [ '530.5' ]
✅ PKs11 → 70 matches

👉 Bat Bowl XI
🧪 HISTORY SPANS: Match 70 [ '636' ]
🧪 HISTORY SPANS: Match 69 [ '872' ]
🧪 HISTORY SPANS: Match 68 [ '777.5' ]
🧪 HISTORY SPANS: Match 67 [ '704.5' ]
🧪 HISTORY SPANS: Match 66 [ '788' ]
🧪 HISTORY SPANS: Match 65 [ '567' ]
🧪 HISTORY SPANS: Match 64 [ '1,128' ]
🧪 HISTORY SPANS: Match 63 [ '594' ]
🧪 HISTORY SPANS: Match 62 [ '1,076' ]
🧪 HISTORY SPANS: Match 61 [ '485' ]
🧪 HISTORY SPANS: Match 60 [ '744' ]
🧪 HISTORY SPANS: Match 59 [ '0' ]
🧪 HISTORY SPANS: Match 58 [ '409' ]
🧪 HISTORY SPANS: Match 57 [ '493.5' ]
🧪 HISTORY SPANS: Match 56 [ '418' ]
🧪 HISTORY SPANS: Match 55 [ '86' ]
🧪 HISTORY SPANS: Match 54 [ '303.5' ]
🧪 HISTORY SPANS: Match 53 [ '75' ]
🧪 HISTORY SPANS: Match 52 [ '363.5' ]
🧪 HISTORY SPANS: Match 51 [ '274.5' ]
🧪 HISTORY SPANS: Match 50 [ '384' ]
🧪 HISTORY SPANS: Match 49 [ '261' ]
🧪 HISTORY SPANS: Match 48 [ '315' ]
🧪 HISTORY SPANS: Match 47 [ '0' ]
🧪 HISTORY SPANS: Match 46 [ '132.5' ]
🧪 HISTORY SPANS: Match 45 [ '60' ]
🧪 HISTORY SPANS: Match 44 [ '57' ]
🧪 HISTORY SPANS: Match 43 [ '220' ]
🧪 HISTORY SPANS: Match 42 [ '296' ]
🧪 HISTORY SPANS: Match 41 [ '84' ]
🧪 HISTORY SPANS: Match 40 [ '203' ]
🧪 HISTORY SPANS: Match 39 [ '86.5' ]
🧪 HISTORY SPANS: Match 38 [ '0' ]
🧪 HISTORY SPANS: Match 37 [ '125' ]
🧪 HISTORY SPANS: Match 36 [ '279' ]
🧪 HISTORY SPANS: Match 35 [ '246' ]
🧪 HISTORY SPANS: Match 34 [ '85' ]
🧪 HISTORY SPANS: Match 33 [ '136.5' ]
🧪 HISTORY SPANS: Match 32 [ '130' ]
🧪 HISTORY SPANS: Match 31 [ '175.5' ]
🧪 HISTORY SPANS: Match 30 [ '184' ]
🧪 HISTORY SPANS: Match 29 [ '103' ]
🧪 HISTORY SPANS: Match 28 [ '105' ]
🧪 HISTORY SPANS: Match 27 [ '58.5' ]
🧪 HISTORY SPANS: Match 26 [ '16' ]
🧪 HISTORY SPANS: Match 25 [ '53' ]
🧪 HISTORY SPANS: Match 24 [ '460' ]
🧪 HISTORY SPANS: Match 23 [ '111' ]
🧪 HISTORY SPANS: Match 22 [ '104' ]
🧪 HISTORY SPANS: Match 21 [ '206' ]
🧪 HISTORY SPANS: Match 20 [ '246' ]
🧪 HISTORY SPANS: Match 19 [ '12' ]
🧪 HISTORY SPANS: Match 18 [ '40' ]
🧪 HISTORY SPANS: Match 17 [ '314' ]
🧪 HISTORY SPANS: Match 16 [ '124' ]
🧪 HISTORY SPANS: Match 15 [ '78' ]
🧪 HISTORY SPANS: Match 14 [ '149.5' ]
🧪 HISTORY SPANS: Match 13 [ '114' ]
🧪 HISTORY SPANS: Match 12 [ '41.5' ]
🧪 HISTORY SPANS: Match 11 [ '75.5' ]
🧪 HISTORY SPANS: Match 10 [ '76' ]
🧪 HISTORY SPANS: Match 9 [ '277' ]
🧪 HISTORY SPANS: Match 8 [ '10' ]
🧪 HISTORY SPANS: Match 7 [ '239' ]
🧪 HISTORY SPANS: Match 6 [ '175' ]
🧪 HISTORY SPANS: Match 5 [ '0' ]
🧪 HISTORY SPANS: Match 4 [ '242.5' ]
🧪 HISTORY SPANS: Match 3 [ '140.5' ]
🧪 HISTORY SPANS: Match 2 [ '374.5' ]
🧪 HISTORY SPANS: Match 1 [ '343' ]
✅ Bat Bowl XI → 70 matches

👉 RushS01
🧪 HISTORY SPANS: Match 70 [ '0' ]
🧪 HISTORY SPANS: Match 69 [ '89' ]
🧪 HISTORY SPANS: Match 68 [ '0' ]
🧪 HISTORY SPANS: Match 67 [ '352' ]
🧪 HISTORY SPANS: Match 66 [ '0' ]
🧪 HISTORY SPANS: Match 65 [ '127.5' ]
🧪 HISTORY SPANS: Match 64 [ '0' ]
🧪 HISTORY SPANS: Match 63 [ '146' ]
🧪 HISTORY SPANS: Match 62 [ '0' ]
🧪 HISTORY SPANS: Match 61 [ '58' ]
🧪 HISTORY SPANS: Match 60 [ '0' ]
🧪 HISTORY SPANS: Match 59 [ '0' ]
🧪 HISTORY SPANS: Match 58 [ '72' ]
🧪 HISTORY SPANS: Match 57 [ '54' ]
🧪 HISTORY SPANS: Match 56 [ '54' ]
🧪 HISTORY SPANS: Match 55 [ '0' ]
🧪 HISTORY SPANS: Match 54 [ '355' ]
🧪 HISTORY SPANS: Match 53 [ '0' ]
🧪 HISTORY SPANS: Match 52 [ '0' ]
🧪 HISTORY SPANS: Match 51 [ '0' ]
🧪 HISTORY SPANS: Match 50 [ '183' ]
🧪 HISTORY SPANS: Match 49 [ '219' ]
🧪 HISTORY SPANS: Match 48 [ '0' ]
🧪 HISTORY SPANS: Match 47 [ '270' ]
🧪 HISTORY SPANS: Match 46 [ '0' ]
🧪 HISTORY SPANS: Match 45 [ '51' ]
🧪 HISTORY SPANS: Match 44 [ '82.5' ]
🧪 HISTORY SPANS: Match 43 [ '0' ]
🧪 HISTORY SPANS: Match 42 [ '144' ]
🧪 HISTORY SPANS: Match 41 [ '205' ]
🧪 HISTORY SPANS: Match 40 [ '0' ]
🧪 HISTORY SPANS: Match 39 [ '144' ]
🧪 HISTORY SPANS: Match 38 [ '0' ]
🧪 HISTORY SPANS: Match 37 [ '0' ]
🧪 HISTORY SPANS: Match 36 [ '197' ]
🧪 HISTORY SPANS: Match 35 [ '0' ]
🧪 HISTORY SPANS: Match 34 [ '75' ]
🧪 HISTORY SPANS: Match 33 [ '107.5' ]
🧪 HISTORY SPANS: Match 32 [ '0' ]
🧪 HISTORY SPANS: Match 31 [ '186' ]
🧪 HISTORY SPANS: Match 30 [ '75.5' ]
🧪 HISTORY SPANS: Match 29 [ '0' ]
🧪 HISTORY SPANS: Match 28 [ '0' ]
🧪 HISTORY SPANS: Match 27 [ '260' ]
🧪 HISTORY SPANS: Match 26 [ '155' ]
🧪 HISTORY SPANS: Match 25 [ '0' ]
🧪 HISTORY SPANS: Match 24 [ '5' ]
🧪 HISTORY SPANS: Match 23 [ '207' ]
🧪 HISTORY SPANS: Match 22 [ '0' ]
🧪 HISTORY SPANS: Match 21 [ '175' ]
🧪 HISTORY SPANS: Match 20 [ '289' ]
🧪 HISTORY SPANS: Match 19 [ '0' ]
🧪 HISTORY SPANS: Match 18 [ '0' ]
🧪 HISTORY SPANS: Match 17 [ '66' ]
🧪 HISTORY SPANS: Match 16 [ '168' ]
🧪 HISTORY SPANS: Match 15 [ '0' ]
🧪 HISTORY SPANS: Match 14 [ '0' ]
🧪 HISTORY SPANS: Match 13 [ '42' ]
🧪 HISTORY SPANS: Match 12 [ '0' ]
🧪 HISTORY SPANS: Match 11 [ '268' ]
🧪 HISTORY SPANS: Match 10 [ '209' ]
🧪 HISTORY SPANS: Match 9 [ '0' ]
🧪 HISTORY SPANS: Match 8 [ '206' ]
🧪 HISTORY SPANS: Match 7 [ '0' ]
🧪 HISTORY SPANS: Match 6 [ '259' ]
🧪 HISTORY SPANS: Match 5 [ '0' ]
🧪 HISTORY SPANS: Match 4 [ '0' ]
🧪 HISTORY SPANS: Match 3 [ '0' ]
🧪 HISTORY SPANS: Match 2 [ '257' ]
🧪 HISTORY SPANS: Match 1 [ '667' ]
✅ RushS01 → 70 matches

📦 Done: 8
📡 History status: 200
📨 Response: {"success":true}
✅ History saved
📊 Starting per-match history scrape...
📊 Teams found: 8

👉 SquadSeven9
🧪 HISTORY SPANS: Match 70 [ '366' ]
🧪 HISTORY SPANS: Match 69 [ '538.5' ]
🧪 HISTORY SPANS: Match 68 [ '500.5' ]
🧪 HISTORY SPANS: Match 67 [ '476.5' ]
🧪 HISTORY SPANS: Match 66 [ '529' ]
🧪 HISTORY SPANS: Match 65 [ '136' ]
🧪 HISTORY SPANS: Match 64 [ '1,160' ]
🧪 HISTORY SPANS: Match 63 [ '305.5' ]
🧪 HISTORY SPANS: Match 62 [ '0' ]
🧪 HISTORY SPANS: Match 61 [ '1,182' ]
🧪 HISTORY SPANS: Match 60 [ '333' ]
🧪 HISTORY SPANS: Match 59 [ '316.5' ]
🧪 HISTORY SPANS: Match 58 [ '208.5' ]
🧪 HISTORY SPANS: Match 57 [ '321.5' ]
🧪 HISTORY SPANS: Match 56 [ '228' ]
🧪 HISTORY SPANS: Match 55 [ '322.5' ]
🧪 HISTORY SPANS: Match 54 [ '121.5' ]
🧪 HISTORY SPANS: Match 53 [ '210' ]
🧪 HISTORY SPANS: Match 52 [ '305.5' ]
🧪 HISTORY SPANS: Match 51 [ '104' ]
🧪 HISTORY SPANS: Match 50 [ '406' ]
🧪 HISTORY SPANS: Match 49 [ '921' ]
🧪 HISTORY SPANS: Match 48 [ '231.5' ]
🧪 HISTORY SPANS: Match 47 [ '456.5' ]
🧪 HISTORY SPANS: Match 46 [ '233.5' ]
🧪 HISTORY SPANS: Match 45 [ '218' ]
🧪 HISTORY SPANS: Match 44 [ '179.5' ]
🧪 HISTORY SPANS: Match 43 [ '191.5' ]
🧪 HISTORY SPANS: Match 42 [ '258.5' ]
🧪 HISTORY SPANS: Match 41 [ '183.5' ]
🧪 HISTORY SPANS: Match 40 [ '414' ]
🧪 HISTORY SPANS: Match 39 [ '83.5' ]
🧪 HISTORY SPANS: Match 38 [ '29' ]
🧪 HISTORY SPANS: Match 37 [ '347' ]
🧪 HISTORY SPANS: Match 36 [ '283' ]
🧪 HISTORY SPANS: Match 35 [ '766.5' ]
🧪 HISTORY SPANS: Match 34 [ '596' ]
🧪 HISTORY SPANS: Match 33 [ '316.5' ]
🧪 HISTORY SPANS: Match 32 [ '119' ]
🧪 HISTORY SPANS: Match 31 [ '186.5' ]
🧪 HISTORY SPANS: Match 30 [ '78' ]
🧪 HISTORY SPANS: Match 29 [ '309' ]
🧪 HISTORY SPANS: Match 28 [ '241.5' ]
🧪 HISTORY SPANS: Match 27 [ '280.5' ]
🧪 HISTORY SPANS: Match 26 [ '239' ]
🧪 HISTORY SPANS: Match 25 [ '410.5' ]
🧪 HISTORY SPANS: Match 24 [ '399.5' ]
🧪 HISTORY SPANS: Match 23 [ '235' ]
🧪 HISTORY SPANS: Match 22 [ '161' ]
🧪 HISTORY SPANS: Match 21 [ '263.5' ]
🧪 HISTORY SPANS: Match 20 [ '264' ]
🧪 HISTORY SPANS: Match 19 [ '327' ]
🧪 HISTORY SPANS: Match 18 [ '401' ]
🧪 HISTORY SPANS: Match 17 [ '263' ]
🧪 HISTORY SPANS: Match 16 [ '150' ]
🧪 HISTORY SPANS: Match 15 [ '249' ]
🧪 HISTORY SPANS: Match 14 [ '170.5' ]
🧪 HISTORY SPANS: Match 13 [ '242' ]
🧪 HISTORY SPANS: Match 12 [ '42.5' ]
🧪 HISTORY SPANS: Match 11 [ '179.5' ]
🧪 HISTORY SPANS: Match 10 [ '78' ]
🧪 HISTORY SPANS: Match 9 [ '349' ]
🧪 HISTORY SPANS: Match 8 [ '148.5' ]
🧪 HISTORY SPANS: Match 7 [ '266' ]
🧪 HISTORY SPANS: Match 6 [ '217' ]
🧪 HISTORY SPANS: Match 5 [ '208' ]
🧪 HISTORY SPANS: Match 4 [ '252.5' ]
🧪 HISTORY SPANS: Match 3 [ '155' ]
🧪 HISTORY SPANS: Match 2 [ '297' ]
🧪 HISTORY SPANS: Match 1 [ '295' ]
✅ SquadSeven9 → 70 matches

👉 Deccan Dominators
🧪 HISTORY SPANS: Match 70 [ '198' ]
🧪 HISTORY SPANS: Match 69 [ '243.5' ]
🧪 HISTORY SPANS: Match 68 [ '171' ]
🧪 HISTORY SPANS: Match 67 [ '459.5' ]
🧪 HISTORY SPANS: Match 66 [ '170' ]
🧪 HISTORY SPANS: Match 65 [ '226' ]
🧪 HISTORY SPANS: Match 64 [ '480' ]
🧪 HISTORY SPANS: Match 63 [ '296' ]
🧪 HISTORY SPANS: Match 62 [ '489.5' ]
🧪 HISTORY SPANS: Match 61 [ '288' ]
🧪 HISTORY SPANS: Match 60 [ '625' ]
🧪 HISTORY SPANS: Match 59 [ '260.5' ]
🧪 HISTORY SPANS: Match 58 [ '381.5' ]
🧪 HISTORY SPANS: Match 57 [ '360.5' ]
🧪 HISTORY SPANS: Match 56 [ '264' ]
🧪 HISTORY SPANS: Match 55 [ '313.5' ]
🧪 HISTORY SPANS: Match 54 [ '98' ]
🧪 HISTORY SPANS: Match 53 [ '179.5' ]
🧪 HISTORY SPANS: Match 52 [ '1,065' ]
🧪 HISTORY SPANS: Match 51 [ '266' ]
🧪 HISTORY SPANS: Match 50 [ '461' ]
🧪 HISTORY SPANS: Match 49 [ '250.5' ]
🧪 HISTORY SPANS: Match 48 [ '269' ]
🧪 HISTORY SPANS: Match 47 [ '889' ]
🧪 HISTORY SPANS: Match 46 [ '210' ]
🧪 HISTORY SPANS: Match 45 [ '203' ]
🧪 HISTORY SPANS: Match 44 [ '102.5' ]
🧪 HISTORY SPANS: Match 43 [ '282.5' ]
🧪 HISTORY SPANS: Match 42 [ '249' ]
🧪 HISTORY SPANS: Match 41 [ '471.5' ]
🧪 HISTORY SPANS: Match 40 [ '345' ]
🧪 HISTORY SPANS: Match 39 [ '101' ]
🧪 HISTORY SPANS: Match 38 [ '101.5' ]
🧪 HISTORY SPANS: Match 37 [ '308.5' ]
🧪 HISTORY SPANS: Match 36 [ '461' ]
🧪 HISTORY SPANS: Match 35 [ '736.5' ]
🧪 HISTORY SPANS: Match 34 [ '214.5' ]
🧪 HISTORY SPANS: Match 33 [ '403.5' ]
🧪 HISTORY SPANS: Match 32 [ '157' ]
🧪 HISTORY SPANS: Match 31 [ '565' ]
🧪 HISTORY SPANS: Match 30 [ '540' ]
🧪 HISTORY SPANS: Match 29 [ '558.5' ]
🧪 HISTORY SPANS: Match 28 [ '334' ]
🧪 HISTORY SPANS: Match 27 [ '312.5' ]
🧪 HISTORY SPANS: Match 26 [ '273.5' ]
🧪 HISTORY SPANS: Match 25 [ '275' ]
🧪 HISTORY SPANS: Match 24 [ '95' ]
🧪 HISTORY SPANS: Match 23 [ '467' ]
🧪 HISTORY SPANS: Match 22 [ '159' ]
🧪 HISTORY SPANS: Match 21 [ '324.5' ]
🧪 HISTORY SPANS: Match 20 [ '368.5' ]
🧪 HISTORY SPANS: Match 19 [ '239' ]
🧪 HISTORY SPANS: Match 18 [ '360' ]
🧪 HISTORY SPANS: Match 17 [ '407' ]
🧪 HISTORY SPANS: Match 16 [ '442' ]
🧪 HISTORY SPANS: Match 15 [ '168' ]
🧪 HISTORY SPANS: Match 14 [ '268' ]
🧪 HISTORY SPANS: Match 13 [ '309.5' ]
🧪 HISTORY SPANS: Match 12 [ '65' ]
🧪 HISTORY SPANS: Match 11 [ '323.5' ]
🧪 HISTORY SPANS: Match 10 [ '225.5' ]
🧪 HISTORY SPANS: Match 9 [ '498' ]
🧪 HISTORY SPANS: Match 8 [ '107' ]
🧪 HISTORY SPANS: Match 7 [ '120' ]
🧪 HISTORY SPANS: Match 6 [ '472' ]
🧪 HISTORY SPANS: Match 5 [ '137.5' ]
🧪 HISTORY SPANS: Match 4 [ '120.5' ]
🧪 HISTORY SPANS: Match 3 [ '163.5' ]
🧪 HISTORY SPANS: Match 2 [ '229' ]
🧪 HISTORY SPANS: Match 1 [ '727' ]
✅ Deccan Dominators → 70 matches

👉 RSAwesome 11
🧪 HISTORY SPANS: Match 70 [ '337' ]
🧪 HISTORY SPANS: Match 69 [ '262.5' ]
🧪 HISTORY SPANS: Match 68 [ '613.5' ]
🧪 HISTORY SPANS: Match 67 [ '426.5' ]
🧪 HISTORY SPANS: Match 66 [ '803.5' ]
🧪 HISTORY SPANS: Match 65 [ '80.5' ]
🧪 HISTORY SPANS: Match 64 [ '921' ]
🧪 HISTORY SPANS: Match 63 [ '261' ]
🧪 HISTORY SPANS: Match 62 [ '234' ]
🧪 HISTORY SPANS: Match 61 [ '758' ]
🧪 HISTORY SPANS: Match 60 [ '486' ]
🧪 HISTORY SPANS: Match 59 [ '337.5' ]
🧪 HISTORY SPANS: Match 58 [ '749' ]
🧪 HISTORY SPANS: Match 57 [ '343.5' ]
🧪 HISTORY SPANS: Match 56 [ '185' ]
🧪 HISTORY SPANS: Match 55 [ '241.5' ]
🧪 HISTORY SPANS: Match 54 [ '298' ]
🧪 HISTORY SPANS: Match 53 [ '358' ]
🧪 HISTORY SPANS: Match 52 [ '379.5' ]
🧪 HISTORY SPANS: Match 51 [ '244.5' ]
🧪 HISTORY SPANS: Match 50 [ '174' ]
🧪 HISTORY SPANS: Match 49 [ '186.5' ]
🧪 HISTORY SPANS: Match 48 [ '287' ]
🧪 HISTORY SPANS: Match 47 [ '287' ]
🧪 HISTORY SPANS: Match 46 [ '73.5' ]
🧪 HISTORY SPANS: Match 45 [ '135' ]
🧪 HISTORY SPANS: Match 44 [ '276.5' ]
🧪 HISTORY SPANS: Match 43 [ '245.5' ]
🧪 HISTORY SPANS: Match 42 [ '344.5' ]
🧪 HISTORY SPANS: Match 41 [ '254' ]
🧪 HISTORY SPANS: Match 40 [ '367' ]
🧪 HISTORY SPANS: Match 39 [ '258.5' ]
🧪 HISTORY SPANS: Match 38 [ '51' ]
🧪 HISTORY SPANS: Match 37 [ '350.5' ]
🧪 HISTORY SPANS: Match 36 [ '465' ]
🧪 HISTORY SPANS: Match 35 [ '662' ]
🧪 HISTORY SPANS: Match 34 [ '452.5' ]
🧪 HISTORY SPANS: Match 33 [ '455.5' ]
🧪 HISTORY SPANS: Match 32 [ '290' ]
🧪 HISTORY SPANS: Match 31 [ '551' ]
🧪 HISTORY SPANS: Match 30 [ '127' ]
🧪 HISTORY SPANS: Match 29 [ '319' ]
🧪 HISTORY SPANS: Match 28 [ '78.5' ]
🧪 HISTORY SPANS: Match 27 [ '136' ]
🧪 HISTORY SPANS: Match 26 [ '192' ]
🧪 HISTORY SPANS: Match 25 [ '294' ]
🧪 HISTORY SPANS: Match 24 [ '258' ]
🧪 HISTORY SPANS: Match 23 [ '316' ]
🧪 HISTORY SPANS: Match 22 [ '232' ]
🧪 HISTORY SPANS: Match 21 [ '28.5' ]
🧪 HISTORY SPANS: Match 20 [ '328.5' ]
🧪 HISTORY SPANS: Match 19 [ '242' ]
🧪 HISTORY SPANS: Match 18 [ '172' ]
🧪 HISTORY SPANS: Match 17 [ '219' ]
🧪 HISTORY SPANS: Match 16 [ '322' ]
🧪 HISTORY SPANS: Match 15 [ '181.5' ]
🧪 HISTORY SPANS: Match 14 [ '130' ]
🧪 HISTORY SPANS: Match 13 [ '166' ]
🧪 HISTORY SPANS: Match 12 [ '32.5' ]
🧪 HISTORY SPANS: Match 11 [ '188' ]
🧪 HISTORY SPANS: Match 10 [ '65.5' ]
🧪 HISTORY SPANS: Match 9 [ '403' ]
🧪 HISTORY SPANS: Match 8 [ '159.5' ]
🧪 HISTORY SPANS: Match 7 [ '203.5' ]
🧪 HISTORY SPANS: Match 6 [ '317' ]
🧪 HISTORY SPANS: Match 5 [ '162.5' ]
🧪 HISTORY SPANS: Match 4 [ '174' ]
🧪 HISTORY SPANS: Match 3 [ '108' ]
🧪 HISTORY SPANS: Match 2 [ '376.5' ]
🧪 HISTORY SPANS: Match 1 [ '510' ]
✅ RSAwesome 11 → 70 matches

👉 VATVAGHOOL XI
🧪 HISTORY SPANS: Match 70 [ '231' ]
🧪 HISTORY SPANS: Match 69 [ '102.5' ]
🧪 HISTORY SPANS: Match 68 [ '247.5' ]
🧪 HISTORY SPANS: Match 67 [ '660.5' ]
🧪 HISTORY SPANS: Match 66 [ '478.5' ]
🧪 HISTORY SPANS: Match 65 [ '236' ]
🧪 HISTORY SPANS: Match 64 [ '749.5' ]
🧪 HISTORY SPANS: Match 63 [ '243.5' ]
🧪 HISTORY SPANS: Match 62 [ '427.5' ]
🧪 HISTORY SPANS: Match 61 [ '607' ]
🧪 HISTORY SPANS: Match 60 [ '308.5' ]
🧪 HISTORY SPANS: Match 59 [ '188' ]
🧪 HISTORY SPANS: Match 58 [ '328.5' ]
🧪 HISTORY SPANS: Match 57 [ '163' ]
🧪 HISTORY SPANS: Match 56 [ '642' ]
🧪 HISTORY SPANS: Match 55 [ '251.5' ]
🧪 HISTORY SPANS: Match 54 [ '163.5' ]
🧪 HISTORY SPANS: Match 53 [ '15' ]
🧪 HISTORY SPANS: Match 52 [ '316.5' ]
🧪 HISTORY SPANS: Match 51 [ '278.5' ]
🧪 HISTORY SPANS: Match 50 [ '167.5' ]
🧪 HISTORY SPANS: Match 49 [ '819' ]
🧪 HISTORY SPANS: Match 48 [ '393' ]
🧪 HISTORY SPANS: Match 47 [ '299' ]
🧪 HISTORY SPANS: Match 46 [ '327.5' ]
🧪 HISTORY SPANS: Match 45 [ '319' ]
🧪 HISTORY SPANS: Match 44 [ '175.5' ]
🧪 HISTORY SPANS: Match 43 [ '321.5' ]
🧪 HISTORY SPANS: Match 42 [ '260' ]
🧪 HISTORY SPANS: Match 41 [ '517.5' ]
🧪 HISTORY SPANS: Match 40 [ '368' ]
🧪 HISTORY SPANS: Match 39 [ '99' ]
🧪 HISTORY SPANS: Match 38 [ '185' ]
🧪 HISTORY SPANS: Match 37 [ '170.5' ]
🧪 HISTORY SPANS: Match 36 [ '507' ]
🧪 HISTORY SPANS: Match 35 [ '678' ]
🧪 HISTORY SPANS: Match 34 [ '113' ]
🧪 HISTORY SPANS: Match 33 [ '345.5' ]
🧪 HISTORY SPANS: Match 32 [ '135' ]
🧪 HISTORY SPANS: Match 31 [ '411' ]
🧪 HISTORY SPANS: Match 30 [ '73' ]
🧪 HISTORY SPANS: Match 29 [ '172.5' ]
🧪 HISTORY SPANS: Match 28 [ '248.5' ]
🧪 HISTORY SPANS: Match 27 [ '357.5' ]
🧪 HISTORY SPANS: Match 26 [ '408' ]
🧪 HISTORY SPANS: Match 25 [ '189.5' ]
🧪 HISTORY SPANS: Match 24 [ '167.5' ]
🧪 HISTORY SPANS: Match 23 [ '279' ]
🧪 HISTORY SPANS: Match 22 [ '255' ]
🧪 HISTORY SPANS: Match 21 [ '48.5' ]
🧪 HISTORY SPANS: Match 20 [ '161' ]
🧪 HISTORY SPANS: Match 19 [ '178' ]
🧪 HISTORY SPANS: Match 18 [ '572' ]
🧪 HISTORY SPANS: Match 17 [ '205.5' ]
🧪 HISTORY SPANS: Match 16 [ '319' ]
🧪 HISTORY SPANS: Match 15 [ '294.5' ]
🧪 HISTORY SPANS: Match 14 [ '-1' ]
🧪 HISTORY SPANS: Match 13 [ '226' ]
🧪 HISTORY SPANS: Match 12 [ '77' ]
🧪 HISTORY SPANS: Match 11 [ '107' ]
🧪 HISTORY SPANS: Match 10 [ '368.5' ]
🧪 HISTORY SPANS: Match 9 [ '182.5' ]
🧪 HISTORY SPANS: Match 8 [ '221.5' ]
🧪 HISTORY SPANS: Match 7 [ '240.5' ]
🧪 HISTORY SPANS: Match 6 [ '296' ]
🧪 HISTORY SPANS: Match 5 [ '67.5' ]
🧪 HISTORY SPANS: Match 4 [ '296' ]
🧪 HISTORY SPANS: Match 3 [ '149' ]
🧪 HISTORY SPANS: Match 2 [ '401.5' ]
🧪 HISTORY SPANS: Match 1 [ '386' ]
✅ VATVAGHOOL XI → 70 matches

👉 Watapi
🧪 HISTORY SPANS: Match 70 [ '457' ]
🧪 HISTORY SPANS: Match 69 [ '248' ]
🧪 HISTORY SPANS: Match 68 [ '621.5' ]
🧪 HISTORY SPANS: Match 67 [ '318.5' ]
🧪 HISTORY SPANS: Match 66 [ '510' ]
🧪 HISTORY SPANS: Match 65 [ '80' ]
🧪 HISTORY SPANS: Match 64 [ '583.5' ]
🧪 HISTORY SPANS: Match 63 [ '81' ]
🧪 HISTORY SPANS: Match 62 [ '0' ]
🧪 HISTORY SPANS: Match 61 [ '283.5' ]
🧪 HISTORY SPANS: Match 60 [ '658' ]
🧪 HISTORY SPANS: Match 59 [ '163' ]
🧪 HISTORY SPANS: Match 58 [ '540.5' ]
🧪 HISTORY SPANS: Match 57 [ '223.5' ]
🧪 HISTORY SPANS: Match 56 [ '855' ]
🧪 HISTORY SPANS: Match 55 [ '259' ]
🧪 HISTORY SPANS: Match 54 [ '172.5' ]
🧪 HISTORY SPANS: Match 53 [ '192.5' ]
🧪 HISTORY SPANS: Match 52 [ '274' ]
🧪 HISTORY SPANS: Match 51 [ '187' ]
🧪 HISTORY SPANS: Match 50 [ '301' ]
🧪 HISTORY SPANS: Match 49 [ '659' ]
🧪 HISTORY SPANS: Match 48 [ '295' ]
🧪 HISTORY SPANS: Match 47 [ '293' ]
🧪 HISTORY SPANS: Match 46 [ '253' ]
🧪 HISTORY SPANS: Match 45 [ '135' ]
🧪 HISTORY SPANS: Match 44 [ '263.5' ]
🧪 HISTORY SPANS: Match 43 [ '247.5' ]
🧪 HISTORY SPANS: Match 42 [ '324.5' ]
🧪 HISTORY SPANS: Match 41 [ '320.5' ]
🧪 HISTORY SPANS: Match 40 [ '339' ]
🧪 HISTORY SPANS: Match 39 [ '88.5' ]
🧪 HISTORY SPANS: Match 38 [ '146.5' ]
🧪 HISTORY SPANS: Match 37 [ '259' ]
🧪 HISTORY SPANS: Match 36 [ '511' ]
🧪 HISTORY SPANS: Match 35 [ '649' ]
🧪 HISTORY SPANS: Match 34 [ '242' ]
🧪 HISTORY SPANS: Match 33 [ '148' ]
🧪 HISTORY SPANS: Match 32 [ '159' ]
🧪 HISTORY SPANS: Match 31 [ '283' ]
🧪 HISTORY SPANS: Match 30 [ '135' ]
🧪 HISTORY SPANS: Match 29 [ '159' ]
🧪 HISTORY SPANS: Match 28 [ '232.5' ]
🧪 HISTORY SPANS: Match 27 [ '158.5' ]
🧪 HISTORY SPANS: Match 26 [ '93' ]
🧪 HISTORY SPANS: Match 25 [ '271.5' ]
🧪 HISTORY SPANS: Match 24 [ '244.5' ]
🧪 HISTORY SPANS: Match 23 [ '218' ]
🧪 HISTORY SPANS: Match 22 [ '305' ]
🧪 HISTORY SPANS: Match 21 [ '322.5' ]
🧪 HISTORY SPANS: Match 20 [ '212.5' ]
🧪 HISTORY SPANS: Match 19 [ '282.5' ]
🧪 HISTORY SPANS: Match 18 [ '332' ]
🧪 HISTORY SPANS: Match 17 [ '109' ]
🧪 HISTORY SPANS: Match 16 [ '352.5' ]
🧪 HISTORY SPANS: Match 15 [ '168' ]
🧪 HISTORY SPANS: Match 14 [ '198.5' ]
🧪 HISTORY SPANS: Match 13 [ '241' ]
🧪 HISTORY SPANS: Match 12 [ '65' ]
🧪 HISTORY SPANS: Match 11 [ '302.5' ]
🧪 HISTORY SPANS: Match 10 [ '238.5' ]
🧪 HISTORY SPANS: Match 9 [ '307' ]
🧪 HISTORY SPANS: Match 8 [ '257.5' ]
🧪 HISTORY SPANS: Match 7 [ '307' ]
🧪 HISTORY SPANS: Match 6 [ '141' ]
🧪 HISTORY SPANS: Match 5 [ '108.5' ]
🧪 HISTORY SPANS: Match 4 [ '196.5' ]
🧪 HISTORY SPANS: Match 3 [ '165.5' ]
🧪 HISTORY SPANS: Match 2 [ '337.5' ]
🧪 HISTORY SPANS: Match 1 [ '535' ]
✅ Watapi → 70 matches

👉 PKs11
🧪 HISTORY SPANS: Match 70 [ '0' ]
🧪 HISTORY SPANS: Match 69 [ '962' ]
🧪 HISTORY SPANS: Match 68 [ '670' ]
🧪 HISTORY SPANS: Match 67 [ '1,193' ]
🧪 HISTORY SPANS: Match 66 [ '856' ]
🧪 HISTORY SPANS: Match 65 [ '131' ]
🧪 HISTORY SPANS: Match 64 [ '2' ]
🧪 HISTORY SPANS: Match 63 [ '0' ]
🧪 HISTORY SPANS: Match 62 [ '0' ]
🧪 HISTORY SPANS: Match 61 [ '147.5' ]
🧪 HISTORY SPANS: Match 60 [ '124' ]
🧪 HISTORY SPANS: Match 59 [ '-2' ]
🧪 HISTORY SPANS: Match 58 [ '350.5' ]
🧪 HISTORY SPANS: Match 57 [ '460.5' ]
🧪 HISTORY SPANS: Match 56 [ '341' ]
🧪 HISTORY SPANS: Match 55 [ '221' ]
🧪 HISTORY SPANS: Match 54 [ '112' ]
🧪 HISTORY SPANS: Match 53 [ '102.5' ]
🧪 HISTORY SPANS: Match 52 [ '434.5' ]
🧪 HISTORY SPANS: Match 51 [ '162.5' ]
🧪 HISTORY SPANS: Match 50 [ '387' ]
🧪 HISTORY SPANS: Match 49 [ '210.5' ]
🧪 HISTORY SPANS: Match 48 [ '144' ]
🧪 HISTORY SPANS: Match 47 [ '827' ]
🧪 HISTORY SPANS: Match 46 [ '259' ]
🧪 HISTORY SPANS: Match 45 [ '181' ]
🧪 HISTORY SPANS: Match 44 [ '224' ]
🧪 HISTORY SPANS: Match 43 [ '197.5' ]
🧪 HISTORY SPANS: Match 42 [ '313.5' ]
🧪 HISTORY SPANS: Match 41 [ '497.5' ]
🧪 HISTORY SPANS: Match 40 [ '100' ]
🧪 HISTORY SPANS: Match 39 [ '152.5' ]
🧪 HISTORY SPANS: Match 38 [ '131' ]
🧪 HISTORY SPANS: Match 37 [ '524' ]
🧪 HISTORY SPANS: Match 36 [ '326.5' ]
🧪 HISTORY SPANS: Match 35 [ '455' ]
🧪 HISTORY SPANS: Match 34 [ '322' ]
🧪 HISTORY SPANS: Match 33 [ '308.5' ]
🧪 HISTORY SPANS: Match 32 [ '303' ]
🧪 HISTORY SPANS: Match 31 [ '322' ]
🧪 HISTORY SPANS: Match 30 [ '75.5' ]
🧪 HISTORY SPANS: Match 29 [ '402.5' ]
🧪 HISTORY SPANS: Match 28 [ '280.5' ]
🧪 HISTORY SPANS: Match 27 [ '245.5' ]
🧪 HISTORY SPANS: Match 26 [ '325' ]
🧪 HISTORY SPANS: Match 25 [ '275' ]
🧪 HISTORY SPANS: Match 24 [ '169.5' ]
🧪 HISTORY SPANS: Match 23 [ '297.5' ]
🧪 HISTORY SPANS: Match 22 [ '115' ]
🧪 HISTORY SPANS: Match 21 [ '46' ]
🧪 HISTORY SPANS: Match 20 [ '226.5' ]
🧪 HISTORY SPANS: Match 19 [ '155.5' ]
🧪 HISTORY SPANS: Match 18 [ '101.5' ]
🧪 HISTORY SPANS: Match 17 [ '188' ]
🧪 HISTORY SPANS: Match 16 [ '135.5' ]
🧪 HISTORY SPANS: Match 15 [ '217.5' ]
🧪 HISTORY SPANS: Match 14 [ '82' ]
🧪 HISTORY SPANS: Match 13 [ '265.5' ]
🧪 HISTORY SPANS: Match 12 [ '35.5' ]
🧪 HISTORY SPANS: Match 11 [ '146' ]
🧪 HISTORY SPANS: Match 10 [ '240' ]
🧪 HISTORY SPANS: Match 9 [ '471.5' ]
🧪 HISTORY SPANS: Match 8 [ '99.5' ]
🧪 HISTORY SPANS: Match 7 [ '197' ]
🧪 HISTORY SPANS: Match 6 [ '331' ]
🧪 HISTORY SPANS: Match 5 [ '47' ]
🧪 HISTORY SPANS: Match 4 [ '169' ]
🧪 HISTORY SPANS: Match 3 [ '241.5' ]
🧪 HISTORY SPANS: Match 2 [ '415.5' ]
🧪 HISTORY SPANS: Match 1 [ '530.5' ]
✅ PKs11 → 70 matches

👉 Bat Bowl XI
🧪 HISTORY SPANS: Match 70 [ '636' ]
🧪 HISTORY SPANS: Match 69 [ '872' ]
🧪 HISTORY SPANS: Match 68 [ '777.5' ]
🧪 HISTORY SPANS: Match 67 [ '704.5' ]
🧪 HISTORY SPANS: Match 66 [ '788' ]
🧪 HISTORY SPANS: Match 65 [ '567' ]
🧪 HISTORY SPANS: Match 64 [ '1,128' ]
🧪 HISTORY SPANS: Match 63 [ '594' ]
🧪 HISTORY SPANS: Match 62 [ '1,076' ]
🧪 HISTORY SPANS: Match 61 [ '485' ]
🧪 HISTORY SPANS: Match 60 [ '744' ]
🧪 HISTORY SPANS: Match 59 [ '0' ]
🧪 HISTORY SPANS: Match 58 [ '409' ]
🧪 HISTORY SPANS: Match 57 [ '493.5' ]
🧪 HISTORY SPANS: Match 56 [ '418' ]
🧪 HISTORY SPANS: Match 55 [ '86' ]
🧪 HISTORY SPANS: Match 54 [ '303.5' ]
🧪 HISTORY SPANS: Match 53 [ '75' ]
🧪 HISTORY SPANS: Match 52 [ '363.5' ]
🧪 HISTORY SPANS: Match 51 [ '274.5' ]
🧪 HISTORY SPANS: Match 50 [ '384' ]
🧪 HISTORY SPANS: Match 49 [ '261' ]
🧪 HISTORY SPANS: Match 48 [ '315' ]
🧪 HISTORY SPANS: Match 47 [ '0' ]
🧪 HISTORY SPANS: Match 46 [ '132.5' ]
🧪 HISTORY SPANS: Match 45 [ '60' ]
🧪 HISTORY SPANS: Match 44 [ '57' ]
🧪 HISTORY SPANS: Match 43 [ '220' ]
🧪 HISTORY SPANS: Match 42 [ '296' ]
🧪 HISTORY SPANS: Match 41 [ '84' ]
🧪 HISTORY SPANS: Match 40 [ '203' ]
🧪 HISTORY SPANS: Match 39 [ '86.5' ]
🧪 HISTORY SPANS: Match 38 [ '0' ]
🧪 HISTORY SPANS: Match 37 [ '125' ]
🧪 HISTORY SPANS: Match 36 [ '279' ]
🧪 HISTORY SPANS: Match 35 [ '246' ]
🧪 HISTORY SPANS: Match 34 [ '85' ]
🧪 HISTORY SPANS: Match 33 [ '136.5' ]
🧪 HISTORY SPANS: Match 32 [ '130' ]
🧪 HISTORY SPANS: Match 31 [ '175.5' ]
🧪 HISTORY SPANS: Match 30 [ '184' ]
🧪 HISTORY SPANS: Match 29 [ '103' ]
🧪 HISTORY SPANS: Match 28 [ '105' ]
🧪 HISTORY SPANS: Match 27 [ '58.5' ]
🧪 HISTORY SPANS: Match 26 [ '16' ]
🧪 HISTORY SPANS: Match 25 [ '53' ]
🧪 HISTORY SPANS: Match 24 [ '460' ]
🧪 HISTORY SPANS: Match 23 [ '111' ]
🧪 HISTORY SPANS: Match 22 [ '104' ]
🧪 HISTORY SPANS: Match 21 [ '206' ]
🧪 HISTORY SPANS: Match 20 [ '246' ]
🧪 HISTORY SPANS: Match 19 [ '12' ]
🧪 HISTORY SPANS: Match 18 [ '40' ]
🧪 HISTORY SPANS: Match 17 [ '314' ]
🧪 HISTORY SPANS: Match 16 [ '124' ]
🧪 HISTORY SPANS: Match 15 [ '78' ]
🧪 HISTORY SPANS: Match 14 [ '149.5' ]
🧪 HISTORY SPANS: Match 13 [ '114' ]
🧪 HISTORY SPANS: Match 12 [ '41.5' ]
🧪 HISTORY SPANS: Match 11 [ '75.5' ]
🧪 HISTORY SPANS: Match 10 [ '76' ]
🧪 HISTORY SPANS: Match 9 [ '277' ]
🧪 HISTORY SPANS: Match 8 [ '10' ]
🧪 HISTORY SPANS: Match 7 [ '239' ]
🧪 HISTORY SPANS: Match 6 [ '175' ]
🧪 HISTORY SPANS: Match 5 [ '0' ]
🧪 HISTORY SPANS: Match 4 [ '242.5' ]
🧪 HISTORY SPANS: Match 3 [ '140.5' ]
🧪 HISTORY SPANS: Match 2 [ '374.5' ]
🧪 HISTORY SPANS: Match 1 [ '343' ]
✅ Bat Bowl XI → 70 matches

👉 RushS01
🧪 HISTORY SPANS: Match 70 [ '0' ]
🧪 HISTORY SPANS: Match 69 [ '89' ]
🧪 HISTORY SPANS: Match 68 [ '0' ]
🧪 HISTORY SPANS: Match 67 [ '352' ]
🧪 HISTORY SPANS: Match 66 [ '0' ]
🧪 HISTORY SPANS: Match 65 [ '127.5' ]
🧪 HISTORY SPANS: Match 64 [ '0' ]
🧪 HISTORY SPANS: Match 63 [ '146' ]
🧪 HISTORY SPANS: Match 62 [ '0' ]
🧪 HISTORY SPANS: Match 61 [ '58' ]
🧪 HISTORY SPANS: Match 60 [ '0' ]
🧪 HISTORY SPANS: Match 59 [ '0' ]
🧪 HISTORY SPANS: Match 58 [ '72' ]
🧪 HISTORY SPANS: Match 57 [ '54' ]
🧪 HISTORY SPANS: Match 56 [ '54' ]
🧪 HISTORY SPANS: Match 55 [ '0' ]
🧪 HISTORY SPANS: Match 54 [ '355' ]
🧪 HISTORY SPANS: Match 53 [ '0' ]
🧪 HISTORY SPANS: Match 52 [ '0' ]
🧪 HISTORY SPANS: Match 51 [ '0' ]
🧪 HISTORY SPANS: Match 50 [ '183' ]
🧪 HISTORY SPANS: Match 49 [ '219' ]
🧪 HISTORY SPANS: Match 48 [ '0' ]
🧪 HISTORY SPANS: Match 47 [ '270' ]
🧪 HISTORY SPANS: Match 46 [ '0' ]
🧪 HISTORY SPANS: Match 45 [ '51' ]
🧪 HISTORY SPANS: Match 44 [ '82.5' ]
🧪 HISTORY SPANS: Match 43 [ '0' ]
🧪 HISTORY SPANS: Match 42 [ '144' ]
🧪 HISTORY SPANS: Match 41 [ '205' ]
🧪 HISTORY SPANS: Match 40 [ '0' ]
🧪 HISTORY SPANS: Match 39 [ '144' ]
🧪 HISTORY SPANS: Match 38 [ '0' ]
🧪 HISTORY SPANS: Match 37 [ '0' ]
🧪 HISTORY SPANS: Match 36 [ '197' ]
🧪 HISTORY SPANS: Match 35 [ '0' ]
🧪 HISTORY SPANS: Match 34 [ '75' ]
🧪 HISTORY SPANS: Match 33 [ '107.5' ]
🧪 HISTORY SPANS: Match 32 [ '0' ]
🧪 HISTORY SPANS: Match 31 [ '186' ]
🧪 HISTORY SPANS: Match 30 [ '75.5' ]
🧪 HISTORY SPANS: Match 29 [ '0' ]
🧪 HISTORY SPANS: Match 28 [ '0' ]
🧪 HISTORY SPANS: Match 27 [ '260' ]
🧪 HISTORY SPANS: Match 26 [ '155' ]
🧪 HISTORY SPANS: Match 25 [ '0' ]
🧪 HISTORY SPANS: Match 24 [ '5' ]
🧪 HISTORY SPANS: Match 23 [ '207' ]
🧪 HISTORY SPANS: Match 22 [ '0' ]
🧪 HISTORY SPANS: Match 21 [ '175' ]
🧪 HISTORY SPANS: Match 20 [ '289' ]
🧪 HISTORY SPANS: Match 19 [ '0' ]
🧪 HISTORY SPANS: Match 18 [ '0' ]
🧪 HISTORY SPANS: Match 17 [ '66' ]
🧪 HISTORY SPANS: Match 16 [ '168' ]
🧪 HISTORY SPANS: Match 15 [ '0' ]
🧪 HISTORY SPANS: Match 14 [ '0' ]
🧪 HISTORY SPANS: Match 13 [ '42' ]
🧪 HISTORY SPANS: Match 12 [ '0' ]
🧪 HISTORY SPANS: Match 11 [ '268' ]
🧪 HISTORY SPANS: Match 10 [ '209' ]
🧪 HISTORY SPANS: Match 9 [ '0' ]
🧪 HISTORY SPANS: Match 8 [ '206' ]
🧪 HISTORY SPANS: Match 7 [ '0' ]
🧪 HISTORY SPANS: Match 6 [ '259' ]
🧪 HISTORY SPANS: Match 5 [ '0' ]
🧪 HISTORY SPANS: Match 4 [ '0' ]
🧪 HISTORY SPANS: Match 3 [ '0' ]
🧪 HISTORY SPANS: Match 2 [ '257' ]
🧪 HISTORY SPANS: Match 1 [ '667' ]
✅ RushS01 → 70 matches

📦 Done: 8
📡 History status: 200
📨 Response: {"success":true}
✅ History saved
📊 Starting per-match history scrape...
📊 Teams found: 8

👉 SquadSeven9
🧪 HISTORY SPANS: Match 71 [ '1,165.5' ]
🧪 HISTORY SPANS: Match 70 [ '366' ]
🧪 HISTORY SPANS: Match 69 [ '538.5' ]
🧪 HISTORY SPANS: Match 68 [ '500.5' ]
🧪 HISTORY SPANS: Match 67 [ '476.5' ]
🧪 HISTORY SPANS: Match 66 [ '529' ]
🧪 HISTORY SPANS: Match 65 [ '136' ]
🧪 HISTORY SPANS: Match 64 [ '1,160' ]
🧪 HISTORY SPANS: Match 63 [ '305.5' ]
🧪 HISTORY SPANS: Match 62 [ '0' ]
🧪 HISTORY SPANS: Match 61 [ '1,182' ]
🧪 HISTORY SPANS: Match 60 [ '333' ]
🧪 HISTORY SPANS: Match 59 [ '316.5' ]
🧪 HISTORY SPANS: Match 58 [ '208.5' ]
🧪 HISTORY SPANS: Match 57 [ '321.5' ]
🧪 HISTORY SPANS: Match 56 [ '228' ]
🧪 HISTORY SPANS: Match 55 [ '322.5' ]
🧪 HISTORY SPANS: Match 54 [ '121.5' ]
🧪 HISTORY SPANS: Match 53 [ '210' ]
🧪 HISTORY SPANS: Match 52 [ '305.5' ]
🧪 HISTORY SPANS: Match 51 [ '104' ]
🧪 HISTORY SPANS: Match 50 [ '406' ]
🧪 HISTORY SPANS: Match 49 [ '921' ]
🧪 HISTORY SPANS: Match 48 [ '231.5' ]
🧪 HISTORY SPANS: Match 47 [ '456.5' ]
🧪 HISTORY SPANS: Match 46 [ '233.5' ]
🧪 HISTORY SPANS: Match 45 [ '218' ]
🧪 HISTORY SPANS: Match 44 [ '179.5' ]
🧪 HISTORY SPANS: Match 43 [ '191.5' ]
🧪 HISTORY SPANS: Match 42 [ '258.5' ]
🧪 HISTORY SPANS: Match 41 [ '183.5' ]
🧪 HISTORY SPANS: Match 40 [ '414' ]
🧪 HISTORY SPANS: Match 39 [ '83.5' ]
🧪 HISTORY SPANS: Match 38 [ '29' ]
🧪 HISTORY SPANS: Match 37 [ '347' ]
🧪 HISTORY SPANS: Match 36 [ '283' ]
🧪 HISTORY SPANS: Match 35 [ '766.5' ]
🧪 HISTORY SPANS: Match 34 [ '596' ]
🧪 HISTORY SPANS: Match 33 [ '316.5' ]
🧪 HISTORY SPANS: Match 32 [ '119' ]
🧪 HISTORY SPANS: Match 31 [ '186.5' ]
🧪 HISTORY SPANS: Match 30 [ '78' ]
🧪 HISTORY SPANS: Match 29 [ '309' ]
🧪 HISTORY SPANS: Match 28 [ '241.5' ]
🧪 HISTORY SPANS: Match 27 [ '280.5' ]
🧪 HISTORY SPANS: Match 26 [ '239' ]
🧪 HISTORY SPANS: Match 25 [ '410.5' ]
🧪 HISTORY SPANS: Match 24 [ '399.5' ]
🧪 HISTORY SPANS: Match 23 [ '235' ]
🧪 HISTORY SPANS: Match 22 [ '161' ]
🧪 HISTORY SPANS: Match 21 [ '263.5' ]
🧪 HISTORY SPANS: Match 20 [ '264' ]
🧪 HISTORY SPANS: Match 19 [ '327' ]
🧪 HISTORY SPANS: Match 18 [ '401' ]
🧪 HISTORY SPANS: Match 17 [ '263' ]
🧪 HISTORY SPANS: Match 16 [ '150' ]
🧪 HISTORY SPANS: Match 15 [ '249' ]
🧪 HISTORY SPANS: Match 14 [ '170.5' ]
🧪 HISTORY SPANS: Match 13 [ '242' ]
🧪 HISTORY SPANS: Match 12 [ '42.5' ]
🧪 HISTORY SPANS: Match 11 [ '179.5' ]
🧪 HISTORY SPANS: Match 10 [ '78' ]
🧪 HISTORY SPANS: Match 9 [ '349' ]
🧪 HISTORY SPANS: Match 8 [ '148.5' ]
🧪 HISTORY SPANS: Match 7 [ '266' ]
🧪 HISTORY SPANS: Match 6 [ '217' ]
🧪 HISTORY SPANS: Match 5 [ '208' ]
🧪 HISTORY SPANS: Match 4 [ '252.5' ]
🧪 HISTORY SPANS: Match 3 [ '155' ]
🧪 HISTORY SPANS: Match 2 [ '297' ]
🧪 HISTORY SPANS: Match 1 [ '295' ]
✅ SquadSeven9 → 71 matches

👉 Deccan Dominators
🧪 HISTORY SPANS: Match 71 [ '1,280' ]
🧪 HISTORY SPANS: Match 70 [ '198' ]
🧪 HISTORY SPANS: Match 69 [ '243.5' ]
🧪 HISTORY SPANS: Match 68 [ '171' ]
🧪 HISTORY SPANS: Match 67 [ '459.5' ]
🧪 HISTORY SPANS: Match 66 [ '170' ]
🧪 HISTORY SPANS: Match 65 [ '226' ]
🧪 HISTORY SPANS: Match 64 [ '480' ]
🧪 HISTORY SPANS: Match 63 [ '296' ]
🧪 HISTORY SPANS: Match 62 [ '489.5' ]
🧪 HISTORY SPANS: Match 61 [ '288' ]
🧪 HISTORY SPANS: Match 60 [ '625' ]
🧪 HISTORY SPANS: Match 59 [ '260.5' ]
🧪 HISTORY SPANS: Match 58 [ '381.5' ]
🧪 HISTORY SPANS: Match 57 [ '360.5' ]
🧪 HISTORY SPANS: Match 56 [ '264' ]
🧪 HISTORY SPANS: Match 55 [ '313.5' ]
🧪 HISTORY SPANS: Match 54 [ '98' ]
🧪 HISTORY SPANS: Match 53 [ '179.5' ]
🧪 HISTORY SPANS: Match 52 [ '1,065' ]
🧪 HISTORY SPANS: Match 51 [ '266' ]
🧪 HISTORY SPANS: Match 50 [ '461' ]
🧪 HISTORY SPANS: Match 49 [ '250.5' ]
🧪 HISTORY SPANS: Match 48 [ '269' ]
🧪 HISTORY SPANS: Match 47 [ '889' ]
🧪 HISTORY SPANS: Match 46 [ '210' ]
🧪 HISTORY SPANS: Match 45 [ '203' ]
🧪 HISTORY SPANS: Match 44 [ '102.5' ]
🧪 HISTORY SPANS: Match 43 [ '282.5' ]
🧪 HISTORY SPANS: Match 42 [ '249' ]
🧪 HISTORY SPANS: Match 41 [ '471.5' ]
🧪 HISTORY SPANS: Match 40 [ '345' ]
🧪 HISTORY SPANS: Match 39 [ '101' ]
🧪 HISTORY SPANS: Match 38 [ '101.5' ]
🧪 HISTORY SPANS: Match 37 [ '308.5' ]
🧪 HISTORY SPANS: Match 36 [ '461' ]
🧪 HISTORY SPANS: Match 35 [ '736.5' ]
🧪 HISTORY SPANS: Match 34 [ '214.5' ]
🧪 HISTORY SPANS: Match 33 [ '403.5' ]
🧪 HISTORY SPANS: Match 32 [ '157' ]
🧪 HISTORY SPANS: Match 31 [ '565' ]
🧪 HISTORY SPANS: Match 30 [ '540' ]
🧪 HISTORY SPANS: Match 29 [ '558.5' ]
🧪 HISTORY SPANS: Match 28 [ '334' ]
🧪 HISTORY SPANS: Match 27 [ '312.5' ]
🧪 HISTORY SPANS: Match 26 [ '273.5' ]
🧪 HISTORY SPANS: Match 25 [ '275' ]
🧪 HISTORY SPANS: Match 24 [ '95' ]
🧪 HISTORY SPANS: Match 23 [ '467' ]
🧪 HISTORY SPANS: Match 22 [ '159' ]
🧪 HISTORY SPANS: Match 21 [ '324.5' ]
🧪 HISTORY SPANS: Match 20 [ '368.5' ]
🧪 HISTORY SPANS: Match 19 [ '239' ]
🧪 HISTORY SPANS: Match 18 [ '360' ]
🧪 HISTORY SPANS: Match 17 [ '407' ]
🧪 HISTORY SPANS: Match 16 [ '442' ]
🧪 HISTORY SPANS: Match 15 [ '168' ]
🧪 HISTORY SPANS: Match 14 [ '268' ]
🧪 HISTORY SPANS: Match 13 [ '309.5' ]
🧪 HISTORY SPANS: Match 12 [ '65' ]
🧪 HISTORY SPANS: Match 11 [ '323.5' ]
🧪 HISTORY SPANS: Match 10 [ '225.5' ]
🧪 HISTORY SPANS: Match 9 [ '498' ]
🧪 HISTORY SPANS: Match 8 [ '107' ]
🧪 HISTORY SPANS: Match 7 [ '120' ]
🧪 HISTORY SPANS: Match 6 [ '472' ]
🧪 HISTORY SPANS: Match 5 [ '137.5' ]
🧪 HISTORY SPANS: Match 4 [ '120.5' ]
🧪 HISTORY SPANS: Match 3 [ '163.5' ]
🧪 HISTORY SPANS: Match 2 [ '229' ]
🧪 HISTORY SPANS: Match 1 [ '727' ]
✅ Deccan Dominators → 71 matches

👉 RSAwesome 11
🧪 HISTORY SPANS: Match 71 [ '1,354' ]
🧪 HISTORY SPANS: Match 70 [ '337' ]
🧪 HISTORY SPANS: Match 69 [ '262.5' ]
🧪 HISTORY SPANS: Match 68 [ '613.5' ]
🧪 HISTORY SPANS: Match 67 [ '426.5' ]
🧪 HISTORY SPANS: Match 66 [ '803.5' ]
🧪 HISTORY SPANS: Match 65 [ '80.5' ]
🧪 HISTORY SPANS: Match 64 [ '921' ]
🧪 HISTORY SPANS: Match 63 [ '261' ]
🧪 HISTORY SPANS: Match 62 [ '234' ]
🧪 HISTORY SPANS: Match 61 [ '758' ]
🧪 HISTORY SPANS: Match 60 [ '486' ]
🧪 HISTORY SPANS: Match 59 [ '337.5' ]
🧪 HISTORY SPANS: Match 58 [ '749' ]
🧪 HISTORY SPANS: Match 57 [ '343.5' ]
🧪 HISTORY SPANS: Match 56 [ '185' ]
🧪 HISTORY SPANS: Match 55 [ '241.5' ]
🧪 HISTORY SPANS: Match 54 [ '298' ]
🧪 HISTORY SPANS: Match 53 [ '358' ]
🧪 HISTORY SPANS: Match 52 [ '379.5' ]
🧪 HISTORY SPANS: Match 51 [ '244.5' ]
🧪 HISTORY SPANS: Match 50 [ '174' ]
🧪 HISTORY SPANS: Match 49 [ '186.5' ]
🧪 HISTORY SPANS: Match 48 [ '287' ]
🧪 HISTORY SPANS: Match 47 [ '287' ]
🧪 HISTORY SPANS: Match 46 [ '73.5' ]
🧪 HISTORY SPANS: Match 45 [ '135' ]
🧪 HISTORY SPANS: Match 44 [ '276.5' ]
🧪 HISTORY SPANS: Match 43 [ '245.5' ]
🧪 HISTORY SPANS: Match 42 [ '344.5' ]
🧪 HISTORY SPANS: Match 41 [ '254' ]
🧪 HISTORY SPANS: Match 40 [ '367' ]
🧪 HISTORY SPANS: Match 39 [ '258.5' ]
🧪 HISTORY SPANS: Match 38 [ '51' ]
🧪 HISTORY SPANS: Match 37 [ '350.5' ]
🧪 HISTORY SPANS: Match 36 [ '465' ]
🧪 HISTORY SPANS: Match 35 [ '662' ]
🧪 HISTORY SPANS: Match 34 [ '452.5' ]
🧪 HISTORY SPANS: Match 33 [ '455.5' ]
🧪 HISTORY SPANS: Match 32 [ '290' ]
🧪 HISTORY SPANS: Match 31 [ '551' ]
🧪 HISTORY SPANS: Match 30 [ '127' ]
🧪 HISTORY SPANS: Match 29 [ '319' ]
🧪 HISTORY SPANS: Match 28 [ '78.5' ]
🧪 HISTORY SPANS: Match 27 [ '136' ]
🧪 HISTORY SPANS: Match 26 [ '192' ]
🧪 HISTORY SPANS: Match 25 [ '294' ]
🧪 HISTORY SPANS: Match 24 [ '258' ]
🧪 HISTORY SPANS: Match 23 [ '316' ]
🧪 HISTORY SPANS: Match 22 [ '232' ]
🧪 HISTORY SPANS: Match 21 [ '28.5' ]
🧪 HISTORY SPANS: Match 20 [ '328.5' ]
🧪 HISTORY SPANS: Match 19 [ '242' ]
🧪 HISTORY SPANS: Match 18 [ '172' ]
🧪 HISTORY SPANS: Match 17 [ '219' ]
🧪 HISTORY SPANS: Match 16 [ '322' ]
🧪 HISTORY SPANS: Match 15 [ '181.5' ]
🧪 HISTORY SPANS: Match 14 [ '130' ]
🧪 HISTORY SPANS: Match 13 [ '166' ]
🧪 HISTORY SPANS: Match 12 [ '32.5' ]
🧪 HISTORY SPANS: Match 11 [ '188' ]
🧪 HISTORY SPANS: Match 10 [ '65.5' ]
🧪 HISTORY SPANS: Match 9 [ '403' ]
🧪 HISTORY SPANS: Match 8 [ '159.5' ]
🧪 HISTORY SPANS: Match 7 [ '203.5' ]
🧪 HISTORY SPANS: Match 6 [ '317' ]
🧪 HISTORY SPANS: Match 5 [ '162.5' ]
🧪 HISTORY SPANS: Match 4 [ '174' ]
🧪 HISTORY SPANS: Match 3 [ '108' ]
🧪 HISTORY SPANS: Match 2 [ '376.5' ]
🧪 HISTORY SPANS: Match 1 [ '510' ]
✅ RSAwesome 11 → 71 matches

👉 VATVAGHOOL XI
🧪 HISTORY SPANS: Match 71 [ '1,286' ]
🧪 HISTORY SPANS: Match 70 [ '231' ]
🧪 HISTORY SPANS: Match 69 [ '102.5' ]
🧪 HISTORY SPANS: Match 68 [ '247.5' ]
🧪 HISTORY SPANS: Match 67 [ '660.5' ]
🧪 HISTORY SPANS: Match 66 [ '478.5' ]
🧪 HISTORY SPANS: Match 65 [ '236' ]
🧪 HISTORY SPANS: Match 64 [ '749.5' ]
🧪 HISTORY SPANS: Match 63 [ '243.5' ]
🧪 HISTORY SPANS: Match 62 [ '427.5' ]
🧪 HISTORY SPANS: Match 61 [ '607' ]
🧪 HISTORY SPANS: Match 60 [ '308.5' ]
🧪 HISTORY SPANS: Match 59 [ '188' ]
🧪 HISTORY SPANS: Match 58 [ '328.5' ]
🧪 HISTORY SPANS: Match 57 [ '163' ]
🧪 HISTORY SPANS: Match 56 [ '642' ]
🧪 HISTORY SPANS: Match 55 [ '251.5' ]
🧪 HISTORY SPANS: Match 54 [ '163.5' ]
🧪 HISTORY SPANS: Match 53 [ '15' ]
🧪 HISTORY SPANS: Match 52 [ '316.5' ]
🧪 HISTORY SPANS: Match 51 [ '278.5' ]
🧪 HISTORY SPANS: Match 50 [ '167.5' ]
🧪 HISTORY SPANS: Match 49 [ '819' ]
🧪 HISTORY SPANS: Match 48 [ '393' ]
🧪 HISTORY SPANS: Match 47 [ '299' ]
🧪 HISTORY SPANS: Match 46 [ '327.5' ]
🧪 HISTORY SPANS: Match 45 [ '319' ]
🧪 HISTORY SPANS: Match 44 [ '175.5' ]
🧪 HISTORY SPANS: Match 43 [ '321.5' ]
🧪 HISTORY SPANS: Match 42 [ '260' ]
🧪 HISTORY SPANS: Match 41 [ '517.5' ]
🧪 HISTORY SPANS: Match 40 [ '368' ]
🧪 HISTORY SPANS: Match 39 [ '99' ]
🧪 HISTORY SPANS: Match 38 [ '185' ]
🧪 HISTORY SPANS: Match 37 [ '170.5' ]
🧪 HISTORY SPANS: Match 36 [ '507' ]
🧪 HISTORY SPANS: Match 35 [ '678' ]
🧪 HISTORY SPANS: Match 34 [ '113' ]
🧪 HISTORY SPANS: Match 33 [ '345.5' ]
🧪 HISTORY SPANS: Match 32 [ '135' ]
🧪 HISTORY SPANS: Match 31 [ '411' ]
🧪 HISTORY SPANS: Match 30 [ '73' ]
🧪 HISTORY SPANS: Match 29 [ '172.5' ]
🧪 HISTORY SPANS: Match 28 [ '248.5' ]
🧪 HISTORY SPANS: Match 27 [ '357.5' ]
🧪 HISTORY SPANS: Match 26 [ '408' ]
🧪 HISTORY SPANS: Match 25 [ '189.5' ]
🧪 HISTORY SPANS: Match 24 [ '167.5' ]
🧪 HISTORY SPANS: Match 23 [ '279' ]
🧪 HISTORY SPANS: Match 22 [ '255' ]
🧪 HISTORY SPANS: Match 21 [ '48.5' ]
🧪 HISTORY SPANS: Match 20 [ '161' ]
🧪 HISTORY SPANS: Match 19 [ '178' ]
🧪 HISTORY SPANS: Match 18 [ '572' ]
🧪 HISTORY SPANS: Match 17 [ '205.5' ]
🧪 HISTORY SPANS: Match 16 [ '319' ]
🧪 HISTORY SPANS: Match 15 [ '294.5' ]
🧪 HISTORY SPANS: Match 14 [ '-1' ]
🧪 HISTORY SPANS: Match 13 [ '226' ]
🧪 HISTORY SPANS: Match 12 [ '77' ]
🧪 HISTORY SPANS: Match 11 [ '107' ]
🧪 HISTORY SPANS: Match 10 [ '368.5' ]
🧪 HISTORY SPANS: Match 9 [ '182.5' ]
🧪 HISTORY SPANS: Match 8 [ '221.5' ]
🧪 HISTORY SPANS: Match 7 [ '240.5' ]
🧪 HISTORY SPANS: Match 6 [ '296' ]
🧪 HISTORY SPANS: Match 5 [ '67.5' ]
🧪 HISTORY SPANS: Match 4 [ '296' ]
🧪 HISTORY SPANS: Match 3 [ '149' ]
🧪 HISTORY SPANS: Match 2 [ '401.5' ]
🧪 HISTORY SPANS: Match 1 [ '386' ]
✅ VATVAGHOOL XI → 71 matches

👉 Watapi
🧪 HISTORY SPANS: Match 71 [ '1,330' ]
🧪 HISTORY SPANS: Match 70 [ '457' ]
🧪 HISTORY SPANS: Match 69 [ '248' ]
🧪 HISTORY SPANS: Match 68 [ '621.5' ]
🧪 HISTORY SPANS: Match 67 [ '318.5' ]
🧪 HISTORY SPANS: Match 66 [ '510' ]
🧪 HISTORY SPANS: Match 65 [ '80' ]
🧪 HISTORY SPANS: Match 64 [ '583.5' ]
🧪 HISTORY SPANS: Match 63 [ '81' ]
🧪 HISTORY SPANS: Match 62 [ '0' ]
🧪 HISTORY SPANS: Match 61 [ '283.5' ]
🧪 HISTORY SPANS: Match 60 [ '658' ]
🧪 HISTORY SPANS: Match 59 [ '163' ]
🧪 HISTORY SPANS: Match 58 [ '540.5' ]
🧪 HISTORY SPANS: Match 57 [ '223.5' ]
🧪 HISTORY SPANS: Match 56 [ '855' ]
🧪 HISTORY SPANS: Match 55 [ '259' ]
🧪 HISTORY SPANS: Match 54 [ '172.5' ]
🧪 HISTORY SPANS: Match 53 [ '192.5' ]
🧪 HISTORY SPANS: Match 52 [ '274' ]
🧪 HISTORY SPANS: Match 51 [ '187' ]
🧪 HISTORY SPANS: Match 50 [ '301' ]
🧪 HISTORY SPANS: Match 49 [ '659' ]
🧪 HISTORY SPANS: Match 48 [ '295' ]
🧪 HISTORY SPANS: Match 47 [ '293' ]
🧪 HISTORY SPANS: Match 46 [ '253' ]
🧪 HISTORY SPANS: Match 45 [ '135' ]
🧪 HISTORY SPANS: Match 44 [ '263.5' ]
🧪 HISTORY SPANS: Match 43 [ '247.5' ]
🧪 HISTORY SPANS: Match 42 [ '324.5' ]
🧪 HISTORY SPANS: Match 41 [ '320.5' ]
🧪 HISTORY SPANS: Match 40 [ '339' ]
🧪 HISTORY SPANS: Match 39 [ '88.5' ]
🧪 HISTORY SPANS: Match 38 [ '146.5' ]
🧪 HISTORY SPANS: Match 37 [ '259' ]
🧪 HISTORY SPANS: Match 36 [ '511' ]
🧪 HISTORY SPANS: Match 35 [ '649' ]
🧪 HISTORY SPANS: Match 34 [ '242' ]
🧪 HISTORY SPANS: Match 33 [ '148' ]
🧪 HISTORY SPANS: Match 32 [ '159' ]
🧪 HISTORY SPANS: Match 31 [ '283' ]
🧪 HISTORY SPANS: Match 30 [ '135' ]
🧪 HISTORY SPANS: Match 29 [ '159' ]
🧪 HISTORY SPANS: Match 28 [ '232.5' ]
🧪 HISTORY SPANS: Match 27 [ '158.5' ]
🧪 HISTORY SPANS: Match 26 [ '93' ]
🧪 HISTORY SPANS: Match 25 [ '271.5' ]
🧪 HISTORY SPANS: Match 24 [ '244.5' ]
🧪 HISTORY SPANS: Match 23 [ '218' ]
🧪 HISTORY SPANS: Match 22 [ '305' ]
🧪 HISTORY SPANS: Match 21 [ '322.5' ]
🧪 HISTORY SPANS: Match 20 [ '212.5' ]
🧪 HISTORY SPANS: Match 19 [ '282.5' ]
🧪 HISTORY SPANS: Match 18 [ '332' ]
🧪 HISTORY SPANS: Match 17 [ '109' ]
🧪 HISTORY SPANS: Match 16 [ '352.5' ]
🧪 HISTORY SPANS: Match 15 [ '168' ]
🧪 HISTORY SPANS: Match 14 [ '198.5' ]
🧪 HISTORY SPANS: Match 13 [ '241' ]
🧪 HISTORY SPANS: Match 12 [ '65' ]
🧪 HISTORY SPANS: Match 11 [ '302.5' ]
🧪 HISTORY SPANS: Match 10 [ '238.5' ]
🧪 HISTORY SPANS: Match 9 [ '307' ]
🧪 HISTORY SPANS: Match 8 [ '257.5' ]
🧪 HISTORY SPANS: Match 7 [ '307' ]
🧪 HISTORY SPANS: Match 6 [ '141' ]
🧪 HISTORY SPANS: Match 5 [ '108.5' ]
🧪 HISTORY SPANS: Match 4 [ '196.5' ]
🧪 HISTORY SPANS: Match 3 [ '165.5' ]
🧪 HISTORY SPANS: Match 2 [ '337.5' ]
🧪 HISTORY SPANS: Match 1 [ '535' ]
✅ Watapi → 71 matches

👉 PKs11
🧪 HISTORY SPANS: Match 71 [ '1,145' ]
🧪 HISTORY SPANS: Match 70 [ '0' ]
🧪 HISTORY SPANS: Match 69 [ '962' ]
🧪 HISTORY SPANS: Match 68 [ '670' ]
🧪 HISTORY SPANS: Match 67 [ '1,193' ]
🧪 HISTORY SPANS: Match 66 [ '856' ]
🧪 HISTORY SPANS: Match 65 [ '131' ]
🧪 HISTORY SPANS: Match 64 [ '2' ]
🧪 HISTORY SPANS: Match 63 [ '0' ]
🧪 HISTORY SPANS: Match 62 [ '0' ]
🧪 HISTORY SPANS: Match 61 [ '147.5' ]
🧪 HISTORY SPANS: Match 60 [ '124' ]
🧪 HISTORY SPANS: Match 59 [ '-2' ]
🧪 HISTORY SPANS: Match 58 [ '350.5' ]
🧪 HISTORY SPANS: Match 57 [ '460.5' ]
🧪 HISTORY SPANS: Match 56 [ '341' ]
🧪 HISTORY SPANS: Match 55 [ '221' ]
🧪 HISTORY SPANS: Match 54 [ '112' ]
🧪 HISTORY SPANS: Match 53 [ '102.5' ]
🧪 HISTORY SPANS: Match 52 [ '434.5' ]
🧪 HISTORY SPANS: Match 51 [ '162.5' ]
🧪 HISTORY SPANS: Match 50 [ '387' ]
🧪 HISTORY SPANS: Match 49 [ '210.5' ]
🧪 HISTORY SPANS: Match 48 [ '144' ]
🧪 HISTORY SPANS: Match 47 [ '827' ]
🧪 HISTORY SPANS: Match 46 [ '259' ]
🧪 HISTORY SPANS: Match 45 [ '181' ]
🧪 HISTORY SPANS: Match 44 [ '224' ]
🧪 HISTORY SPANS: Match 43 [ '197.5' ]
🧪 HISTORY SPANS: Match 42 [ '313.5' ]
🧪 HISTORY SPANS: Match 41 [ '497.5' ]
🧪 HISTORY SPANS: Match 40 [ '100' ]
🧪 HISTORY SPANS: Match 39 [ '152.5' ]
🧪 HISTORY SPANS: Match 38 [ '131' ]
🧪 HISTORY SPANS: Match 37 [ '524' ]
🧪 HISTORY SPANS: Match 36 [ '326.5' ]
🧪 HISTORY SPANS: Match 35 [ '455' ]
🧪 HISTORY SPANS: Match 34 [ '322' ]
🧪 HISTORY SPANS: Match 33 [ '308.5' ]
🧪 HISTORY SPANS: Match 32 [ '303' ]
🧪 HISTORY SPANS: Match 31 [ '322' ]
🧪 HISTORY SPANS: Match 30 [ '75.5' ]
🧪 HISTORY SPANS: Match 29 [ '402.5' ]
🧪 HISTORY SPANS: Match 28 [ '280.5' ]
🧪 HISTORY SPANS: Match 27 [ '245.5' ]
🧪 HISTORY SPANS: Match 26 [ '325' ]
🧪 HISTORY SPANS: Match 25 [ '275' ]
🧪 HISTORY SPANS: Match 24 [ '169.5' ]
🧪 HISTORY SPANS: Match 23 [ '297.5' ]
🧪 HISTORY SPANS: Match 22 [ '115' ]
🧪 HISTORY SPANS: Match 21 [ '46' ]
🧪 HISTORY SPANS: Match 20 [ '226.5' ]
🧪 HISTORY SPANS: Match 19 [ '155.5' ]
🧪 HISTORY SPANS: Match 18 [ '101.5' ]
🧪 HISTORY SPANS: Match 17 [ '188' ]
🧪 HISTORY SPANS: Match 16 [ '135.5' ]
🧪 HISTORY SPANS: Match 15 [ '217.5' ]
🧪 HISTORY SPANS: Match 14 [ '82' ]
🧪 HISTORY SPANS: Match 13 [ '265.5' ]
🧪 HISTORY SPANS: Match 12 [ '35.5' ]
🧪 HISTORY SPANS: Match 11 [ '146' ]
🧪 HISTORY SPANS: Match 10 [ '240' ]
🧪 HISTORY SPANS: Match 9 [ '471.5' ]
🧪 HISTORY SPANS: Match 8 [ '99.5' ]
🧪 HISTORY SPANS: Match 7 [ '197' ]
🧪 HISTORY SPANS: Match 6 [ '331' ]
🧪 HISTORY SPANS: Match 5 [ '47' ]
🧪 HISTORY SPANS: Match 4 [ '169' ]
🧪 HISTORY SPANS: Match 3 [ '241.5' ]
🧪 HISTORY SPANS: Match 2 [ '415.5' ]
🧪 HISTORY SPANS: Match 1 [ '530.5' ]
✅ PKs11 → 71 matches

👉 Bat Bowl XI
🧪 HISTORY SPANS: Match 71 [ '592' ]
🧪 HISTORY SPANS: Match 70 [ '636' ]
🧪 HISTORY SPANS: Match 69 [ '872' ]
🧪 HISTORY SPANS: Match 68 [ '777.5' ]
🧪 HISTORY SPANS: Match 67 [ '704.5' ]
🧪 HISTORY SPANS: Match 66 [ '788' ]
🧪 HISTORY SPANS: Match 65 [ '567' ]
🧪 HISTORY SPANS: Match 64 [ '1,128' ]
🧪 HISTORY SPANS: Match 63 [ '594' ]
🧪 HISTORY SPANS: Match 62 [ '1,076' ]
🧪 HISTORY SPANS: Match 61 [ '485' ]
🧪 HISTORY SPANS: Match 60 [ '744' ]
🧪 HISTORY SPANS: Match 59 [ '0' ]
🧪 HISTORY SPANS: Match 58 [ '409' ]
🧪 HISTORY SPANS: Match 57 [ '493.5' ]
🧪 HISTORY SPANS: Match 56 [ '418' ]
🧪 HISTORY SPANS: Match 55 [ '86' ]
🧪 HISTORY SPANS: Match 54 [ '303.5' ]
🧪 HISTORY SPANS: Match 53 [ '75' ]
🧪 HISTORY SPANS: Match 52 [ '363.5' ]
🧪 HISTORY SPANS: Match 51 [ '274.5' ]
🧪 HISTORY SPANS: Match 50 [ '384' ]
🧪 HISTORY SPANS: Match 49 [ '261' ]
🧪 HISTORY SPANS: Match 48 [ '315' ]
🧪 HISTORY SPANS: Match 47 [ '0' ]
🧪 HISTORY SPANS: Match 46 [ '132.5' ]
🧪 HISTORY SPANS: Match 45 [ '60' ]
🧪 HISTORY SPANS: Match 44 [ '57' ]
🧪 HISTORY SPANS: Match 43 [ '220' ]
🧪 HISTORY SPANS: Match 42 [ '296' ]
🧪 HISTORY SPANS: Match 41 [ '84' ]
🧪 HISTORY SPANS: Match 40 [ '203' ]
🧪 HISTORY SPANS: Match 39 [ '86.5' ]
🧪 HISTORY SPANS: Match 38 [ '0' ]
🧪 HISTORY SPANS: Match 37 [ '125' ]
🧪 HISTORY SPANS: Match 36 [ '279' ]
🧪 HISTORY SPANS: Match 35 [ '246' ]
🧪 HISTORY SPANS: Match 34 [ '85' ]
🧪 HISTORY SPANS: Match 33 [ '136.5' ]
🧪 HISTORY SPANS: Match 32 [ '130' ]
🧪 HISTORY SPANS: Match 31 [ '175.5' ]
🧪 HISTORY SPANS: Match 30 [ '184' ]
🧪 HISTORY SPANS: Match 29 [ '103' ]
🧪 HISTORY SPANS: Match 28 [ '105' ]
🧪 HISTORY SPANS: Match 27 [ '58.5' ]
🧪 HISTORY SPANS: Match 26 [ '16' ]
🧪 HISTORY SPANS: Match 25 [ '53' ]
🧪 HISTORY SPANS: Match 24 [ '460' ]
🧪 HISTORY SPANS: Match 23 [ '111' ]
🧪 HISTORY SPANS: Match 22 [ '104' ]
🧪 HISTORY SPANS: Match 21 [ '206' ]
🧪 HISTORY SPANS: Match 20 [ '246' ]
🧪 HISTORY SPANS: Match 19 [ '12' ]
🧪 HISTORY SPANS: Match 18 [ '40' ]
🧪 HISTORY SPANS: Match 17 [ '314' ]
🧪 HISTORY SPANS: Match 16 [ '124' ]
🧪 HISTORY SPANS: Match 15 [ '78' ]
🧪 HISTORY SPANS: Match 14 [ '149.5' ]
🧪 HISTORY SPANS: Match 13 [ '114' ]
🧪 HISTORY SPANS: Match 12 [ '41.5' ]
🧪 HISTORY SPANS: Match 11 [ '75.5' ]
🧪 HISTORY SPANS: Match 10 [ '76' ]
🧪 HISTORY SPANS: Match 9 [ '277' ]
🧪 HISTORY SPANS: Match 8 [ '10' ]
🧪 HISTORY SPANS: Match 7 [ '239' ]
🧪 HISTORY SPANS: Match 6 [ '175' ]
🧪 HISTORY SPANS: Match 5 [ '0' ]
🧪 HISTORY SPANS: Match 4 [ '242.5' ]
🧪 HISTORY SPANS: Match 3 [ '140.5' ]
🧪 HISTORY SPANS: Match 2 [ '374.5' ]
🧪 HISTORY SPANS: Match 1 [ '343' ]
✅ Bat Bowl XI → 71 matches

👉 RushS01
🧪 HISTORY SPANS: Match 71 [ '407' ]
🧪 HISTORY SPANS: Match 70 [ '0' ]
🧪 HISTORY SPANS: Match 69 [ '89' ]
🧪 HISTORY SPANS: Match 68 [ '0' ]
🧪 HISTORY SPANS: Match 67 [ '352' ]
🧪 HISTORY SPANS: Match 66 [ '0' ]
🧪 HISTORY SPANS: Match 65 [ '127.5' ]
🧪 HISTORY SPANS: Match 64 [ '0' ]
🧪 HISTORY SPANS: Match 63 [ '146' ]
🧪 HISTORY SPANS: Match 62 [ '0' ]
🧪 HISTORY SPANS: Match 61 [ '58' ]
🧪 HISTORY SPANS: Match 60 [ '0' ]
🧪 HISTORY SPANS: Match 59 [ '0' ]
🧪 HISTORY SPANS: Match 58 [ '72' ]
🧪 HISTORY SPANS: Match 57 [ '54' ]
🧪 HISTORY SPANS: Match 56 [ '54' ]
🧪 HISTORY SPANS: Match 55 [ '0' ]
🧪 HISTORY SPANS: Match 54 [ '355' ]
🧪 HISTORY SPANS: Match 53 [ '0' ]
🧪 HISTORY SPANS: Match 52 [ '0' ]
🧪 HISTORY SPANS: Match 51 [ '0' ]
🧪 HISTORY SPANS: Match 50 [ '183' ]
🧪 HISTORY SPANS: Match 49 [ '219' ]
🧪 HISTORY SPANS: Match 48 [ '0' ]
🧪 HISTORY SPANS: Match 47 [ '270' ]
🧪 HISTORY SPANS: Match 46 [ '0' ]
🧪 HISTORY SPANS: Match 45 [ '51' ]
🧪 HISTORY SPANS: Match 44 [ '82.5' ]
🧪 HISTORY SPANS: Match 43 [ '0' ]
🧪 HISTORY SPANS: Match 42 [ '144' ]
🧪 HISTORY SPANS: Match 41 [ '205' ]
🧪 HISTORY SPANS: Match 40 [ '0' ]
🧪 HISTORY SPANS: Match 39 [ '144' ]
🧪 HISTORY SPANS: Match 38 [ '0' ]
🧪 HISTORY SPANS: Match 37 [ '0' ]
🧪 HISTORY SPANS: Match 36 [ '197' ]
🧪 HISTORY SPANS: Match 35 [ '0' ]
🧪 HISTORY SPANS: Match 34 [ '75' ]
🧪 HISTORY SPANS: Match 33 [ '107.5' ]
🧪 HISTORY SPANS: Match 32 [ '0' ]
🧪 HISTORY SPANS: Match 31 [ '186' ]
🧪 HISTORY SPANS: Match 30 [ '75.5' ]
🧪 HISTORY SPANS: Match 29 [ '0' ]
🧪 HISTORY SPANS: Match 28 [ '0' ]
🧪 HISTORY SPANS: Match 27 [ '260' ]
🧪 HISTORY SPANS: Match 26 [ '155' ]
🧪 HISTORY SPANS: Match 25 [ '0' ]
🧪 HISTORY SPANS: Match 24 [ '5' ]
🧪 HISTORY SPANS: Match 23 [ '207' ]
🧪 HISTORY SPANS: Match 22 [ '0' ]
🧪 HISTORY SPANS: Match 21 [ '175' ]
🧪 HISTORY SPANS: Match 20 [ '289' ]
🧪 HISTORY SPANS: Match 19 [ '0' ]
🧪 HISTORY SPANS: Match 18 [ '0' ]
🧪 HISTORY SPANS: Match 17 [ '66' ]
🧪 HISTORY SPANS: Match 16 [ '168' ]
🧪 HISTORY SPANS: Match 15 [ '0' ]
🧪 HISTORY SPANS: Match 14 [ '0' ]
🧪 HISTORY SPANS: Match 13 [ '42' ]
🧪 HISTORY SPANS: Match 12 [ '0' ]
🧪 HISTORY SPANS: Match 11 [ '268' ]
🧪 HISTORY SPANS: Match 10 [ '209' ]
🧪 HISTORY SPANS: Match 9 [ '0' ]
🧪 HISTORY SPANS: Match 8 [ '206' ]
🧪 HISTORY SPANS: Match 7 [ '0' ]
🧪 HISTORY SPANS: Match 6 [ '259' ]
🧪 HISTORY SPANS: Match 5 [ '0' ]
🧪 HISTORY SPANS: Match 4 [ '0' ]
🧪 HISTORY SPANS: Match 3 [ '0' ]
🧪 HISTORY SPANS: Match 2 [ '257' ]
🧪 HISTORY SPANS: Match 1 [ '667' ]
✅ RushS01 → 71 matches

📦 Done: 8
📡 History status: 200
📨 Response: {"success":true}
✅ History saved
📊 Starting per-match history scrape...
📊 Teams found: 8

👉 SquadSeven9
🧪 HISTORY SPANS: Match 72 [ '736' ]
🧪 HISTORY SPANS: Match 71 [ '1,165.5' ]
🧪 HISTORY SPANS: Match 70 [ '366' ]
🧪 HISTORY SPANS: Match 69 [ '538.5' ]
🧪 HISTORY SPANS: Match 68 [ '500.5' ]
🧪 HISTORY SPANS: Match 67 [ '476.5' ]
🧪 HISTORY SPANS: Match 66 [ '529' ]
🧪 HISTORY SPANS: Match 65 [ '136' ]
🧪 HISTORY SPANS: Match 64 [ '1,160' ]
🧪 HISTORY SPANS: Match 63 [ '305.5' ]
🧪 HISTORY SPANS: Match 62 [ '0' ]
🧪 HISTORY SPANS: Match 61 [ '1,182' ]
🧪 HISTORY SPANS: Match 60 [ '333' ]
🧪 HISTORY SPANS: Match 59 [ '316.5' ]
🧪 HISTORY SPANS: Match 58 [ '208.5' ]
🧪 HISTORY SPANS: Match 57 [ '321.5' ]
🧪 HISTORY SPANS: Match 56 [ '228' ]
🧪 HISTORY SPANS: Match 55 [ '322.5' ]
🧪 HISTORY SPANS: Match 54 [ '121.5' ]
🧪 HISTORY SPANS: Match 53 [ '210' ]
🧪 HISTORY SPANS: Match 52 [ '305.5' ]
🧪 HISTORY SPANS: Match 51 [ '104' ]
🧪 HISTORY SPANS: Match 50 [ '406' ]
🧪 HISTORY SPANS: Match 49 [ '921' ]
🧪 HISTORY SPANS: Match 48 [ '231.5' ]
🧪 HISTORY SPANS: Match 47 [ '456.5' ]
🧪 HISTORY SPANS: Match 46 [ '233.5' ]
🧪 HISTORY SPANS: Match 45 [ '218' ]
🧪 HISTORY SPANS: Match 44 [ '179.5' ]
🧪 HISTORY SPANS: Match 43 [ '191.5' ]
🧪 HISTORY SPANS: Match 42 [ '258.5' ]
🧪 HISTORY SPANS: Match 41 [ '183.5' ]
🧪 HISTORY SPANS: Match 40 [ '414' ]
🧪 HISTORY SPANS: Match 39 [ '83.5' ]
🧪 HISTORY SPANS: Match 38 [ '29' ]
🧪 HISTORY SPANS: Match 37 [ '347' ]
🧪 HISTORY SPANS: Match 36 [ '283' ]
🧪 HISTORY SPANS: Match 35 [ '766.5' ]
🧪 HISTORY SPANS: Match 34 [ '596' ]
🧪 HISTORY SPANS: Match 33 [ '316.5' ]
🧪 HISTORY SPANS: Match 32 [ '119' ]
🧪 HISTORY SPANS: Match 31 [ '186.5' ]
🧪 HISTORY SPANS: Match 30 [ '78' ]
🧪 HISTORY SPANS: Match 29 [ '309' ]
🧪 HISTORY SPANS: Match 28 [ '241.5' ]
🧪 HISTORY SPANS: Match 27 [ '280.5' ]
🧪 HISTORY SPANS: Match 26 [ '239' ]
🧪 HISTORY SPANS: Match 25 [ '410.5' ]
🧪 HISTORY SPANS: Match 24 [ '399.5' ]
🧪 HISTORY SPANS: Match 23 [ '235' ]
🧪 HISTORY SPANS: Match 22 [ '161' ]
🧪 HISTORY SPANS: Match 21 [ '263.5' ]
🧪 HISTORY SPANS: Match 20 [ '264' ]
🧪 HISTORY SPANS: Match 19 [ '327' ]
🧪 HISTORY SPANS: Match 18 [ '401' ]
🧪 HISTORY SPANS: Match 17 [ '263' ]
🧪 HISTORY SPANS: Match 16 [ '150' ]
🧪 HISTORY SPANS: Match 15 [ '249' ]
🧪 HISTORY SPANS: Match 14 [ '170.5' ]
🧪 HISTORY SPANS: Match 13 [ '242' ]
🧪 HISTORY SPANS: Match 12 [ '42.5' ]
🧪 HISTORY SPANS: Match 11 [ '179.5' ]
🧪 HISTORY SPANS: Match 10 [ '78' ]
🧪 HISTORY SPANS: Match 9 [ '349' ]
🧪 HISTORY SPANS: Match 8 [ '148.5' ]
🧪 HISTORY SPANS: Match 7 [ '266' ]
🧪 HISTORY SPANS: Match 6 [ '217' ]
🧪 HISTORY SPANS: Match 5 [ '208' ]
🧪 HISTORY SPANS: Match 4 [ '252.5' ]
🧪 HISTORY SPANS: Match 3 [ '155' ]
🧪 HISTORY SPANS: Match 2 [ '297' ]
🧪 HISTORY SPANS: Match 1 [ '295' ]
✅ SquadSeven9 → 72 matches

👉 Deccan Dominators
🧪 HISTORY SPANS: Match 72 [ '652' ]
🧪 HISTORY SPANS: Match 71 [ '1,280' ]
🧪 HISTORY SPANS: Match 70 [ '198' ]
🧪 HISTORY SPANS: Match 69 [ '243.5' ]
🧪 HISTORY SPANS: Match 68 [ '171' ]
🧪 HISTORY SPANS: Match 67 [ '459.5' ]
🧪 HISTORY SPANS: Match 66 [ '170' ]
🧪 HISTORY SPANS: Match 65 [ '226' ]
🧪 HISTORY SPANS: Match 64 [ '480' ]
🧪 HISTORY SPANS: Match 63 [ '296' ]
🧪 HISTORY SPANS: Match 62 [ '489.5' ]
🧪 HISTORY SPANS: Match 61 [ '288' ]
🧪 HISTORY SPANS: Match 60 [ '625' ]
🧪 HISTORY SPANS: Match 59 [ '260.5' ]
🧪 HISTORY SPANS: Match 58 [ '381.5' ]
🧪 HISTORY SPANS: Match 57 [ '360.5' ]
🧪 HISTORY SPANS: Match 56 [ '264' ]
🧪 HISTORY SPANS: Match 55 [ '313.5' ]
🧪 HISTORY SPANS: Match 54 [ '98' ]
🧪 HISTORY SPANS: Match 53 [ '179.5' ]
🧪 HISTORY SPANS: Match 52 [ '1,065' ]
🧪 HISTORY SPANS: Match 51 [ '266' ]
🧪 HISTORY SPANS: Match 50 [ '461' ]
🧪 HISTORY SPANS: Match 49 [ '250.5' ]
🧪 HISTORY SPANS: Match 48 [ '269' ]
🧪 HISTORY SPANS: Match 47 [ '889' ]
🧪 HISTORY SPANS: Match 46 [ '210' ]
🧪 HISTORY SPANS: Match 45 [ '203' ]
🧪 HISTORY SPANS: Match 44 [ '102.5' ]
🧪 HISTORY SPANS: Match 43 [ '282.5' ]
🧪 HISTORY SPANS: Match 42 [ '249' ]
🧪 HISTORY SPANS: Match 41 [ '471.5' ]
🧪 HISTORY SPANS: Match 40 [ '345' ]
🧪 HISTORY SPANS: Match 39 [ '101' ]
🧪 HISTORY SPANS: Match 38 [ '101.5' ]
🧪 HISTORY SPANS: Match 37 [ '308.5' ]
🧪 HISTORY SPANS: Match 36 [ '461' ]
🧪 HISTORY SPANS: Match 35 [ '736.5' ]
🧪 HISTORY SPANS: Match 34 [ '214.5' ]
🧪 HISTORY SPANS: Match 33 [ '403.5' ]
🧪 HISTORY SPANS: Match 32 [ '157' ]
🧪 HISTORY SPANS: Match 31 [ '565' ]
🧪 HISTORY SPANS: Match 30 [ '540' ]
🧪 HISTORY SPANS: Match 29 [ '558.5' ]
🧪 HISTORY SPANS: Match 28 [ '334' ]
🧪 HISTORY SPANS: Match 27 [ '312.5' ]
🧪 HISTORY SPANS: Match 26 [ '273.5' ]
🧪 HISTORY SPANS: Match 25 [ '275' ]
🧪 HISTORY SPANS: Match 24 [ '95' ]
🧪 HISTORY SPANS: Match 23 [ '467' ]
🧪 HISTORY SPANS: Match 22 [ '159' ]
🧪 HISTORY SPANS: Match 21 [ '324.5' ]
🧪 HISTORY SPANS: Match 20 [ '368.5' ]
🧪 HISTORY SPANS: Match 19 [ '239' ]
🧪 HISTORY SPANS: Match 18 [ '360' ]
🧪 HISTORY SPANS: Match 17 [ '407' ]
🧪 HISTORY SPANS: Match 16 [ '442' ]
🧪 HISTORY SPANS: Match 15 [ '168' ]
🧪 HISTORY SPANS: Match 14 [ '268' ]
🧪 HISTORY SPANS: Match 13 [ '309.5' ]
🧪 HISTORY SPANS: Match 12 [ '65' ]
🧪 HISTORY SPANS: Match 11 [ '323.5' ]
🧪 HISTORY SPANS: Match 10 [ '225.5' ]
🧪 HISTORY SPANS: Match 9 [ '498' ]
🧪 HISTORY SPANS: Match 8 [ '107' ]
🧪 HISTORY SPANS: Match 7 [ '120' ]
🧪 HISTORY SPANS: Match 6 [ '472' ]
🧪 HISTORY SPANS: Match 5 [ '137.5' ]
🧪 HISTORY SPANS: Match 4 [ '120.5' ]
🧪 HISTORY SPANS: Match 3 [ '163.5' ]
🧪 HISTORY SPANS: Match 2 [ '229' ]
🧪 HISTORY SPANS: Match 1 [ '727' ]
✅ Deccan Dominators → 72 matches

👉 RSAwesome 11
🧪 HISTORY SPANS: Match 72 [ '732' ]
🧪 HISTORY SPANS: Match 71 [ '1,354' ]
🧪 HISTORY SPANS: Match 70 [ '337' ]
🧪 HISTORY SPANS: Match 69 [ '262.5' ]
🧪 HISTORY SPANS: Match 68 [ '613.5' ]
🧪 HISTORY SPANS: Match 67 [ '426.5' ]
🧪 HISTORY SPANS: Match 66 [ '803.5' ]
🧪 HISTORY SPANS: Match 65 [ '80.5' ]
🧪 HISTORY SPANS: Match 64 [ '921' ]
🧪 HISTORY SPANS: Match 63 [ '261' ]
🧪 HISTORY SPANS: Match 62 [ '234' ]
🧪 HISTORY SPANS: Match 61 [ '758' ]
🧪 HISTORY SPANS: Match 60 [ '486' ]
🧪 HISTORY SPANS: Match 59 [ '337.5' ]
🧪 HISTORY SPANS: Match 58 [ '749' ]
🧪 HISTORY SPANS: Match 57 [ '343.5' ]
🧪 HISTORY SPANS: Match 56 [ '185' ]
🧪 HISTORY SPANS: Match 55 [ '241.5' ]
🧪 HISTORY SPANS: Match 54 [ '298' ]
🧪 HISTORY SPANS: Match 53 [ '358' ]
🧪 HISTORY SPANS: Match 52 [ '379.5' ]
🧪 HISTORY SPANS: Match 51 [ '244.5' ]
🧪 HISTORY SPANS: Match 50 [ '174' ]
🧪 HISTORY SPANS: Match 49 [ '186.5' ]
🧪 HISTORY SPANS: Match 48 [ '287' ]
🧪 HISTORY SPANS: Match 47 [ '287' ]
🧪 HISTORY SPANS: Match 46 [ '73.5' ]
🧪 HISTORY SPANS: Match 45 [ '135' ]
🧪 HISTORY SPANS: Match 44 [ '276.5' ]
🧪 HISTORY SPANS: Match 43 [ '245.5' ]
✅ RSAwesome 11 → 30 matches

👉 VATVAGHOOL XI
🧪 HISTORY SPANS: Match 72 [ '742' ]
🧪 HISTORY SPANS: Match 71 [ '1,286' ]
🧪 HISTORY SPANS: Match 70 [ '231' ]
🧪 HISTORY SPANS: Match 69 [ '102.5' ]
🧪 HISTORY SPANS: Match 68 [ '247.5' ]
🧪 HISTORY SPANS: Match 67 [ '660.5' ]
🧪 HISTORY SPANS: Match 66 [ '478.5' ]
🧪 HISTORY SPANS: Match 65 [ '236' ]
🧪 HISTORY SPANS: Match 64 [ '749.5' ]
🧪 HISTORY SPANS: Match 63 [ '243.5' ]
🧪 HISTORY SPANS: Match 62 [ '427.5' ]
🧪 HISTORY SPANS: Match 61 [ '607' ]
🧪 HISTORY SPANS: Match 60 [ '308.5' ]
🧪 HISTORY SPANS: Match 59 [ '188' ]
🧪 HISTORY SPANS: Match 58 [ '328.5' ]
🧪 HISTORY SPANS: Match 57 [ '163' ]
🧪 HISTORY SPANS: Match 56 [ '642' ]
🧪 HISTORY SPANS: Match 55 [ '251.5' ]
🧪 HISTORY SPANS: Match 54 [ '163.5' ]
🧪 HISTORY SPANS: Match 53 [ '15' ]
🧪 HISTORY SPANS: Match 52 [ '316.5' ]
🧪 HISTORY SPANS: Match 51 [ '278.5' ]
🧪 HISTORY SPANS: Match 50 [ '167.5' ]
🧪 HISTORY SPANS: Match 49 [ '819' ]
🧪 HISTORY SPANS: Match 48 [ '393' ]
🧪 HISTORY SPANS: Match 47 [ '299' ]
🧪 HISTORY SPANS: Match 46 [ '327.5' ]
🧪 HISTORY SPANS: Match 45 [ '319' ]
🧪 HISTORY SPANS: Match 44 [ '175.5' ]
🧪 HISTORY SPANS: Match 43 [ '321.5' ]
🧪 HISTORY SPANS: Match 42 [ '260' ]
🧪 HISTORY SPANS: Match 41 [ '517.5' ]
🧪 HISTORY SPANS: Match 40 [ '368' ]
🧪 HISTORY SPANS: Match 39 [ '99' ]
🧪 HISTORY SPANS: Match 38 [ '185' ]
🧪 HISTORY SPANS: Match 37 [ '170.5' ]
🧪 HISTORY SPANS: Match 36 [ '507' ]
🧪 HISTORY SPANS: Match 35 [ '678' ]
🧪 HISTORY SPANS: Match 34 [ '113' ]
🧪 HISTORY SPANS: Match 33 [ '345.5' ]
🧪 HISTORY SPANS: Match 32 [ '135' ]
🧪 HISTORY SPANS: Match 31 [ '411' ]
🧪 HISTORY SPANS: Match 30 [ '73' ]
🧪 HISTORY SPANS: Match 29 [ '172.5' ]
🧪 HISTORY SPANS: Match 28 [ '248.5' ]
🧪 HISTORY SPANS: Match 27 [ '357.5' ]
🧪 HISTORY SPANS: Match 26 [ '408' ]
🧪 HISTORY SPANS: Match 25 [ '189.5' ]
🧪 HISTORY SPANS: Match 24 [ '167.5' ]
🧪 HISTORY SPANS: Match 23 [ '279' ]
🧪 HISTORY SPANS: Match 22 [ '255' ]
🧪 HISTORY SPANS: Match 21 [ '48.5' ]
🧪 HISTORY SPANS: Match 20 [ '161' ]
🧪 HISTORY SPANS: Match 19 [ '178' ]
🧪 HISTORY SPANS: Match 18 [ '572' ]
🧪 HISTORY SPANS: Match 17 [ '205.5' ]
🧪 HISTORY SPANS: Match 16 [ '319' ]
🧪 HISTORY SPANS: Match 15 [ '294.5' ]
🧪 HISTORY SPANS: Match 14 [ '-1' ]
🧪 HISTORY SPANS: Match 13 [ '226' ]
🧪 HISTORY SPANS: Match 12 [ '77' ]
🧪 HISTORY SPANS: Match 11 [ '107' ]
🧪 HISTORY SPANS: Match 10 [ '368.5' ]
🧪 HISTORY SPANS: Match 9 [ '182.5' ]
🧪 HISTORY SPANS: Match 8 [ '221.5' ]
🧪 HISTORY SPANS: Match 7 [ '240.5' ]
🧪 HISTORY SPANS: Match 6 [ '296' ]
🧪 HISTORY SPANS: Match 5 [ '67.5' ]
🧪 HISTORY SPANS: Match 4 [ '296' ]
🧪 HISTORY SPANS: Match 3 [ '149' ]
🧪 HISTORY SPANS: Match 2 [ '401.5' ]
🧪 HISTORY SPANS: Match 1 [ '386' ]
✅ VATVAGHOOL XI → 72 matches

👉 Watapi
🧪 HISTORY SPANS: Match 72 [ '730' ]
🧪 HISTORY SPANS: Match 71 [ '1,330' ]
🧪 HISTORY SPANS: Match 70 [ '457' ]
🧪 HISTORY SPANS: Match 69 [ '248' ]
🧪 HISTORY SPANS: Match 68 [ '621.5' ]
🧪 HISTORY SPANS: Match 67 [ '318.5' ]
🧪 HISTORY SPANS: Match 66 [ '510' ]
🧪 HISTORY SPANS: Match 65 [ '80' ]
🧪 HISTORY SPANS: Match 64 [ '583.5' ]
🧪 HISTORY SPANS: Match 63 [ '81' ]
🧪 HISTORY SPANS: Match 62 [ '0' ]
🧪 HISTORY SPANS: Match 61 [ '283.5' ]
🧪 HISTORY SPANS: Match 60 [ '658' ]
🧪 HISTORY SPANS: Match 59 [ '163' ]
🧪 HISTORY SPANS: Match 58 [ '540.5' ]
🧪 HISTORY SPANS: Match 57 [ '223.5' ]
🧪 HISTORY SPANS: Match 56 [ '855' ]
🧪 HISTORY SPANS: Match 55 [ '259' ]
🧪 HISTORY SPANS: Match 54 [ '172.5' ]
🧪 HISTORY SPANS: Match 53 [ '192.5' ]
🧪 HISTORY SPANS: Match 52 [ '274' ]
🧪 HISTORY SPANS: Match 51 [ '187' ]
🧪 HISTORY SPANS: Match 50 [ '301' ]
🧪 HISTORY SPANS: Match 49 [ '659' ]
🧪 HISTORY SPANS: Match 48 [ '295' ]
🧪 HISTORY SPANS: Match 47 [ '293' ]
🧪 HISTORY SPANS: Match 46 [ '253' ]
🧪 HISTORY SPANS: Match 45 [ '135' ]
🧪 HISTORY SPANS: Match 44 [ '263.5' ]
🧪 HISTORY SPANS: Match 43 [ '247.5' ]
🧪 HISTORY SPANS: Match 42 [ '324.5' ]
🧪 HISTORY SPANS: Match 41 [ '320.5' ]
🧪 HISTORY SPANS: Match 40 [ '339' ]
🧪 HISTORY SPANS: Match 39 [ '88.5' ]
🧪 HISTORY SPANS: Match 38 [ '146.5' ]
🧪 HISTORY SPANS: Match 37 [ '259' ]
🧪 HISTORY SPANS: Match 36 [ '511' ]
🧪 HISTORY SPANS: Match 35 [ '649' ]
🧪 HISTORY SPANS: Match 34 [ '242' ]
🧪 HISTORY SPANS: Match 33 [ '148' ]
🧪 HISTORY SPANS: Match 32 [ '159' ]
🧪 HISTORY SPANS: Match 31 [ '283' ]
🧪 HISTORY SPANS: Match 30 [ '135' ]
🧪 HISTORY SPANS: Match 29 [ '159' ]
🧪 HISTORY SPANS: Match 28 [ '232.5' ]
🧪 HISTORY SPANS: Match 27 [ '158.5' ]
🧪 HISTORY SPANS: Match 26 [ '93' ]
🧪 HISTORY SPANS: Match 25 [ '271.5' ]
🧪 HISTORY SPANS: Match 24 [ '244.5' ]
🧪 HISTORY SPANS: Match 23 [ '218' ]
🧪 HISTORY SPANS: Match 22 [ '305' ]
🧪 HISTORY SPANS: Match 21 [ '322.5' ]
🧪 HISTORY SPANS: Match 20 [ '212.5' ]
🧪 HISTORY SPANS: Match 19 [ '282.5' ]
🧪 HISTORY SPANS: Match 18 [ '332' ]
🧪 HISTORY SPANS: Match 17 [ '109' ]
🧪 HISTORY SPANS: Match 16 [ '352.5' ]
🧪 HISTORY SPANS: Match 15 [ '168' ]
🧪 HISTORY SPANS: Match 14 [ '198.5' ]
🧪 HISTORY SPANS: Match 13 [ '241' ]
🧪 HISTORY SPANS: Match 12 [ '65' ]
🧪 HISTORY SPANS: Match 11 [ '302.5' ]
🧪 HISTORY SPANS: Match 10 [ '238.5' ]
🧪 HISTORY SPANS: Match 9 [ '307' ]
🧪 HISTORY SPANS: Match 8 [ '257.5' ]
🧪 HISTORY SPANS: Match 7 [ '307' ]
🧪 HISTORY SPANS: Match 6 [ '141' ]
🧪 HISTORY SPANS: Match 5 [ '108.5' ]
🧪 HISTORY SPANS: Match 4 [ '196.5' ]
🧪 HISTORY SPANS: Match 3 [ '165.5' ]
🧪 HISTORY SPANS: Match 2 [ '337.5' ]
🧪 HISTORY SPANS: Match 1 [ '535' ]
✅ Watapi → 72 matches

👉 PKs11
🧪 HISTORY SPANS: Match 72 [ '715.5' ]
🧪 HISTORY SPANS: Match 71 [ '1,145' ]
🧪 HISTORY SPANS: Match 70 [ '0' ]
🧪 HISTORY SPANS: Match 69 [ '962' ]
🧪 HISTORY SPANS: Match 68 [ '670' ]
🧪 HISTORY SPANS: Match 67 [ '1,193' ]
🧪 HISTORY SPANS: Match 66 [ '856' ]
🧪 HISTORY SPANS: Match 65 [ '131' ]
🧪 HISTORY SPANS: Match 64 [ '2' ]
🧪 HISTORY SPANS: Match 63 [ '0' ]
🧪 HISTORY SPANS: Match 62 [ '0' ]
🧪 HISTORY SPANS: Match 61 [ '147.5' ]
🧪 HISTORY SPANS: Match 60 [ '124' ]
🧪 HISTORY SPANS: Match 59 [ '-2' ]
🧪 HISTORY SPANS: Match 58 [ '350.5' ]
🧪 HISTORY SPANS: Match 57 [ '460.5' ]
🧪 HISTORY SPANS: Match 56 [ '341' ]
🧪 HISTORY SPANS: Match 55 [ '221' ]
🧪 HISTORY SPANS: Match 54 [ '112' ]
🧪 HISTORY SPANS: Match 53 [ '102.5' ]
🧪 HISTORY SPANS: Match 52 [ '434.5' ]
🧪 HISTORY SPANS: Match 51 [ '162.5' ]
🧪 HISTORY SPANS: Match 50 [ '387' ]
🧪 HISTORY SPANS: Match 49 [ '210.5' ]
🧪 HISTORY SPANS: Match 48 [ '144' ]
🧪 HISTORY SPANS: Match 47 [ '827' ]
🧪 HISTORY SPANS: Match 46 [ '259' ]
🧪 HISTORY SPANS: Match 45 [ '181' ]
🧪 HISTORY SPANS: Match 44 [ '224' ]
🧪 HISTORY SPANS: Match 43 [ '197.5' ]
🧪 HISTORY SPANS: Match 42 [ '313.5' ]
🧪 HISTORY SPANS: Match 41 [ '497.5' ]
🧪 HISTORY SPANS: Match 40 [ '100' ]
🧪 HISTORY SPANS: Match 39 [ '152.5' ]
🧪 HISTORY SPANS: Match 38 [ '131' ]
🧪 HISTORY SPANS: Match 37 [ '524' ]
🧪 HISTORY SPANS: Match 36 [ '326.5' ]
🧪 HISTORY SPANS: Match 35 [ '455' ]
🧪 HISTORY SPANS: Match 34 [ '322' ]
🧪 HISTORY SPANS: Match 33 [ '308.5' ]
🧪 HISTORY SPANS: Match 32 [ '303' ]
🧪 HISTORY SPANS: Match 31 [ '322' ]
🧪 HISTORY SPANS: Match 30 [ '75.5' ]
🧪 HISTORY SPANS: Match 29 [ '402.5' ]
🧪 HISTORY SPANS: Match 28 [ '280.5' ]
🧪 HISTORY SPANS: Match 27 [ '245.5' ]
🧪 HISTORY SPANS: Match 26 [ '325' ]
🧪 HISTORY SPANS: Match 25 [ '275' ]
🧪 HISTORY SPANS: Match 24 [ '169.5' ]
🧪 HISTORY SPANS: Match 23 [ '297.5' ]
🧪 HISTORY SPANS: Match 22 [ '115' ]
🧪 HISTORY SPANS: Match 21 [ '46' ]
🧪 HISTORY SPANS: Match 20 [ '226.5' ]
🧪 HISTORY SPANS: Match 19 [ '155.5' ]
🧪 HISTORY SPANS: Match 18 [ '101.5' ]
🧪 HISTORY SPANS: Match 17 [ '188' ]
🧪 HISTORY SPANS: Match 16 [ '135.5' ]
🧪 HISTORY SPANS: Match 15 [ '217.5' ]
🧪 HISTORY SPANS: Match 14 [ '82' ]
🧪 HISTORY SPANS: Match 13 [ '265.5' ]
🧪 HISTORY SPANS: Match 12 [ '35.5' ]
🧪 HISTORY SPANS: Match 11 [ '146' ]
🧪 HISTORY SPANS: Match 10 [ '240' ]
🧪 HISTORY SPANS: Match 9 [ '471.5' ]
🧪 HISTORY SPANS: Match 8 [ '99.5' ]
🧪 HISTORY SPANS: Match 7 [ '197' ]
🧪 HISTORY SPANS: Match 6 [ '331' ]
🧪 HISTORY SPANS: Match 5 [ '47' ]
🧪 HISTORY SPANS: Match 4 [ '169' ]
🧪 HISTORY SPANS: Match 3 [ '241.5' ]
🧪 HISTORY SPANS: Match 2 [ '415.5' ]
🧪 HISTORY SPANS: Match 1 [ '530.5' ]
✅ PKs11 → 72 matches

👉 Bat Bowl XI
🧪 HISTORY SPANS: Match 72 [ '0' ]
🧪 HISTORY SPANS: Match 71 [ '592' ]
🧪 HISTORY SPANS: Match 70 [ '636' ]
🧪 HISTORY SPANS: Match 69 [ '872' ]
🧪 HISTORY SPANS: Match 68 [ '777.5' ]
🧪 HISTORY SPANS: Match 67 [ '704.5' ]
🧪 HISTORY SPANS: Match 66 [ '788' ]
🧪 HISTORY SPANS: Match 65 [ '567' ]
🧪 HISTORY SPANS: Match 64 [ '1,128' ]
🧪 HISTORY SPANS: Match 63 [ '594' ]
🧪 HISTORY SPANS: Match 62 [ '1,076' ]
🧪 HISTORY SPANS: Match 61 [ '485' ]
🧪 HISTORY SPANS: Match 60 [ '744' ]
🧪 HISTORY SPANS: Match 59 [ '0' ]
🧪 HISTORY SPANS: Match 58 [ '409' ]
🧪 HISTORY SPANS: Match 57 [ '493.5' ]
🧪 HISTORY SPANS: Match 56 [ '418' ]
🧪 HISTORY SPANS: Match 55 [ '86' ]
🧪 HISTORY SPANS: Match 54 [ '303.5' ]
🧪 HISTORY SPANS: Match 53 [ '75' ]
🧪 HISTORY SPANS: Match 52 [ '363.5' ]
🧪 HISTORY SPANS: Match 51 [ '274.5' ]
🧪 HISTORY SPANS: Match 50 [ '384' ]
🧪 HISTORY SPANS: Match 49 [ '261' ]
🧪 HISTORY SPANS: Match 48 [ '315' ]
🧪 HISTORY SPANS: Match 47 [ '0' ]
🧪 HISTORY SPANS: Match 46 [ '132.5' ]
🧪 HISTORY SPANS: Match 45 [ '60' ]
🧪 HISTORY SPANS: Match 44 [ '57' ]
🧪 HISTORY SPANS: Match 43 [ '220' ]
🧪 HISTORY SPANS: Match 42 [ '296' ]
🧪 HISTORY SPANS: Match 41 [ '84' ]
🧪 HISTORY SPANS: Match 40 [ '203' ]
🧪 HISTORY SPANS: Match 39 [ '86.5' ]
🧪 HISTORY SPANS: Match 38 [ '0' ]
🧪 HISTORY SPANS: Match 37 [ '125' ]
🧪 HISTORY SPANS: Match 36 [ '279' ]
🧪 HISTORY SPANS: Match 35 [ '246' ]
🧪 HISTORY SPANS: Match 34 [ '85' ]
🧪 HISTORY SPANS: Match 33 [ '136.5' ]
🧪 HISTORY SPANS: Match 32 [ '130' ]
🧪 HISTORY SPANS: Match 31 [ '175.5' ]
🧪 HISTORY SPANS: Match 30 [ '184' ]
🧪 HISTORY SPANS: Match 29 [ '103' ]
🧪 HISTORY SPANS: Match 28 [ '105' ]
🧪 HISTORY SPANS: Match 27 [ '58.5' ]
🧪 HISTORY SPANS: Match 26 [ '16' ]
🧪 HISTORY SPANS: Match 25 [ '53' ]
🧪 HISTORY SPANS: Match 24 [ '460' ]
🧪 HISTORY SPANS: Match 23 [ '111' ]
🧪 HISTORY SPANS: Match 22 [ '104' ]
🧪 HISTORY SPANS: Match 21 [ '206' ]
🧪 HISTORY SPANS: Match 20 [ '246' ]
🧪 HISTORY SPANS: Match 19 [ '12' ]
🧪 HISTORY SPANS: Match 18 [ '40' ]
🧪 HISTORY SPANS: Match 17 [ '314' ]
🧪 HISTORY SPANS: Match 16 [ '124' ]
🧪 HISTORY SPANS: Match 15 [ '78' ]
🧪 HISTORY SPANS: Match 14 [ '149.5' ]
🧪 HISTORY SPANS: Match 13 [ '114' ]
🧪 HISTORY SPANS: Match 12 [ '41.5' ]
🧪 HISTORY SPANS: Match 11 [ '75.5' ]
🧪 HISTORY SPANS: Match 10 [ '76' ]
🧪 HISTORY SPANS: Match 9 [ '277' ]
🧪 HISTORY SPANS: Match 8 [ '10' ]
🧪 HISTORY SPANS: Match 7 [ '239' ]
🧪 HISTORY SPANS: Match 6 [ '175' ]
🧪 HISTORY SPANS: Match 5 [ '0' ]
🧪 HISTORY SPANS: Match 4 [ '242.5' ]
🧪 HISTORY SPANS: Match 3 [ '140.5' ]
🧪 HISTORY SPANS: Match 2 [ '374.5' ]
🧪 HISTORY SPANS: Match 1 [ '343' ]
✅ Bat Bowl XI → 72 matches

👉 RushS01
🧪 HISTORY SPANS: Match 72 [ '185' ]
🧪 HISTORY SPANS: Match 71 [ '407' ]
🧪 HISTORY SPANS: Match 70 [ '0' ]
🧪 HISTORY SPANS: Match 69 [ '89' ]
🧪 HISTORY SPANS: Match 68 [ '0' ]
🧪 HISTORY SPANS: Match 67 [ '352' ]
🧪 HISTORY SPANS: Match 66 [ '0' ]
🧪 HISTORY SPANS: Match 65 [ '127.5' ]
🧪 HISTORY SPANS: Match 64 [ '0' ]
🧪 HISTORY SPANS: Match 63 [ '146' ]
🧪 HISTORY SPANS: Match 62 [ '0' ]
🧪 HISTORY SPANS: Match 61 [ '58' ]
🧪 HISTORY SPANS: Match 60 [ '0' ]
🧪 HISTORY SPANS: Match 59 [ '0' ]
🧪 HISTORY SPANS: Match 58 [ '72' ]
🧪 HISTORY SPANS: Match 57 [ '54' ]
🧪 HISTORY SPANS: Match 56 [ '54' ]
🧪 HISTORY SPANS: Match 55 [ '0' ]
🧪 HISTORY SPANS: Match 54 [ '355' ]
🧪 HISTORY SPANS: Match 53 [ '0' ]
🧪 HISTORY SPANS: Match 52 [ '0' ]
🧪 HISTORY SPANS: Match 51 [ '0' ]
🧪 HISTORY SPANS: Match 50 [ '183' ]
🧪 HISTORY SPANS: Match 49 [ '219' ]
🧪 HISTORY SPANS: Match 48 [ '0' ]
🧪 HISTORY SPANS: Match 47 [ '270' ]
🧪 HISTORY SPANS: Match 46 [ '0' ]
🧪 HISTORY SPANS: Match 45 [ '51' ]
🧪 HISTORY SPANS: Match 44 [ '82.5' ]
🧪 HISTORY SPANS: Match 43 [ '0' ]
🧪 HISTORY SPANS: Match 42 [ '144' ]
🧪 HISTORY SPANS: Match 41 [ '205' ]
🧪 HISTORY SPANS: Match 40 [ '0' ]
🧪 HISTORY SPANS: Match 39 [ '144' ]
🧪 HISTORY SPANS: Match 38 [ '0' ]
🧪 HISTORY SPANS: Match 37 [ '0' ]
🧪 HISTORY SPANS: Match 36 [ '197' ]
🧪 HISTORY SPANS: Match 35 [ '0' ]
🧪 HISTORY SPANS: Match 34 [ '75' ]
🧪 HISTORY SPANS: Match 33 [ '107.5' ]
🧪 HISTORY SPANS: Match 32 [ '0' ]
🧪 HISTORY SPANS: Match 31 [ '186' ]
🧪 HISTORY SPANS: Match 30 [ '75.5' ]
🧪 HISTORY SPANS: Match 29 [ '0' ]
🧪 HISTORY SPANS: Match 28 [ '0' ]
🧪 HISTORY SPANS: Match 27 [ '260' ]
🧪 HISTORY SPANS: Match 26 [ '155' ]
🧪 HISTORY SPANS: Match 25 [ '0' ]
🧪 HISTORY SPANS: Match 24 [ '5' ]
🧪 HISTORY SPANS: Match 23 [ '207' ]
🧪 HISTORY SPANS: Match 22 [ '0' ]
🧪 HISTORY SPANS: Match 21 [ '175' ]
🧪 HISTORY SPANS: Match 20 [ '289' ]
🧪 HISTORY SPANS: Match 19 [ '0' ]
🧪 HISTORY SPANS: Match 18 [ '0' ]
🧪 HISTORY SPANS: Match 17 [ '66' ]
🧪 HISTORY SPANS: Match 16 [ '168' ]
🧪 HISTORY SPANS: Match 15 [ '0' ]
🧪 HISTORY SPANS: Match 14 [ '0' ]
🧪 HISTORY SPANS: Match 13 [ '42' ]
🧪 HISTORY SPANS: Match 12 [ '0' ]
🧪 HISTORY SPANS: Match 11 [ '268' ]
🧪 HISTORY SPANS: Match 10 [ '209' ]
🧪 HISTORY SPANS: Match 9 [ '0' ]
🧪 HISTORY SPANS: Match 8 [ '206' ]
🧪 HISTORY SPANS: Match 7 [ '0' ]
🧪 HISTORY SPANS: Match 6 [ '259' ]
🧪 HISTORY SPANS: Match 5 [ '0' ]
🧪 HISTORY SPANS: Match 4 [ '0' ]
🧪 HISTORY SPANS: Match 3 [ '0' ]
🧪 HISTORY SPANS: Match 2 [ '257' ]
🧪 HISTORY SPANS: Match 1 [ '667' ]
✅ RushS01 → 72 matches

📦 Done: 8
📡 History status: 200
📨 Response: {"success":true}
✅ History saved
