
==============================
🚀 START scrape at: 2026-05-07T04:05:45.066Z
📊 Match: { currentMatch: 50, completedPct: 70 }
📊 Rows found: 8
DEBUG: {
  name: 'SquadSeven9',
  captainImage: 'https://fantasy.iplt20.com/classic/static-assets/build/images/players/onpitch/66799.png',
  transfersLeft: 65
}
DEBUG: {
  name: 'Deccan Dominators',
  captainImage: 'https://fantasy.iplt20.com/classic/static-assets/build/images/players/onpitch/66799.png',
  transfersLeft: 57
}
DEBUG: {
  name: 'VATVAGHOOL XI',
  captainImage: 'https://fantasy.iplt20.com/classic/static-assets/build/images/players/onpitch/70222.png',
  transfersLeft: 59
}
DEBUG: {
  name: 'Watapi',
  captainImage: 'https://fantasy.iplt20.com/classic/static-assets/build/images/players/onpitch/63961.png',
  transfersLeft: 53
}
DEBUG: {
  name: 'RSAwesome 11',
  captainImage: 'https://fantasy.iplt20.com/classic/static-assets/build/images/players/onpitch/66799.png',
  transfersLeft: 62
}
DEBUG: {
  name: 'PKs11',
  captainImage: 'https://fantasy.iplt20.com/classic/static-assets/build/images/players/onpitch/66799.png',
  transfersLeft: 78
}
DEBUG: {
  name: 'Bat Bowl XI',
  captainImage: 'https://fantasy.iplt20.com/classic/static-assets/build/images/players/onpitch/64712.png',
  transfersLeft: 122
}
DEBUG: {
  name: 'RushS01',
  captainImage: 'https://fantasy.iplt20.com/classic/static-assets/build/images/players/onpitch/3852.png',
  transfersLeft: 157
}
📦 Payload ready
📡 Sending LIVE update
📡 POST status: 200
📨 Response: {"success":true}
🏁 END scrape at: 2026-05-07T04:05:56.269Z
==============================


==============================
🚀 START scrape at: 2026-05-07T09:30:02.322Z
📊 Match: { currentMatch: 50, completedPct: 70 }
📊 Rows found: 8
DEBUG: {
  name: 'SquadSeven9',
  captainImage: 'https://fantasy.iplt20.com/classic/static-assets/build/images/players/onpitch/66799.png',
  transfersLeft: 65
}
DEBUG: {
  name: 'Deccan Dominators',
  captainImage: 'https://fantasy.iplt20.com/classic/static-assets/build/images/players/onpitch/66799.png',
  transfersLeft: 57
}
DEBUG: {
  name: 'VATVAGHOOL XI',
  captainImage: 'https://fantasy.iplt20.com/classic/static-assets/build/images/players/onpitch/70222.png',
  transfersLeft: 59
}
DEBUG: {
  name: 'Watapi',
  captainImage: 'https://fantasy.iplt20.com/classic/static-assets/build/images/players/onpitch/63961.png',
  transfersLeft: 53
}
DEBUG: {
  name: 'RSAwesome 11',
  captainImage: 'https://fantasy.iplt20.com/classic/static-assets/build/images/players/onpitch/66799.png',
  transfersLeft: 62
}
DEBUG: {
  name: 'PKs11',
  captainImage: 'https://fantasy.iplt20.com/classic/static-assets/build/images/players/onpitch/66799.png',
  transfersLeft: 78
}
DEBUG: {
  name: 'Bat Bowl XI',
  captainImage: 'https://fantasy.iplt20.com/classic/static-assets/build/images/players/onpitch/64712.png',
  transfersLeft: 122
}
DEBUG: {
  name: 'RushS01',
  captainImage: 'https://fantasy.iplt20.com/classic/static-assets/build/images/players/onpitch/3852.png',
  transfersLeft: 157
}
📦 Payload ready
📡 Sending LIVE update
📡 POST status: 200
📨 Response: {"success":true}
🏁 END scrape at: 2026-05-07T09:30:20.959Z
==============================


==============================
🚀 START scrape at: 2026-05-07T09:32:01.015Z
📊 Match: { currentMatch: 50, completedPct: 70 }
📊 Rows found: 8
DEBUG: {
  name: 'SquadSeven9',
  captainImage: 'https://fantasy.iplt20.com/classic/static-assets/build/images/players/onpitch/66799.png',
  transfersLeft: 65
}
DEBUG: {
  name: 'Deccan Dominators',
  captainImage: 'https://fantasy.iplt20.com/classic/static-assets/build/images/players/onpitch/66799.png',
  transfersLeft: 57
}
DEBUG: {
  name: 'VATVAGHOOL XI',
  captainImage: 'https://fantasy.iplt20.com/classic/static-assets/build/images/players/onpitch/70222.png',
  transfersLeft: 59
}
DEBUG: {
  name: 'Watapi',
  captainImage: 'https://fantasy.iplt20.com/classic/static-assets/build/images/players/onpitch/63961.png',
  transfersLeft: 53
}
DEBUG: {
  name: 'RSAwesome 11',
  captainImage: 'https://fantasy.iplt20.com/classic/static-assets/build/images/players/onpitch/66799.png',
  transfersLeft: 62
}
DEBUG: {
  name: 'PKs11',
  captainImage: 'https://fantasy.iplt20.com/classic/static-assets/build/images/players/onpitch/66799.png',
  transfersLeft: 78
}
DEBUG: {
  name: 'Bat Bowl XI',
  captainImage: 'https://fantasy.iplt20.com/classic/static-assets/build/images/players/onpitch/64712.png',
  transfersLeft: 122
}
DEBUG: {
  name: 'RushS01',
  captainImage: 'https://fantasy.iplt20.com/classic/static-assets/build/images/players/onpitch/3852.png',
  transfersLeft: 157
}
📦 Payload ready
📡 Sending LIVE update
📡 POST status: 200
📨 Response: {"success":true}
🏁 END scrape at: 2026-05-07T09:32:15.140Z
==============================


==============================
🚀 START scrape at: 2026-05-07T09:34:00.825Z
📊 Match: { currentMatch: 50, completedPct: 70 }
📊 Rows found: 8
DEBUG: {
  name: 'SquadSeven9',
  captainImage: 'https://fantasy.iplt20.com/classic/static-assets/build/images/players/onpitch/66799.png',
  transfersLeft: 65
}
DEBUG: {
  name: 'Deccan Dominators',
  captainImage: 'https://fantasy.iplt20.com/classic/static-assets/build/images/players/onpitch/66799.png',
  transfersLeft: 57
}
DEBUG: {
  name: 'VATVAGHOOL XI',
  captainImage: 'https://fantasy.iplt20.com/classic/static-assets/build/images/players/onpitch/70222.png',
  transfersLeft: 59
}
DEBUG: {
  name: 'Watapi',
  captainImage: 'https://fantasy.iplt20.com/classic/static-assets/build/images/players/onpitch/63961.png',
  transfersLeft: 53
}
DEBUG: {
  name: 'RSAwesome 11',
  captainImage: 'https://fantasy.iplt20.com/classic/static-assets/build/images/players/onpitch/66799.png',
  transfersLeft: 62
}
DEBUG: {
  name: 'PKs11',
  captainImage: 'https://fantasy.iplt20.com/classic/static-assets/build/images/players/onpitch/66799.png',
  transfersLeft: 78
}
DEBUG: {
  name: 'Bat Bowl XI',
  captainImage: 'https://fantasy.iplt20.com/classic/static-assets/build/images/players/onpitch/64712.png',
  transfersLeft: 122
}
DEBUG: {
  name: 'RushS01',
  captainImage: 'https://fantasy.iplt20.com/classic/static-assets/build/images/players/onpitch/3852.png',
  transfersLeft: 157
}
📦 Payload ready
📡 Sending LIVE update
📡 POST status: 200
📨 Response: {"success":true}
🏁 END scrape at: 2026-05-07T09:34:14.239Z
==============================


==============================
🚀 START scrape at: 2026-05-07T09:36:01.002Z
📊 Match: { currentMatch: 50, completedPct: 70 }
📊 Rows found: 8
DEBUG: {
  name: 'SquadSeven9',
  captainImage: 'https://fantasy.iplt20.com/classic/static-assets/build/images/players/onpitch/66799.png',
  transfersLeft: 65
}
DEBUG: {
  name: 'Deccan Dominators',
  captainImage: 'https://fantasy.iplt20.com/classic/static-assets/build/images/players/onpitch/66799.png',
  transfersLeft: 57
}
DEBUG: {
  name: 'VATVAGHOOL XI',
  captainImage: 'https://fantasy.iplt20.com/classic/static-assets/build/images/players/onpitch/70222.png',
  transfersLeft: 59
}
DEBUG: {
  name: 'Watapi',
  captainImage: 'https://fantasy.iplt20.com/classic/static-assets/build/images/players/onpitch/63961.png',
  transfersLeft: 53
}
DEBUG: {
  name: 'RSAwesome 11',
  captainImage: 'https://fantasy.iplt20.com/classic/static-assets/build/images/players/onpitch/66799.png',
  transfersLeft: 62
}
DEBUG: {
  name: 'PKs11',
  captainImage: 'https://fantasy.iplt20.com/classic/static-assets/build/images/players/onpitch/66799.png',
  transfersLeft: 78
}
DEBUG: {
  name: 'Bat Bowl XI',
  captainImage: 'https://fantasy.iplt20.com/classic/static-assets/build/images/players/onpitch/64712.png',
  transfersLeft: 122
}
DEBUG: {
  name: 'RushS01',
  captainImage: 'https://fantasy.iplt20.com/classic/static-assets/build/images/players/onpitch/3852.png',
  transfersLeft: 157
}
📦 Payload ready
📡 Sending LIVE update
📡 POST status: 200
📨 Response: {"success":true}
🏁 END scrape at: 2026-05-07T09:36:14.843Z
==============================


==============================
🚀 START scrape at: 2026-05-07T09:38:00.732Z
📊 Match: { currentMatch: 50, completedPct: 70 }
📊 Rows found: 8
DEBUG: {
  name: 'SquadSeven9',
  captainImage: 'https://fantasy.iplt20.com/classic/static-assets/build/images/players/onpitch/66799.png',
  transfersLeft: 65
}
DEBUG: {
  name: 'Deccan Dominators',
  captainImage: 'https://fantasy.iplt20.com/classic/static-assets/build/images/players/onpitch/66799.png',
  transfersLeft: 57
}
DEBUG: {
  name: 'VATVAGHOOL XI',
  captainImage: 'https://fantasy.iplt20.com/classic/static-assets/build/images/players/onpitch/70222.png',
  transfersLeft: 59
}
DEBUG: {
  name: 'Watapi',
  captainImage: 'https://fantasy.iplt20.com/classic/static-assets/build/images/players/onpitch/63961.png',
  transfersLeft: 53
}
DEBUG: {
  name: 'RSAwesome 11',
  captainImage: 'https://fantasy.iplt20.com/classic/static-assets/build/images/players/onpitch/63961.png',
  transfersLeft: null
}
DEBUG: {
  name: 'PKs11',
  captainImage: 'https://fantasy.iplt20.com/classic/static-assets/build/images/players/onpitch/66799.png',
  transfersLeft: 78
}
DEBUG: {
  name: 'Bat Bowl XI',
  captainImage: 'https://fantasy.iplt20.com/classic/static-assets/build/images/players/onpitch/64712.png',
  transfersLeft: 122
}
DEBUG: {
  name: 'RushS01',
  captainImage: 'https://fantasy.iplt20.com/classic/static-assets/build/images/players/onpitch/3852.png',
  transfersLeft: 157
}
📦 Payload ready
📡 Sending LIVE update
📡 POST status: 200
📨 Response: {"success":true}
🏁 END scrape at: 2026-05-07T09:38:17.606Z
==============================


==============================
🚀 START scrape at: 2026-05-07T09:40:01.329Z
📊 Match: { currentMatch: 50, completedPct: 70 }
📊 Rows found: 8
DEBUG: {
  name: 'SquadSeven9',
  captainImage: 'https://fantasy.iplt20.com/classic/static-assets/build/images/players/onpitch/66799.png',
  transfersLeft: 65
}
DEBUG: {
  name: 'Deccan Dominators',
  captainImage: 'https://fantasy.iplt20.com/classic/static-assets/build/images/players/onpitch/66799.png',
  transfersLeft: 57
}
DEBUG: {
  name: 'VATVAGHOOL XI',
  captainImage: 'https://fantasy.iplt20.com/classic/static-assets/build/images/players/onpitch/70222.png',
  transfersLeft: 59
}
DEBUG: {
  name: 'Watapi',
  captainImage: 'https://fantasy.iplt20.com/classic/static-assets/build/images/players/onpitch/63961.png',
  transfersLeft: 53
}
DEBUG: {
  name: 'RSAwesome 11',
  captainImage: 'https://fantasy.iplt20.com/classic/static-assets/build/images/players/onpitch/66799.png',
  transfersLeft: 62
}
DEBUG: {
  name: 'PKs11',
  captainImage: 'https://fantasy.iplt20.com/classic/static-assets/build/images/players/onpitch/66799.png',
  transfersLeft: 78
}
DEBUG: {
  name: 'Bat Bowl XI',
  captainImage: 'https://fantasy.iplt20.com/classic/static-assets/build/images/players/onpitch/64712.png',
  transfersLeft: 122
}
DEBUG: {
  name: 'RushS01',
  captainImage: 'https://fantasy.iplt20.com/classic/static-assets/build/images/players/onpitch/3852.png',
  transfersLeft: 157
}
📦 Payload ready
📡 Sending LIVE update
📡 POST status: 200
📨 Response: {"success":true}
🏁 END scrape at: 2026-05-07T09:40:17.897Z
==============================


==============================
🚀 START scrape at: 2026-05-07T09:42:01.179Z
📊 Match: { currentMatch: 50, completedPct: 70 }
📊 Rows found: 8
DEBUG: {
  name: 'SquadSeven9',
  captainImage: 'https://fantasy.iplt20.com/classic/static-assets/build/images/players/onpitch/66799.png',
  transfersLeft: 65
}
DEBUG: {
  name: 'Deccan Dominators',
  captainImage: 'https://fantasy.iplt20.com/classic/static-assets/build/images/players/onpitch/66799.png',
  transfersLeft: 57
}
DEBUG: {
  name: 'VATVAGHOOL XI',
  captainImage: 'https://fantasy.iplt20.com/classic/static-assets/build/images/players/onpitch/70222.png',
  transfersLeft: 59
}
DEBUG: {
  name: 'Watapi',
  captainImage: 'https://fantasy.iplt20.com/classic/static-assets/build/images/players/onpitch/63961.png',
  transfersLeft: 53
}
DEBUG: {
  name: 'RSAwesome 11',
  captainImage: 'https://fantasy.iplt20.com/classic/static-assets/build/images/players/onpitch/66799.png',
  transfersLeft: 62
}
DEBUG: {
  name: 'PKs11',
  captainImage: 'https://fantasy.iplt20.com/classic/static-assets/build/images/players/onpitch/66799.png',
  transfersLeft: 78
}
DEBUG: {
  name: 'Bat Bowl XI',
  captainImage: 'https://fantasy.iplt20.com/classic/static-assets/build/images/players/onpitch/64712.png',
  transfersLeft: 122
}
DEBUG: {
  name: 'RushS01',
  captainImage: 'https://fantasy.iplt20.com/classic/static-assets/build/images/players/onpitch/3852.png',
  transfersLeft: 157
}
📦 Payload ready
📡 Sending LIVE update
📡 POST status: 200
📨 Response: {"success":true}
🏁 END scrape at: 2026-05-07T09:42:17.499Z
==============================


==============================
🚀 START scrape at: 2026-05-07T09:44:01.409Z
📊 Match: { currentMatch: 50, completedPct: 70 }
📊 Rows found: 8
DEBUG: {
  name: 'SquadSeven9',
  captainImage: 'https://fantasy.iplt20.com/classic/static-assets/build/images/players/onpitch/66799.png',
  transfersLeft: 65
}
DEBUG: {
  name: 'Deccan Dominators',
  captainImage: 'https://fantasy.iplt20.com/classic/static-assets/build/images/players/onpitch/66799.png',
  transfersLeft: 57
}
DEBUG: {
  name: 'VATVAGHOOL XI',
  captainImage: 'https://fantasy.iplt20.com/classic/static-assets/build/images/players/onpitch/70222.png',
  transfersLeft: 59
}
DEBUG: {
  name: 'Watapi',
  captainImage: 'https://fantasy.iplt20.com/classic/static-assets/build/images/players/onpitch/70222.png',
  transfersLeft: null
}
DEBUG: {
  name: 'RSAwesome 11',
  captainImage: 'https://fantasy.iplt20.com/classic/static-assets/build/images/players/onpitch/66799.png',
  transfersLeft: 62
}
DEBUG: {
  name: 'PKs11',
  captainImage: 'https://fantasy.iplt20.com/classic/static-assets/build/images/players/onpitch/66799.png',
  transfersLeft: 78
}
DEBUG: {
  name: 'Bat Bowl XI',
  captainImage: 'https://fantasy.iplt20.com/classic/static-assets/build/images/players/onpitch/64712.png',
  transfersLeft: 122
}
DEBUG: {
  name: 'RushS01',
  captainImage: 'https://fantasy.iplt20.com/classic/static-assets/build/images/players/onpitch/3852.png',
  transfersLeft: 157
}
📦 Payload ready
📡 Sending LIVE update
📡 POST status: 200
📨 Response: {"success":true}
🏁 END scrape at: 2026-05-07T09:44:16.865Z
==============================


==============================
🚀 START scrape at: 2026-05-07T09:46:01.159Z
📊 Match: { currentMatch: 50, completedPct: 70 }
📊 Rows found: 8
DEBUG: {
  name: 'SquadSeven9',
  captainImage: 'https://fantasy.iplt20.com/classic/static-assets/build/images/players/onpitch/66799.png',
  transfersLeft: 65
}
DEBUG: {
  name: 'Deccan Dominators',
  captainImage: 'https://fantasy.iplt20.com/classic/static-assets/build/images/players/onpitch/66799.png',
  transfersLeft: 57
}
DEBUG: {
  name: 'VATVAGHOOL XI',
  captainImage: 'https://fantasy.iplt20.com/classic/static-assets/build/images/players/onpitch/70222.png',
  transfersLeft: 59
}
DEBUG: {
  name: 'Watapi',
  captainImage: 'https://fantasy.iplt20.com/classic/static-assets/build/images/players/onpitch/63961.png',
  transfersLeft: 53
}
DEBUG: {
  name: 'RSAwesome 11',
  captainImage: 'https://fantasy.iplt20.com/classic/static-assets/build/images/players/onpitch/66799.png',
  transfersLeft: 62
}
DEBUG: {
  name: 'PKs11',
  captainImage: 'https://fantasy.iplt20.com/classic/static-assets/build/images/players/onpitch/66799.png',
  transfersLeft: 78
}
DEBUG: {
  name: 'Bat Bowl XI',
  captainImage: 'https://fantasy.iplt20.com/classic/static-assets/build/images/players/onpitch/64712.png',
  transfersLeft: 122
}
DEBUG: {
  name: 'RushS01',
  captainImage: 'https://fantasy.iplt20.com/classic/static-assets/build/images/players/onpitch/3852.png',
  transfersLeft: 157
}
📦 Payload ready
📡 Sending LIVE update
📡 POST status: 200
📨 Response: {"success":true}
🏁 END scrape at: 2026-05-07T09:46:18.658Z
==============================


==============================
🚀 START scrape at: 2026-05-07T09:48:01.523Z
📊 Match: { currentMatch: 50, completedPct: 70 }
📊 Rows found: 8
DEBUG: {
  name: 'SquadSeven9',
  captainImage: 'https://fantasy.iplt20.com/classic/static-assets/build/images/players/onpitch/66799.png',
  transfersLeft: 65
}
DEBUG: {
  name: 'Deccan Dominators',
  captainImage: 'https://fantasy.iplt20.com/classic/static-assets/build/images/players/onpitch/66799.png',
  transfersLeft: 57
}
DEBUG: {
  name: 'VATVAGHOOL XI',
  captainImage: 'https://fantasy.iplt20.com/classic/static-assets/build/images/players/onpitch/70222.png',
  transfersLeft: 59
}
DEBUG: {
  name: 'Watapi',
  captainImage: 'https://fantasy.iplt20.com/classic/static-assets/build/images/players/onpitch/63961.png',
  transfersLeft: 53
}
DEBUG: {
  name: 'RSAwesome 11',
  captainImage: 'https://fantasy.iplt20.com/classic/static-assets/build/images/players/onpitch/66799.png',
  transfersLeft: 62
}
DEBUG: {
  name: 'PKs11',
  captainImage: 'https://fantasy.iplt20.com/classic/static-assets/build/images/players/onpitch/66799.png',
  transfersLeft: 78
}
DEBUG: {
  name: 'Bat Bowl XI',
  captainImage: 'https://fantasy.iplt20.com/classic/static-assets/build/images/players/onpitch/64712.png',
  transfersLeft: 122
}
DEBUG: {
  name: 'RushS01',
  captainImage: 'https://fantasy.iplt20.com/classic/static-assets/build/images/players/onpitch/3852.png',
  transfersLeft: 157
}
📦 Payload ready
📡 Sending LIVE update
📡 POST status: 200
📨 Response: {"success":true}
🏁 END scrape at: 2026-05-07T09:48:19.416Z
==============================


==============================
🚀 START scrape at: 2026-05-07T09:50:01.075Z
📊 Match: { currentMatch: 50, completedPct: 70 }
📊 Rows found: 8
DEBUG: {
  name: 'SquadSeven9',
  captainImage: 'https://fantasy.iplt20.com/classic/static-assets/build/images/players/onpitch/66799.png',
  transfersLeft: 65
}
DEBUG: {
  name: 'Deccan Dominators',
  captainImage: 'https://fantasy.iplt20.com/classic/static-assets/build/images/players/onpitch/66799.png',
  transfersLeft: 57
}
DEBUG: {
  name: 'VATVAGHOOL XI',
  captainImage: 'https://fantasy.iplt20.com/classic/static-assets/build/images/players/onpitch/70222.png',
  transfersLeft: 59
}
DEBUG: {
  name: 'Watapi',
  captainImage: 'https://fantasy.iplt20.com/classic/static-assets/build/images/players/onpitch/63961.png',
  transfersLeft: 53
}
DEBUG: {
  name: 'RSAwesome 11',
  captainImage: 'https://fantasy.iplt20.com/classic/static-assets/build/images/players/onpitch/66799.png',
  transfersLeft: 62
}
DEBUG: {
  name: 'PKs11',
  captainImage: 'https://fantasy.iplt20.com/classic/static-assets/build/images/players/onpitch/66799.png',
  transfersLeft: 78
}
DEBUG: {
  name: 'Bat Bowl XI',
  captainImage: 'https://fantasy.iplt20.com/classic/static-assets/build/images/players/onpitch/64712.png',
  transfersLeft: 122
}
DEBUG: {
  name: 'RushS01',
  captainImage: 'https://fantasy.iplt20.com/classic/static-assets/build/images/players/onpitch/3852.png',
  transfersLeft: 157
}
📦 Payload ready
📡 Sending LIVE update
📡 POST status: 200
📨 Response: {"success":true}
🏁 END scrape at: 2026-05-07T09:50:15.038Z
==============================


==============================
🚀 START scrape at: 2026-05-07T09:52:00.681Z
📊 Match: { currentMatch: 50, completedPct: 70 }
📊 Rows found: 8
DEBUG: {
  name: 'SquadSeven9',
  captainImage: 'https://fantasy.iplt20.com/classic/static-assets/build/images/players/onpitch/66799.png',
  transfersLeft: 65
}
DEBUG: {
  name: 'Deccan Dominators',
  captainImage: 'https://fantasy.iplt20.com/classic/static-assets/build/images/players/onpitch/66799.png',
  transfersLeft: 57
}
DEBUG: {
  name: 'VATVAGHOOL XI',
  captainImage: 'https://fantasy.iplt20.com/classic/static-assets/build/images/players/onpitch/70222.png',
  transfersLeft: 59
}
DEBUG: {
  name: 'Watapi',
  captainImage: 'https://fantasy.iplt20.com/classic/static-assets/build/images/players/onpitch/63961.png',
  transfersLeft: 53
}
DEBUG: {
  name: 'RSAwesome 11',
  captainImage: 'https://fantasy.iplt20.com/classic/static-assets/build/images/players/onpitch/66799.png',
  transfersLeft: 62
}
DEBUG: {
  name: 'PKs11',
  captainImage: 'https://fantasy.iplt20.com/classic/static-assets/build/images/players/onpitch/66799.png',
  transfersLeft: 78
}
DEBUG: {
  name: 'Bat Bowl XI',
  captainImage: 'https://fantasy.iplt20.com/classic/static-assets/build/images/players/onpitch/64712.png',
  transfersLeft: 122
}
DEBUG: {
  name: 'RushS01',
  captainImage: 'https://fantasy.iplt20.com/classic/static-assets/build/images/players/onpitch/3852.png',
  transfersLeft: 157
}
📦 Payload ready
📡 Sending LIVE update
📡 POST status: 200
📨 Response: {"success":true}
🏁 END scrape at: 2026-05-07T09:52:14.845Z
==============================


==============================
🚀 START scrape at: 2026-05-07T09:54:01.684Z
📊 Match: { currentMatch: 50, completedPct: 70 }
📊 Rows found: 8
DEBUG: {
  name: 'SquadSeven9',
  captainImage: 'https://fantasy.iplt20.com/classic/static-assets/build/images/players/onpitch/66799.png',
  transfersLeft: 65
}
DEBUG: {
  name: 'Deccan Dominators',
  captainImage: 'https://fantasy.iplt20.com/classic/static-assets/build/images/players/onpitch/66799.png',
  transfersLeft: null
}
DEBUG: { name: 'VATVAGHOOL XI', captainImage: undefined, transfersLeft: 59 }
DEBUG: {
  name: 'Watapi',
  captainImage: 'https://fantasy.iplt20.com/classic/static-assets/build/images/players/onpitch/63961.png',
  transfersLeft: 53
}
DEBUG: {
  name: 'RSAwesome 11',
  captainImage: 'https://fantasy.iplt20.com/classic/static-assets/build/images/players/onpitch/66799.png',
  transfersLeft: 62
}
DEBUG: {
  name: 'PKs11',
  captainImage: 'https://fantasy.iplt20.com/classic/static-assets/build/images/players/onpitch/66799.png',
  transfersLeft: 78
}
DEBUG: {
  name: 'Bat Bowl XI',
  captainImage: 'https://fantasy.iplt20.com/classic/static-assets/build/images/players/onpitch/64712.png',
  transfersLeft: 122
}
DEBUG: {
  name: 'RushS01',
  captainImage: 'https://fantasy.iplt20.com/classic/static-assets/build/images/players/onpitch/3852.png',
  transfersLeft: 157
}
📦 Payload ready
❌ Payload invalid
🏁 END scrape at: 2026-05-07T09:54:17.123Z
==============================


==============================
🚀 START scrape at: 2026-05-07T09:56:00.903Z
📊 Match: { currentMatch: 50, completedPct: 70 }
📊 Rows found: 8
DEBUG: {
  name: 'SquadSeven9',
  captainImage: 'https://fantasy.iplt20.com/classic/static-assets/build/images/players/onpitch/66799.png',
  transfersLeft: 65
}
DEBUG: {
  name: 'Deccan Dominators',
  captainImage: 'https://fantasy.iplt20.com/classic/static-assets/build/images/players/onpitch/66799.png',
  transfersLeft: 57
}
DEBUG: {
  name: 'VATVAGHOOL XI',
  captainImage: 'https://fantasy.iplt20.com/classic/static-assets/build/images/players/onpitch/70222.png',
  transfersLeft: 59
}
DEBUG: {
  name: 'Watapi',
  captainImage: 'https://fantasy.iplt20.com/classic/static-assets/build/images/players/onpitch/63961.png',
  transfersLeft: 53
}
DEBUG: {
  name: 'RSAwesome 11',
  captainImage: 'https://fantasy.iplt20.com/classic/static-assets/build/images/players/onpitch/66799.png',
  transfersLeft: 62
}
DEBUG: {
  name: 'PKs11',
  captainImage: 'https://fantasy.iplt20.com/classic/static-assets/build/images/players/onpitch/66799.png',
  transfersLeft: 78
}
DEBUG: {
  name: 'Bat Bowl XI',
  captainImage: 'https://fantasy.iplt20.com/classic/static-assets/build/images/players/onpitch/64712.png',
  transfersLeft: 122
}
DEBUG: {
  name: 'RushS01',
  captainImage: 'https://fantasy.iplt20.com/classic/static-assets/build/images/players/onpitch/3852.png',
  transfersLeft: 157
}
📦 Payload ready
📡 Sending LIVE update
📡 POST status: 200
📨 Response: {"success":true}
🏁 END scrape at: 2026-05-07T09:56:14.955Z
==============================


==============================
🚀 START scrape at: 2026-05-07T09:58:00.759Z
📊 Match: { currentMatch: 50, completedPct: 70 }
📊 Rows found: 8
DEBUG: {
  name: 'SquadSeven9',
  captainImage: 'https://fantasy.iplt20.com/classic/static-assets/build/images/players/onpitch/66799.png',
  transfersLeft: 65
}
DEBUG: {
  name: 'Deccan Dominators',
  captainImage: 'https://fantasy.iplt20.com/classic/static-assets/build/images/players/onpitch/66799.png',
  transfersLeft: 57
}
DEBUG: {
  name: 'VATVAGHOOL XI',
  captainImage: 'https://fantasy.iplt20.com/classic/static-assets/build/images/players/onpitch/70222.png',
  transfersLeft: 59
}
DEBUG: {
  name: 'Watapi',
  captainImage: 'https://fantasy.iplt20.com/classic/static-assets/build/images/players/onpitch/63961.png',
  transfersLeft: 53
}
DEBUG: {
  name: 'RSAwesome 11',
  captainImage: 'https://fantasy.iplt20.com/classic/static-assets/build/images/players/onpitch/66799.png',
  transfersLeft: 62
}
DEBUG: {
  name: 'PKs11',
  captainImage: 'https://fantasy.iplt20.com/classic/static-assets/build/images/players/onpitch/66799.png',
  transfersLeft: 78
}
DEBUG: {
  name: 'Bat Bowl XI',
  captainImage: 'https://fantasy.iplt20.com/classic/static-assets/build/images/players/onpitch/64712.png',
  transfersLeft: 122
}
DEBUG: {
  name: 'RushS01',
  captainImage: '/classic/static-assets/build/images/players/onpitch/0.png',
  transfersLeft: 157
}
📦 Payload ready
📡 Sending LIVE update
📡 POST status: 200
📨 Response: {"success":true}
🏁 END scrape at: 2026-05-07T09:58:14.885Z
==============================


==============================
🚀 START scrape at: 2026-05-07T10:00:01.112Z
📊 Match: { currentMatch: 50, completedPct: 70 }
📊 Rows found: 8
DEBUG: {
  name: 'SquadSeven9',
  captainImage: 'https://fantasy.iplt20.com/classic/static-assets/build/images/players/onpitch/66799.png',
  transfersLeft: 65
}
DEBUG: {
  name: 'Deccan Dominators',
  captainImage: 'https://fantasy.iplt20.com/classic/static-assets/build/images/players/onpitch/66799.png',
  transfersLeft: 57
}
DEBUG: {
  name: 'VATVAGHOOL XI',
  captainImage: 'https://fantasy.iplt20.com/classic/static-assets/build/images/players/onpitch/70222.png',
  transfersLeft: 59
}
DEBUG: {
  name: 'Watapi',
  captainImage: 'https://fantasy.iplt20.com/classic/static-assets/build/images/players/onpitch/63961.png',
  transfersLeft: 53
}
DEBUG: {
  name: 'RSAwesome 11',
  captainImage: 'https://fantasy.iplt20.com/classic/static-assets/build/images/players/onpitch/66799.png',
  transfersLeft: 62
}
DEBUG: {
  name: 'PKs11',
  captainImage: 'https://fantasy.iplt20.com/classic/static-assets/build/images/players/onpitch/66799.png',
  transfersLeft: 78
}
DEBUG: {
  name: 'Bat Bowl XI',
  captainImage: 'https://fantasy.iplt20.com/classic/static-assets/build/images/players/onpitch/64712.png',
  transfersLeft: 122
}
DEBUG: {
  name: 'RushS01',
  captainImage: 'https://fantasy.iplt20.com/classic/static-assets/build/images/players/onpitch/64712.png',
  transfersLeft: 157
}
📦 Payload ready
📡 Sending LIVE update
📡 POST status: 200
📨 Response: {"success":true}
🏁 END scrape at: 2026-05-07T10:00:21.808Z
==============================


==============================
🚀 START scrape at: 2026-05-07T10:02:02.237Z
📊 Match: { currentMatch: 50, completedPct: 70 }
📊 Rows found: 8
DEBUG: {
  name: 'SquadSeven9',
  captainImage: 'https://fantasy.iplt20.com/classic/static-assets/build/images/players/onpitch/66799.png',
  transfersLeft: 65
}
DEBUG: {
  name: 'Deccan Dominators',
  captainImage: 'https://fantasy.iplt20.com/classic/static-assets/build/images/players/onpitch/66799.png',
  transfersLeft: 57
}
DEBUG: {
  name: 'VATVAGHOOL XI',
  captainImage: 'https://fantasy.iplt20.com/classic/static-assets/build/images/players/onpitch/70222.png',
  transfersLeft: 59
}
DEBUG: {
  name: 'Watapi',
  captainImage: 'https://fantasy.iplt20.com/classic/static-assets/build/images/players/onpitch/63961.png',
  transfersLeft: 53
}
DEBUG: {
  name: 'RSAwesome 11',
  captainImage: 'https://fantasy.iplt20.com/classic/static-assets/build/images/players/onpitch/66799.png',
  transfersLeft: 62
}
DEBUG: {
  name: 'PKs11',
  captainImage: 'https://fantasy.iplt20.com/classic/static-assets/build/images/players/onpitch/66799.png',
  transfersLeft: 78
}
DEBUG: {
  name: 'Bat Bowl XI',
  captainImage: 'https://fantasy.iplt20.com/classic/static-assets/build/images/players/onpitch/64712.png',
  transfersLeft: 122
}
DEBUG: {
  name: 'RushS01',
  captainImage: 'https://fantasy.iplt20.com/classic/static-assets/build/images/players/onpitch/3852.png',
  transfersLeft: 157
}
📦 Payload ready
📡 Sending LIVE update
📡 POST status: 200
📨 Response: {"success":true}
🏁 END scrape at: 2026-05-07T10:02:19.851Z
==============================


==============================
🚀 START scrape at: 2026-05-07T10:04:00.705Z
📊 Match: { currentMatch: 50, completedPct: 70 }
📊 Rows found: 8
DEBUG: {
  name: 'SquadSeven9',
  captainImage: 'https://fantasy.iplt20.com/classic/static-assets/build/images/players/onpitch/66799.png',
  transfersLeft: 65
}
DEBUG: {
  name: 'Deccan Dominators',
  captainImage: 'https://fantasy.iplt20.com/classic/static-assets/build/images/players/onpitch/66799.png',
  transfersLeft: 57
}
DEBUG: {
  name: 'VATVAGHOOL XI',
  captainImage: 'https://fantasy.iplt20.com/classic/static-assets/build/images/players/onpitch/70222.png',
  transfersLeft: 59
}
DEBUG: {
  name: 'Watapi',
  captainImage: 'https://fantasy.iplt20.com/classic/static-assets/build/images/players/onpitch/63961.png',
  transfersLeft: 53
}
DEBUG: {
  name: 'RSAwesome 11',
  captainImage: 'https://fantasy.iplt20.com/classic/static-assets/build/images/players/onpitch/66799.png',
  transfersLeft: 62
}
DEBUG: {
  name: 'PKs11',
  captainImage: 'https://fantasy.iplt20.com/classic/static-assets/build/images/players/onpitch/66799.png',
  transfersLeft: 78
}
DEBUG: {
  name: 'Bat Bowl XI',
  captainImage: 'https://fantasy.iplt20.com/classic/static-assets/build/images/players/onpitch/64712.png',
  transfersLeft: 122
}
DEBUG: {
  name: 'RushS01',
  captainImage: 'https://fantasy.iplt20.com/classic/static-assets/build/images/players/onpitch/3852.png',
  transfersLeft: 157
}
📦 Payload ready
📡 Sending LIVE update
📡 POST status: 200
📨 Response: {"success":true}
🏁 END scrape at: 2026-05-07T10:04:16.256Z
==============================


==============================
🚀 START scrape at: 2026-05-07T10:06:01.099Z
📊 Match: { currentMatch: 50, completedPct: 70 }
📊 Rows found: 8
DEBUG: {
  name: 'SquadSeven9',
  captainImage: 'https://fantasy.iplt20.com/classic/static-assets/build/images/players/onpitch/66799.png',
  transfersLeft: 65
}
DEBUG: {
  name: 'Deccan Dominators',
  captainImage: 'https://fantasy.iplt20.com/classic/static-assets/build/images/players/onpitch/66799.png',
  transfersLeft: 57
}
DEBUG: {
  name: 'VATVAGHOOL XI',
  captainImage: 'https://fantasy.iplt20.com/classic/static-assets/build/images/players/onpitch/70222.png',
  transfersLeft: 59
}
DEBUG: {
  name: 'Watapi',
  captainImage: 'https://fantasy.iplt20.com/classic/static-assets/build/images/players/onpitch/63961.png',
  transfersLeft: 53
}
DEBUG: {
  name: 'RSAwesome 11',
  captainImage: 'https://fantasy.iplt20.com/classic/static-assets/build/images/players/onpitch/66799.png',
  transfersLeft: 62
}
DEBUG: {
  name: 'PKs11',
  captainImage: 'https://fantasy.iplt20.com/classic/static-assets/build/images/players/onpitch/66799.png',
  transfersLeft: 78
}
DEBUG: {
  name: 'Bat Bowl XI',
  captainImage: 'https://fantasy.iplt20.com/classic/static-assets/build/images/players/onpitch/64712.png',
  transfersLeft: 122
}
DEBUG: {
  name: 'RushS01',
  captainImage: '/classic/static-assets/build/images/players/onpitch/0.png',
  transfersLeft: 157
}
📦 Payload ready
📡 Sending LIVE update
📡 POST status: 200
📨 Response: {"success":true}
🏁 END scrape at: 2026-05-07T10:06:17.182Z
==============================


==============================
🚀 START scrape at: 2026-05-07T10:08:01.254Z
📊 Match: { currentMatch: 50, completedPct: 70 }
📊 Rows found: 8
DEBUG: {
  name: 'SquadSeven9',
  captainImage: 'https://fantasy.iplt20.com/classic/static-assets/build/images/players/onpitch/66799.png',
  transfersLeft: 65
}
DEBUG: {
  name: 'Deccan Dominators',
  captainImage: 'https://fantasy.iplt20.com/classic/static-assets/build/images/players/onpitch/66799.png',
  transfersLeft: 57
}
DEBUG: {
  name: 'VATVAGHOOL XI',
  captainImage: 'https://fantasy.iplt20.com/classic/static-assets/build/images/players/onpitch/70222.png',
  transfersLeft: 59
}
DEBUG: {
  name: 'Watapi',
  captainImage: 'https://fantasy.iplt20.com/classic/static-assets/build/images/players/onpitch/63961.png',
  transfersLeft: 53
}
DEBUG: {
  name: 'RSAwesome 11',
  captainImage: 'https://fantasy.iplt20.com/classic/static-assets/build/images/players/onpitch/66799.png',
  transfersLeft: 62
}
DEBUG: {
  name: 'PKs11',
  captainImage: 'https://fantasy.iplt20.com/classic/static-assets/build/images/players/onpitch/66799.png',
  transfersLeft: 78
}
DEBUG: {
  name: 'Bat Bowl XI',
  captainImage: 'https://fantasy.iplt20.com/classic/static-assets/build/images/players/onpitch/64712.png',
  transfersLeft: 122
}
DEBUG: {
  name: 'RushS01',
  captainImage: 'https://fantasy.iplt20.com/classic/static-assets/build/images/players/onpitch/3852.png',
  transfersLeft: 157
}
📦 Payload ready
📡 Sending LIVE update
📡 POST status: 200
📨 Response: {"success":true}
🏁 END scrape at: 2026-05-07T10:08:18.177Z
==============================


==============================
🚀 START scrape at: 2026-05-07T10:10:00.952Z
📊 Match: { currentMatch: 50, completedPct: 70 }
📊 Rows found: 8
DEBUG: {
  name: 'SquadSeven9',
  captainImage: 'https://fantasy.iplt20.com/classic/static-assets/build/images/players/onpitch/66799.png',
  transfersLeft: 65
}
DEBUG: {
  name: 'Deccan Dominators',
  captainImage: 'https://fantasy.iplt20.com/classic/static-assets/build/images/players/onpitch/66799.png',
  transfersLeft: 57
}
DEBUG: {
  name: 'VATVAGHOOL XI',
  captainImage: 'https://fantasy.iplt20.com/classic/static-assets/build/images/players/onpitch/70222.png',
  transfersLeft: 59
}
DEBUG: {
  name: 'Watapi',
  captainImage: 'https://fantasy.iplt20.com/classic/static-assets/build/images/players/onpitch/63961.png',
  transfersLeft: 53
}
DEBUG: {
  name: 'RSAwesome 11',
  captainImage: 'https://fantasy.iplt20.com/classic/static-assets/build/images/players/onpitch/66799.png',
  transfersLeft: 62
}
DEBUG: {
  name: 'PKs11',
  captainImage: 'https://fantasy.iplt20.com/classic/static-assets/build/images/players/onpitch/66799.png',
  transfersLeft: 78
}
DEBUG: {
  name: 'Bat Bowl XI',
  captainImage: 'https://fantasy.iplt20.com/classic/static-assets/build/images/players/onpitch/64712.png',
  transfersLeft: 122
}
DEBUG: {
  name: 'RushS01',
  captainImage: '/classic/static-assets/build/images/players/onpitch/0.png',
  transfersLeft: 157
}
📦 Payload ready
📡 Sending LIVE update
📡 POST status: 200
📨 Response: {"success":true}
🏁 END scrape at: 2026-05-07T10:10:14.195Z
==============================


==============================
🚀 START scrape at: 2026-05-07T10:12:01.031Z
📊 Match: { currentMatch: 50, completedPct: 70 }
📊 Rows found: 8
DEBUG: {
  name: 'SquadSeven9',
  captainImage: 'https://fantasy.iplt20.com/classic/static-assets/build/images/players/onpitch/66799.png',
  transfersLeft: 65
}
DEBUG: {
  name: 'Deccan Dominators',
  captainImage: 'https://fantasy.iplt20.com/classic/static-assets/build/images/players/onpitch/66799.png',
  transfersLeft: 57
}
DEBUG: {
  name: 'VATVAGHOOL XI',
  captainImage: 'https://fantasy.iplt20.com/classic/static-assets/build/images/players/onpitch/70222.png',
  transfersLeft: 59
}
DEBUG: {
  name: 'Watapi',
  captainImage: 'https://fantasy.iplt20.com/classic/static-assets/build/images/players/onpitch/63961.png',
  transfersLeft: 53
}
DEBUG: {
  name: 'RSAwesome 11',
  captainImage: 'https://fantasy.iplt20.com/classic/static-assets/build/images/players/onpitch/66799.png',
  transfersLeft: 62
}
DEBUG: {
  name: 'PKs11',
  captainImage: 'https://fantasy.iplt20.com/classic/static-assets/build/images/players/onpitch/66799.png',
  transfersLeft: 78
}
DEBUG: {
  name: 'Bat Bowl XI',
  captainImage: 'https://fantasy.iplt20.com/classic/static-assets/build/images/players/onpitch/64712.png',
  transfersLeft: 122
}
DEBUG: {
  name: 'RushS01',
  captainImage: 'https://fantasy.iplt20.com/classic/static-assets/build/images/players/onpitch/3852.png',
  transfersLeft: 157
}
📦 Payload ready
📡 Sending LIVE update
📡 POST status: 200
📨 Response: {"success":true}
🏁 END scrape at: 2026-05-07T10:12:16.820Z
==============================


==============================
🚀 START scrape at: 2026-05-07T10:14:01.380Z
📊 Match: { currentMatch: 50, completedPct: 70 }
📊 Rows found: 8
DEBUG: {
  name: 'SquadSeven9',
  captainImage: 'https://fantasy.iplt20.com/classic/static-assets/build/images/players/onpitch/66799.png',
  transfersLeft: 65
}
DEBUG: {
  name: 'Deccan Dominators',
  captainImage: 'https://fantasy.iplt20.com/classic/static-assets/build/images/players/onpitch/66799.png',
  transfersLeft: 57
}
DEBUG: {
  name: 'VATVAGHOOL XI',
  captainImage: 'https://fantasy.iplt20.com/classic/static-assets/build/images/players/onpitch/70222.png',
  transfersLeft: 59
}
DEBUG: {
  name: 'Watapi',
  captainImage: 'https://fantasy.iplt20.com/classic/static-assets/build/images/players/onpitch/63961.png',
  transfersLeft: 53
}
DEBUG: {
  name: 'RSAwesome 11',
  captainImage: 'https://fantasy.iplt20.com/classic/static-assets/build/images/players/onpitch/63961.png',
  transfersLeft: 62
}
DEBUG: {
  name: 'PKs11',
  captainImage: 'https://fantasy.iplt20.com/classic/static-assets/build/images/players/onpitch/66799.png',
  transfersLeft: 78
}
DEBUG: {
  name: 'Bat Bowl XI',
  captainImage: 'https://fantasy.iplt20.com/classic/static-assets/build/images/players/onpitch/64712.png',
  transfersLeft: 122
}
DEBUG: {
  name: 'RushS01',
  captainImage: 'https://fantasy.iplt20.com/classic/static-assets/build/images/players/onpitch/3852.png',
  transfersLeft: 157
}
📦 Payload ready
📡 Sending LIVE update
📡 POST status: 200
📨 Response: {"success":true}
🏁 END scrape at: 2026-05-07T10:14:14.937Z
==============================


==============================
🚀 START scrape at: 2026-05-07T10:16:00.719Z
📊 Match: { currentMatch: 50, completedPct: 70 }
📊 Rows found: 8
DEBUG: {
  name: 'SquadSeven9',
  captainImage: 'https://fantasy.iplt20.com/classic/static-assets/build/images/players/onpitch/66799.png',
  transfersLeft: 65
}
DEBUG: {
  name: 'Deccan Dominators',
  captainImage: 'https://fantasy.iplt20.com/classic/static-assets/build/images/players/onpitch/66799.png',
  transfersLeft: 57
}
DEBUG: {
  name: 'VATVAGHOOL XI',
  captainImage: 'https://fantasy.iplt20.com/classic/static-assets/build/images/players/onpitch/70222.png',
  transfersLeft: 59
}
DEBUG: {
  name: 'Watapi',
  captainImage: 'https://fantasy.iplt20.com/classic/static-assets/build/images/players/onpitch/63961.png',
  transfersLeft: 53
}
DEBUG: {
  name: 'RSAwesome 11',
  captainImage: 'https://fantasy.iplt20.com/classic/static-assets/build/images/players/onpitch/66799.png',
  transfersLeft: 62
}
DEBUG: {
  name: 'PKs11',
  captainImage: 'https://fantasy.iplt20.com/classic/static-assets/build/images/players/onpitch/66799.png',
  transfersLeft: 78
}
DEBUG: {
  name: 'Bat Bowl XI',
  captainImage: 'https://fantasy.iplt20.com/classic/static-assets/build/images/players/onpitch/64712.png',
  transfersLeft: 122
}
DEBUG: {
  name: 'RushS01',
  captainImage: 'https://fantasy.iplt20.com/classic/static-assets/build/images/players/onpitch/3852.png',
  transfersLeft: 157
}
📦 Payload ready
📡 Sending LIVE update
📡 POST status: 200
📨 Response: {"success":true}
🏁 END scrape at: 2026-05-07T10:16:15.804Z
==============================


==============================
🚀 START scrape at: 2026-05-07T10:18:00.687Z
📊 Match: { currentMatch: 50, completedPct: 70 }
📊 Rows found: 8
DEBUG: {
  name: 'SquadSeven9',
  captainImage: 'https://fantasy.iplt20.com/classic/static-assets/build/images/players/onpitch/66799.png',
  transfersLeft: 65
}
DEBUG: {
  name: 'Deccan Dominators',
  captainImage: 'https://fantasy.iplt20.com/classic/static-assets/build/images/players/onpitch/66799.png',
  transfersLeft: 57
}
DEBUG: {
  name: 'VATVAGHOOL XI',
  captainImage: 'https://fantasy.iplt20.com/classic/static-assets/build/images/players/onpitch/70222.png',
  transfersLeft: 59
}
DEBUG: {
  name: 'Watapi',
  captainImage: 'https://fantasy.iplt20.com/classic/static-assets/build/images/players/onpitch/63961.png',
  transfersLeft: 53
}
DEBUG: {
  name: 'RSAwesome 11',
  captainImage: 'https://fantasy.iplt20.com/classic/static-assets/build/images/players/onpitch/66799.png',
  transfersLeft: 62
}
DEBUG: {
  name: 'PKs11',
  captainImage: 'https://fantasy.iplt20.com/classic/static-assets/build/images/players/onpitch/66799.png',
  transfersLeft: 78
}
DEBUG: {
  name: 'Bat Bowl XI',
  captainImage: 'https://fantasy.iplt20.com/classic/static-assets/build/images/players/onpitch/64712.png',
  transfersLeft: 122
}
DEBUG: {
  name: 'RushS01',
  captainImage: '/classic/static-assets/build/images/players/onpitch/0.png',
  transfersLeft: 157
}
📦 Payload ready
📡 Sending LIVE update
📡 POST status: 200
📨 Response: {"success":true}
🏁 END scrape at: 2026-05-07T10:18:15.162Z
==============================


==============================
🚀 START scrape at: 2026-05-07T10:20:00.954Z
📊 Match: { currentMatch: 50, completedPct: 70 }
📊 Rows found: 8
DEBUG: {
  name: 'SquadSeven9',
  captainImage: '/classic/static-assets/build/images/players/onpitch/0.png',
  transfersLeft: 65
}
DEBUG: {
  name: 'Deccan Dominators',
  captainImage: 'https://fantasy.iplt20.com/classic/static-assets/build/images/players/onpitch/66799.png',
  transfersLeft: 57
}
DEBUG: {
  name: 'VATVAGHOOL XI',
  captainImage: 'https://fantasy.iplt20.com/classic/static-assets/build/images/players/onpitch/66799.png',
  transfersLeft: 59
}
DEBUG: {
  name: 'Watapi',
  captainImage: 'https://fantasy.iplt20.com/classic/static-assets/build/images/players/onpitch/63961.png',
  transfersLeft: 53
}
DEBUG: {
  name: 'RSAwesome 11',
  captainImage: 'https://fantasy.iplt20.com/classic/static-assets/build/images/players/onpitch/66799.png',
  transfersLeft: 62
}
DEBUG: {
  name: 'PKs11',
  captainImage: 'https://fantasy.iplt20.com/classic/static-assets/build/images/players/onpitch/66799.png',
  transfersLeft: 78
}
DEBUG: {
  name: 'Bat Bowl XI',
  captainImage: 'https://fantasy.iplt20.com/classic/static-assets/build/images/players/onpitch/64712.png',
  transfersLeft: 122
}
DEBUG: {
  name: 'RushS01',
  captainImage: 'https://fantasy.iplt20.com/classic/static-assets/build/images/players/onpitch/3852.png',
  transfersLeft: 157
}
📦 Payload ready
📡 Sending LIVE update
📡 POST status: 200
📨 Response: {"success":true}
🏁 END scrape at: 2026-05-07T10:20:14.402Z
==============================


==============================
🚀 START scrape at: 2026-05-07T10:22:01.042Z
📊 Match: { currentMatch: 50, completedPct: 70 }
📊 Rows found: 8
DEBUG: {
  name: 'SquadSeven9',
  captainImage: 'https://fantasy.iplt20.com/classic/static-assets/build/images/players/onpitch/66799.png',
  transfersLeft: 65
}
DEBUG: {
  name: 'Deccan Dominators',
  captainImage: 'https://fantasy.iplt20.com/classic/static-assets/build/images/players/onpitch/66799.png',
  transfersLeft: 57
}
DEBUG: {
  name: 'VATVAGHOOL XI',
  captainImage: 'https://fantasy.iplt20.com/classic/static-assets/build/images/players/onpitch/70222.png',
  transfersLeft: 59
}
DEBUG: {
  name: 'Watapi',
  captainImage: 'https://fantasy.iplt20.com/classic/static-assets/build/images/players/onpitch/63961.png',
  transfersLeft: 53
}
DEBUG: {
  name: 'RSAwesome 11',
  captainImage: 'https://fantasy.iplt20.com/classic/static-assets/build/images/players/onpitch/66799.png',
  transfersLeft: 62
}
DEBUG: {
  name: 'PKs11',
  captainImage: 'https://fantasy.iplt20.com/classic/static-assets/build/images/players/onpitch/66799.png',
  transfersLeft: 78
}
DEBUG: {
  name: 'Bat Bowl XI',
  captainImage: 'https://fantasy.iplt20.com/classic/static-assets/build/images/players/onpitch/64712.png',
  transfersLeft: 122
}
DEBUG: {
  name: 'RushS01',
  captainImage: 'https://fantasy.iplt20.com/classic/static-assets/build/images/players/onpitch/3852.png',
  transfersLeft: 157
}
📦 Payload ready
📡 Sending LIVE update
📡 POST status: 200
📨 Response: {"success":true}
🏁 END scrape at: 2026-05-07T10:22:14.284Z
==============================


==============================
🚀 START scrape at: 2026-05-07T10:24:01.063Z
📊 Match: { currentMatch: 50, completedPct: 70 }
📊 Rows found: 8
DEBUG: {
  name: 'SquadSeven9',
  captainImage: 'https://fantasy.iplt20.com/classic/static-assets/build/images/players/onpitch/66799.png',
  transfersLeft: 65
}
DEBUG: {
  name: 'Deccan Dominators',
  captainImage: 'https://fantasy.iplt20.com/classic/static-assets/build/images/players/onpitch/66799.png',
  transfersLeft: 57
}
DEBUG: {
  name: 'VATVAGHOOL XI',
  captainImage: 'https://fantasy.iplt20.com/classic/static-assets/build/images/players/onpitch/70222.png',
  transfersLeft: 59
}
DEBUG: {
  name: 'Watapi',
  captainImage: 'https://fantasy.iplt20.com/classic/static-assets/build/images/players/onpitch/63961.png',
  transfersLeft: 53
}
DEBUG: {
  name: 'RSAwesome 11',
  captainImage: 'https://fantasy.iplt20.com/classic/static-assets/build/images/players/onpitch/66799.png',
  transfersLeft: 62
}
DEBUG: {
  name: 'PKs11',
  captainImage: 'https://fantasy.iplt20.com/classic/static-assets/build/images/players/onpitch/66799.png',
  transfersLeft: 78
}
DEBUG: {
  name: 'Bat Bowl XI',
  captainImage: 'https://fantasy.iplt20.com/classic/static-assets/build/images/players/onpitch/64712.png',
  transfersLeft: 122
}
DEBUG: {
  name: 'RushS01',
  captainImage: 'https://fantasy.iplt20.com/classic/static-assets/build/images/players/onpitch/3852.png',
  transfersLeft: 157
}
📦 Payload ready
📡 Sending LIVE update
📡 POST status: 200
📨 Response: {"success":true}
🏁 END scrape at: 2026-05-07T10:24:17.786Z
==============================


==============================
🚀 START scrape at: 2026-05-07T10:26:01.578Z
📊 Match: { currentMatch: 50, completedPct: 70 }
📊 Rows found: 8
DEBUG: {
  name: 'SquadSeven9',
  captainImage: 'https://fantasy.iplt20.com/classic/static-assets/build/images/players/onpitch/66799.png',
  transfersLeft: 65
}
DEBUG: {
  name: 'Deccan Dominators',
  captainImage: 'https://fantasy.iplt20.com/classic/static-assets/build/images/players/onpitch/66799.png',
  transfersLeft: 57
}
DEBUG: {
  name: 'VATVAGHOOL XI',
  captainImage: 'https://fantasy.iplt20.com/classic/static-assets/build/images/players/onpitch/70222.png',
  transfersLeft: 59
}
DEBUG: {
  name: 'Watapi',
  captainImage: 'https://fantasy.iplt20.com/classic/static-assets/build/images/players/onpitch/63961.png',
  transfersLeft: 53
}
DEBUG: {
  name: 'RSAwesome 11',
  captainImage: 'https://fantasy.iplt20.com/classic/static-assets/build/images/players/onpitch/66799.png',
  transfersLeft: 62
}
DEBUG: {
  name: 'PKs11',
  captainImage: 'https://fantasy.iplt20.com/classic/static-assets/build/images/players/onpitch/66799.png',
  transfersLeft: 78
}
DEBUG: {
  name: 'Bat Bowl XI',
  captainImage: 'https://fantasy.iplt20.com/classic/static-assets/build/images/players/onpitch/64712.png',
  transfersLeft: 122
}
DEBUG: {
  name: 'RushS01',
  captainImage: '/classic/static-assets/build/images/players/onpitch/0.png',
  transfersLeft: 157
}
📦 Payload ready
📡 Sending LIVE update
📡 POST status: 200
📨 Response: {"success":true}
🏁 END scrape at: 2026-05-07T10:26:16.938Z
==============================


==============================
🚀 START scrape at: 2026-05-07T10:28:00.591Z
📊 Match: { currentMatch: 50, completedPct: 70 }
📊 Rows found: 8
DEBUG: {
  name: 'SquadSeven9',
  captainImage: 'https://fantasy.iplt20.com/classic/static-assets/build/images/players/onpitch/66799.png',
  transfersLeft: 65
}
DEBUG: {
  name: 'Deccan Dominators',
  captainImage: 'https://fantasy.iplt20.com/classic/static-assets/build/images/players/onpitch/66799.png',
  transfersLeft: 57
}
DEBUG: {
  name: 'VATVAGHOOL XI',
  captainImage: 'https://fantasy.iplt20.com/classic/static-assets/build/images/players/onpitch/70222.png',
  transfersLeft: 59
}
DEBUG: {
  name: 'Watapi',
  captainImage: 'https://fantasy.iplt20.com/classic/static-assets/build/images/players/onpitch/63961.png',
  transfersLeft: 53
}
DEBUG: {
  name: 'RSAwesome 11',
  captainImage: 'https://fantasy.iplt20.com/classic/static-assets/build/images/players/onpitch/66799.png',
  transfersLeft: 62
}
DEBUG: {
  name: 'PKs11',
  captainImage: 'https://fantasy.iplt20.com/classic/static-assets/build/images/players/onpitch/66799.png',
  transfersLeft: 78
}
DEBUG: {
  name: 'Bat Bowl XI',
  captainImage: 'https://fantasy.iplt20.com/classic/static-assets/build/images/players/onpitch/64712.png',
  transfersLeft: 122
}
DEBUG: {
  name: 'RushS01',
  captainImage: 'https://fantasy.iplt20.com/classic/static-assets/build/images/players/onpitch/3852.png',
  transfersLeft: 157
}
📦 Payload ready
📡 Sending LIVE update
📡 POST status: 200
📨 Response: {"success":true}
🏁 END scrape at: 2026-05-07T10:28:13.914Z
==============================


==============================
🚀 START scrape at: 2026-05-07T10:30:00.540Z
📊 Match: { currentMatch: 50, completedPct: 70 }
📊 Rows found: 8
DEBUG: {
  name: 'SquadSeven9',
  captainImage: 'https://fantasy.iplt20.com/classic/static-assets/build/images/players/onpitch/66799.png',
  transfersLeft: 65
}
DEBUG: {
  name: 'Deccan Dominators',
  captainImage: 'https://fantasy.iplt20.com/classic/static-assets/build/images/players/onpitch/66799.png',
  transfersLeft: 57
}
DEBUG: {
  name: 'VATVAGHOOL XI',
  captainImage: 'https://fantasy.iplt20.com/classic/static-assets/build/images/players/onpitch/70222.png',
  transfersLeft: 59
}
DEBUG: {
  name: 'Watapi',
  captainImage: 'https://fantasy.iplt20.com/classic/static-assets/build/images/players/onpitch/63961.png',
  transfersLeft: 53
}
DEBUG: {
  name: 'RSAwesome 11',
  captainImage: 'https://fantasy.iplt20.com/classic/static-assets/build/images/players/onpitch/66799.png',
  transfersLeft: 62
}
DEBUG: {
  name: 'PKs11',
  captainImage: 'https://fantasy.iplt20.com/classic/static-assets/build/images/players/onpitch/66799.png',
  transfersLeft: 78
}
DEBUG: {
  name: 'Bat Bowl XI',
  captainImage: 'https://fantasy.iplt20.com/classic/static-assets/build/images/players/onpitch/64712.png',
  transfersLeft: 122
}
DEBUG: {
  name: 'RushS01',
  captainImage: 'https://fantasy.iplt20.com/classic/static-assets/build/images/players/onpitch/3852.png',
  transfersLeft: 157
}
📦 Payload ready
📡 Sending LIVE update
📡 POST status: 200
📨 Response: {"success":true}
🏁 END scrape at: 2026-05-07T10:30:16.453Z
==============================


==============================
🚀 START scrape at: 2026-05-07T10:32:01.570Z
📊 Match: { currentMatch: 50, completedPct: 70 }
📊 Rows found: 8
DEBUG: {
  name: 'SquadSeven9',
  captainImage: 'https://fantasy.iplt20.com/classic/static-assets/build/images/players/onpitch/66799.png',
  transfersLeft: 65
}
DEBUG: {
  name: 'Deccan Dominators',
  captainImage: 'https://fantasy.iplt20.com/classic/static-assets/build/images/players/onpitch/66799.png',
  transfersLeft: 57
}
DEBUG: {
  name: 'VATVAGHOOL XI',
  captainImage: 'https://fantasy.iplt20.com/classic/static-assets/build/images/players/onpitch/70222.png',
  transfersLeft: 59
}
DEBUG: {
  name: 'Watapi',
  captainImage: 'https://fantasy.iplt20.com/classic/static-assets/build/images/players/onpitch/63961.png',
  transfersLeft: 53
}
DEBUG: {
  name: 'RSAwesome 11',
  captainImage: 'https://fantasy.iplt20.com/classic/static-assets/build/images/players/onpitch/66799.png',
  transfersLeft: 62
}
DEBUG: {
  name: 'PKs11',
  captainImage: 'https://fantasy.iplt20.com/classic/static-assets/build/images/players/onpitch/66799.png',
  transfersLeft: 78
}
DEBUG: {
  name: 'Bat Bowl XI',
  captainImage: 'https://fantasy.iplt20.com/classic/static-assets/build/images/players/onpitch/64712.png',
  transfersLeft: 122
}
DEBUG: {
  name: 'RushS01',
  captainImage: 'https://fantasy.iplt20.com/classic/static-assets/build/images/players/onpitch/3852.png',
  transfersLeft: 157
}
📦 Payload ready
📡 Sending LIVE update
📡 POST status: 200
📨 Response: {"success":true}
🏁 END scrape at: 2026-05-07T10:32:15.580Z
==============================


==============================
🚀 START scrape at: 2026-05-07T10:34:01.319Z
📊 Match: { currentMatch: 50, completedPct: 70 }
📊 Rows found: 8
DEBUG: {
  name: 'SquadSeven9',
  captainImage: 'https://fantasy.iplt20.com/classic/static-assets/build/images/players/onpitch/66799.png',
  transfersLeft: 65
}
DEBUG: {
  name: 'Deccan Dominators',
  captainImage: 'https://fantasy.iplt20.com/classic/static-assets/build/images/players/onpitch/66799.png',
  transfersLeft: 57
}
DEBUG: {
  name: 'VATVAGHOOL XI',
  captainImage: 'https://fantasy.iplt20.com/classic/static-assets/build/images/players/onpitch/70222.png',
  transfersLeft: 59
}
DEBUG: {
  name: 'Watapi',
  captainImage: 'https://fantasy.iplt20.com/classic/static-assets/build/images/players/onpitch/63961.png',
  transfersLeft: 53
}
DEBUG: {
  name: 'RSAwesome 11',
  captainImage: 'https://fantasy.iplt20.com/classic/static-assets/build/images/players/onpitch/66799.png',
  transfersLeft: 62
}
DEBUG: {
  name: 'PKs11',
  captainImage: 'https://fantasy.iplt20.com/classic/static-assets/build/images/players/onpitch/66799.png',
  transfersLeft: 78
}
DEBUG: {
  name: 'Bat Bowl XI',
  captainImage: 'https://fantasy.iplt20.com/classic/static-assets/build/images/players/onpitch/64712.png',
  transfersLeft: 122
}
DEBUG: {
  name: 'RushS01',
  captainImage: 'https://fantasy.iplt20.com/classic/static-assets/build/images/players/onpitch/3852.png',
  transfersLeft: 157
}
📦 Payload ready
📡 Sending LIVE update
📡 POST status: 200
📨 Response: {"success":true}
🏁 END scrape at: 2026-05-07T10:34:17.268Z
==============================


==============================
🚀 START scrape at: 2026-05-07T10:36:01.143Z
📊 Match: { currentMatch: 50, completedPct: 70 }
📊 Rows found: 8
DEBUG: {
  name: 'SquadSeven9',
  captainImage: 'https://fantasy.iplt20.com/classic/static-assets/build/images/players/onpitch/66799.png',
  transfersLeft: 65
}
DEBUG: {
  name: 'Deccan Dominators',
  captainImage: 'https://fantasy.iplt20.com/classic/static-assets/build/images/players/onpitch/66799.png',
  transfersLeft: 57
}
DEBUG: {
  name: 'VATVAGHOOL XI',
  captainImage: 'https://fantasy.iplt20.com/classic/static-assets/build/images/players/onpitch/70222.png',
  transfersLeft: 59
}
DEBUG: {
  name: 'Watapi',
  captainImage: 'https://fantasy.iplt20.com/classic/static-assets/build/images/players/onpitch/70222.png',
  transfersLeft: 53
}
DEBUG: {
  name: 'RSAwesome 11',
  captainImage: 'https://fantasy.iplt20.com/classic/static-assets/build/images/players/onpitch/66799.png',
  transfersLeft: 62
}
DEBUG: {
  name: 'PKs11',
  captainImage: 'https://fantasy.iplt20.com/classic/static-assets/build/images/players/onpitch/66799.png',
  transfersLeft: 78
}
DEBUG: {
  name: 'Bat Bowl XI',
  captainImage: 'https://fantasy.iplt20.com/classic/static-assets/build/images/players/onpitch/64712.png',
  transfersLeft: 122
}
DEBUG: {
  name: 'RushS01',
  captainImage: 'https://fantasy.iplt20.com/classic/static-assets/build/images/players/onpitch/3852.png',
  transfersLeft: 157
}
📦 Payload ready
📡 Sending LIVE update
📡 POST status: 200
📨 Response: {"success":true}
🏁 END scrape at: 2026-05-07T10:36:17.628Z
==============================


==============================
🚀 START scrape at: 2026-05-07T10:38:01.662Z
📊 Match: { currentMatch: 50, completedPct: 70 }
📊 Rows found: 8
DEBUG: {
  name: 'SquadSeven9',
  captainImage: '/classic/static-assets/build/images/players/onpitch/0.png',
  transfersLeft: 65
}
DEBUG: {
  name: 'Deccan Dominators',
  captainImage: 'https://fantasy.iplt20.com/classic/static-assets/build/images/players/onpitch/66799.png',
  transfersLeft: 57
}
DEBUG: {
  name: 'VATVAGHOOL XI',
  captainImage: 'https://fantasy.iplt20.com/classic/static-assets/build/images/players/onpitch/70222.png',
  transfersLeft: 59
}
DEBUG: {
  name: 'Watapi',
  captainImage: 'https://fantasy.iplt20.com/classic/static-assets/build/images/players/onpitch/63961.png',
  transfersLeft: 53
}
DEBUG: {
  name: 'RSAwesome 11',
  captainImage: 'https://fantasy.iplt20.com/classic/static-assets/build/images/players/onpitch/66799.png',
  transfersLeft: 62
}
DEBUG: {
  name: 'PKs11',
  captainImage: 'https://fantasy.iplt20.com/classic/static-assets/build/images/players/onpitch/66799.png',
  transfersLeft: 78
}
DEBUG: {
  name: 'Bat Bowl XI',
  captainImage: 'https://fantasy.iplt20.com/classic/static-assets/build/images/players/onpitch/64712.png',
  transfersLeft: 122
}
DEBUG: {
  name: 'RushS01',
  captainImage: '/classic/static-assets/build/images/players/onpitch/0.png',
  transfersLeft: null
}
📦 Payload ready
📡 Sending LIVE update
📡 POST status: 200
📨 Response: {"success":true}
🏁 END scrape at: 2026-05-07T10:38:23.466Z
==============================


==============================
🚀 START scrape at: 2026-05-07T10:40:01.221Z
📊 Match: { currentMatch: 50, completedPct: 70 }
📊 Rows found: 8
DEBUG: {
  name: 'SquadSeven9',
  captainImage: 'https://fantasy.iplt20.com/classic/static-assets/build/images/players/onpitch/66799.png',
  transfersLeft: 65
}
DEBUG: {
  name: 'Deccan Dominators',
  captainImage: 'https://fantasy.iplt20.com/classic/static-assets/build/images/players/onpitch/66799.png',
  transfersLeft: 57
}
DEBUG: {
  name: 'VATVAGHOOL XI',
  captainImage: 'https://fantasy.iplt20.com/classic/static-assets/build/images/players/onpitch/70222.png',
  transfersLeft: 59
}
DEBUG: {
  name: 'Watapi',
  captainImage: 'https://fantasy.iplt20.com/classic/static-assets/build/images/players/onpitch/63961.png',
  transfersLeft: 53
}
DEBUG: {
  name: 'RSAwesome 11',
  captainImage: 'https://fantasy.iplt20.com/classic/static-assets/build/images/players/onpitch/66799.png',
  transfersLeft: 62
}
DEBUG: {
  name: 'PKs11',
  captainImage: 'https://fantasy.iplt20.com/classic/static-assets/build/images/players/onpitch/66799.png',
  transfersLeft: 78
}
DEBUG: {
  name: 'Bat Bowl XI',
  captainImage: 'https://fantasy.iplt20.com/classic/static-assets/build/images/players/onpitch/64712.png',
  transfersLeft: 122
}
DEBUG: {
  name: 'RushS01',
  captainImage: 'https://fantasy.iplt20.com/classic/static-assets/build/images/players/onpitch/3852.png',
  transfersLeft: 157
}
📦 Payload ready
📡 Sending LIVE update
📡 POST status: 200
📨 Response: {"success":true}
🏁 END scrape at: 2026-05-07T10:40:16.303Z
==============================


==============================
🚀 START scrape at: 2026-05-07T10:42:01.090Z
📊 Match: { currentMatch: 50, completedPct: 70 }
📊 Rows found: 8
DEBUG: {
  name: 'SquadSeven9',
  captainImage: 'https://fantasy.iplt20.com/classic/static-assets/build/images/players/onpitch/66799.png',
  transfersLeft: 65
}
DEBUG: {
  name: 'Deccan Dominators',
  captainImage: 'https://fantasy.iplt20.com/classic/static-assets/build/images/players/onpitch/66799.png',
  transfersLeft: 57
}
DEBUG: {
  name: 'VATVAGHOOL XI',
  captainImage: 'https://fantasy.iplt20.com/classic/static-assets/build/images/players/onpitch/70222.png',
  transfersLeft: 59
}
DEBUG: {
  name: 'Watapi',
  captainImage: 'https://fantasy.iplt20.com/classic/static-assets/build/images/players/onpitch/63961.png',
  transfersLeft: 53
}
DEBUG: {
  name: 'RSAwesome 11',
  captainImage: 'https://fantasy.iplt20.com/classic/static-assets/build/images/players/onpitch/66799.png',
  transfersLeft: 62
}
DEBUG: {
  name: 'PKs11',
  captainImage: 'https://fantasy.iplt20.com/classic/static-assets/build/images/players/onpitch/66799.png',
  transfersLeft: 78
}
DEBUG: {
  name: 'Bat Bowl XI',
  captainImage: 'https://fantasy.iplt20.com/classic/static-assets/build/images/players/onpitch/64712.png',
  transfersLeft: 122
}
DEBUG: {
  name: 'RushS01',
  captainImage: 'https://fantasy.iplt20.com/classic/static-assets/build/images/players/onpitch/3852.png',
  transfersLeft: 157
}
📦 Payload ready
📡 Sending LIVE update
📡 POST status: 200
📨 Response: {"success":true}
🏁 END scrape at: 2026-05-07T10:42:15.993Z
==============================


==============================
🚀 START scrape at: 2026-05-07T10:44:00.744Z
📊 Match: { currentMatch: 50, completedPct: 70 }
📊 Rows found: 8
DEBUG: {
  name: 'SquadSeven9',
  captainImage: 'https://fantasy.iplt20.com/classic/static-assets/build/images/players/onpitch/66799.png',
  transfersLeft: 65
}
DEBUG: {
  name: 'Deccan Dominators',
  captainImage: 'https://fantasy.iplt20.com/classic/static-assets/build/images/players/onpitch/66799.png',
  transfersLeft: 57
}
DEBUG: {
  name: 'VATVAGHOOL XI',
  captainImage: 'https://fantasy.iplt20.com/classic/static-assets/build/images/players/onpitch/70222.png',
  transfersLeft: 59
}
DEBUG: {
  name: 'Watapi',
  captainImage: 'https://fantasy.iplt20.com/classic/static-assets/build/images/players/onpitch/63961.png',
  transfersLeft: 53
}
DEBUG: {
  name: 'RSAwesome 11',
  captainImage: 'https://fantasy.iplt20.com/classic/static-assets/build/images/players/onpitch/66799.png',
  transfersLeft: 62
}
DEBUG: {
  name: 'PKs11',
  captainImage: 'https://fantasy.iplt20.com/classic/static-assets/build/images/players/onpitch/66799.png',
  transfersLeft: 78
}
DEBUG: {
  name: 'Bat Bowl XI',
  captainImage: 'https://fantasy.iplt20.com/classic/static-assets/build/images/players/onpitch/64712.png',
  transfersLeft: 122
}
DEBUG: {
  name: 'RushS01',
  captainImage: 'https://fantasy.iplt20.com/classic/static-assets/build/images/players/onpitch/3852.png',
  transfersLeft: 157
}
📦 Payload ready
📡 Sending LIVE update
📡 POST status: 200
📨 Response: {"success":true}
🏁 END scrape at: 2026-05-07T10:44:13.679Z
==============================


==============================
🚀 START scrape at: 2026-05-07T10:46:01.605Z
📊 Match: { currentMatch: 50, completedPct: 70 }
📊 Rows found: 8
DEBUG: {
  name: 'SquadSeven9',
  captainImage: 'https://fantasy.iplt20.com/classic/static-assets/build/images/players/onpitch/66799.png',
  transfersLeft: 65
}
DEBUG: {
  name: 'Deccan Dominators',
  captainImage: 'https://fantasy.iplt20.com/classic/static-assets/build/images/players/onpitch/66799.png',
  transfersLeft: 57
}
DEBUG: {
  name: 'VATVAGHOOL XI',
  captainImage: 'https://fantasy.iplt20.com/classic/static-assets/build/images/players/onpitch/70222.png',
  transfersLeft: 59
}
DEBUG: {
  name: 'Watapi',
  captainImage: 'https://fantasy.iplt20.com/classic/static-assets/build/images/players/onpitch/63961.png',
  transfersLeft: 53
}
DEBUG: {
  name: 'RSAwesome 11',
  captainImage: 'https://fantasy.iplt20.com/classic/static-assets/build/images/players/onpitch/66799.png',
  transfersLeft: 62
}
DEBUG: {
  name: 'PKs11',
  captainImage: 'https://fantasy.iplt20.com/classic/static-assets/build/images/players/onpitch/66799.png',
  transfersLeft: 78
}
DEBUG: {
  name: 'Bat Bowl XI',
  captainImage: 'https://fantasy.iplt20.com/classic/static-assets/build/images/players/onpitch/64712.png',
  transfersLeft: 122
}
DEBUG: {
  name: 'RushS01',
  captainImage: 'https://fantasy.iplt20.com/classic/static-assets/build/images/players/onpitch/64712.png',
  transfersLeft: 157
}
📦 Payload ready
📡 Sending LIVE update
📡 POST status: 200
📨 Response: {"success":true}
🏁 END scrape at: 2026-05-07T10:46:17.066Z
==============================


==============================
🚀 START scrape at: 2026-05-07T10:48:00.860Z
📊 Match: { currentMatch: 50, completedPct: 70 }
📊 Rows found: 8
DEBUG: {
  name: 'SquadSeven9',
  captainImage: 'https://fantasy.iplt20.com/classic/static-assets/build/images/players/onpitch/66799.png',
  transfersLeft: 65
}
DEBUG: {
  name: 'Deccan Dominators',
  captainImage: 'https://fantasy.iplt20.com/classic/static-assets/build/images/players/onpitch/66799.png',
  transfersLeft: 57
}
DEBUG: {
  name: 'VATVAGHOOL XI',
  captainImage: 'https://fantasy.iplt20.com/classic/static-assets/build/images/players/onpitch/70222.png',
  transfersLeft: 59
}
DEBUG: {
  name: 'Watapi',
  captainImage: 'https://fantasy.iplt20.com/classic/static-assets/build/images/players/onpitch/63961.png',
  transfersLeft: 53
}
DEBUG: {
  name: 'RSAwesome 11',
  captainImage: 'https://fantasy.iplt20.com/classic/static-assets/build/images/players/onpitch/66799.png',
  transfersLeft: 62
}
DEBUG: {
  name: 'PKs11',
  captainImage: 'https://fantasy.iplt20.com/classic/static-assets/build/images/players/onpitch/66799.png',
  transfersLeft: 78
}
DEBUG: {
  name: 'Bat Bowl XI',
  captainImage: 'https://fantasy.iplt20.com/classic/static-assets/build/images/players/onpitch/64712.png',
  transfersLeft: 122
}
DEBUG: {
  name: 'RushS01',
  captainImage: 'https://fantasy.iplt20.com/classic/static-assets/build/images/players/onpitch/3852.png',
  transfersLeft: 157
}
📦 Payload ready
📡 Sending LIVE update
📡 POST status: 200
📨 Response: {"success":true}
🏁 END scrape at: 2026-05-07T10:48:14.688Z
==============================


==============================
🚀 START scrape at: 2026-05-07T10:50:01.566Z
📊 Match: { currentMatch: 50, completedPct: 70 }
📊 Rows found: 8
DEBUG: {
  name: 'SquadSeven9',
  captainImage: 'https://fantasy.iplt20.com/classic/static-assets/build/images/players/onpitch/66799.png',
  transfersLeft: 65
}
DEBUG: {
  name: 'Deccan Dominators',
  captainImage: 'https://fantasy.iplt20.com/classic/static-assets/build/images/players/onpitch/66799.png',
  transfersLeft: 57
}
DEBUG: {
  name: 'VATVAGHOOL XI',
  captainImage: 'https://fantasy.iplt20.com/classic/static-assets/build/images/players/onpitch/70222.png',
  transfersLeft: 59
}
DEBUG: {
  name: 'Watapi',
  captainImage: 'https://fantasy.iplt20.com/classic/static-assets/build/images/players/onpitch/63961.png',
  transfersLeft: 53
}
DEBUG: {
  name: 'RSAwesome 11',
  captainImage: 'https://fantasy.iplt20.com/classic/static-assets/build/images/players/onpitch/66799.png',
  transfersLeft: 62
}
DEBUG: {
  name: 'PKs11',
  captainImage: 'https://fantasy.iplt20.com/classic/static-assets/build/images/players/onpitch/66799.png',
  transfersLeft: 78
}
DEBUG: {
  name: 'Bat Bowl XI',
  captainImage: 'https://fantasy.iplt20.com/classic/static-assets/build/images/players/onpitch/64712.png',
  transfersLeft: 122
}
DEBUG: {
  name: 'RushS01',
  captainImage: 'https://fantasy.iplt20.com/classic/static-assets/build/images/players/onpitch/3852.png',
  transfersLeft: 157
}
📦 Payload ready
📡 Sending LIVE update
📡 POST status: 200
📨 Response: {"success":true}
🏁 END scrape at: 2026-05-07T10:50:16.112Z
==============================


==============================
🚀 START scrape at: 2026-05-07T10:52:00.981Z
📊 Match: { currentMatch: 50, completedPct: 70 }
📊 Rows found: 8
DEBUG: {
  name: 'SquadSeven9',
  captainImage: 'https://fantasy.iplt20.com/classic/static-assets/build/images/players/onpitch/66799.png',
  transfersLeft: 65
}
DEBUG: {
  name: 'Deccan Dominators',
  captainImage: 'https://fantasy.iplt20.com/classic/static-assets/build/images/players/onpitch/66799.png',
  transfersLeft: 57
}
DEBUG: {
  name: 'VATVAGHOOL XI',
  captainImage: 'https://fantasy.iplt20.com/classic/static-assets/build/images/players/onpitch/70222.png',
  transfersLeft: 59
}
DEBUG: {
  name: 'Watapi',
  captainImage: 'https://fantasy.iplt20.com/classic/static-assets/build/images/players/onpitch/63961.png',
  transfersLeft: 53
}
DEBUG: {
  name: 'RSAwesome 11',
  captainImage: 'https://fantasy.iplt20.com/classic/static-assets/build/images/players/onpitch/66799.png',
  transfersLeft: 62
}
DEBUG: {
  name: 'PKs11',
  captainImage: 'https://fantasy.iplt20.com/classic/static-assets/build/images/players/onpitch/66799.png',
  transfersLeft: 78
}
DEBUG: {
  name: 'Bat Bowl XI',
  captainImage: 'https://fantasy.iplt20.com/classic/static-assets/build/images/players/onpitch/64712.png',
  transfersLeft: 122
}
DEBUG: {
  name: 'RushS01',
  captainImage: '/classic/static-assets/build/images/players/onpitch/0.png',
  transfersLeft: 157
}
📦 Payload ready
📡 Sending LIVE update
📡 POST status: 200
📨 Response: {"success":true}
🏁 END scrape at: 2026-05-07T10:52:14.609Z
==============================


==============================
🚀 START scrape at: 2026-05-07T10:54:01.589Z
📊 Match: { currentMatch: 50, completedPct: 70 }
📊 Rows found: 8
DEBUG: {
  name: 'SquadSeven9',
  captainImage: 'https://fantasy.iplt20.com/classic/static-assets/build/images/players/onpitch/66799.png',
  transfersLeft: 65
}
DEBUG: {
  name: 'Deccan Dominators',
  captainImage: 'https://fantasy.iplt20.com/classic/static-assets/build/images/players/onpitch/66799.png',
  transfersLeft: 57
}
DEBUG: {
  name: 'VATVAGHOOL XI',
  captainImage: 'https://fantasy.iplt20.com/classic/static-assets/build/images/players/onpitch/70222.png',
  transfersLeft: 59
}
DEBUG: {
  name: 'Watapi',
  captainImage: 'https://fantasy.iplt20.com/classic/static-assets/build/images/players/onpitch/63961.png',
  transfersLeft: 53
}
DEBUG: {
  name: 'RSAwesome 11',
  captainImage: 'https://fantasy.iplt20.com/classic/static-assets/build/images/players/onpitch/66799.png',
  transfersLeft: 62
}
DEBUG: {
  name: 'PKs11',
  captainImage: 'https://fantasy.iplt20.com/classic/static-assets/build/images/players/onpitch/66799.png',
  transfersLeft: 78
}
DEBUG: {
  name: 'Bat Bowl XI',
  captainImage: 'https://fantasy.iplt20.com/classic/static-assets/build/images/players/onpitch/64712.png',
  transfersLeft: 122
}
DEBUG: {
  name: 'RushS01',
  captainImage: 'https://fantasy.iplt20.com/classic/static-assets/build/images/players/onpitch/3852.png',
  transfersLeft: 157
}
📦 Payload ready
📡 Sending LIVE update
📡 POST status: 200
📨 Response: {"success":true}
🏁 END scrape at: 2026-05-07T10:54:15.653Z
==============================


==============================
🚀 START scrape at: 2026-05-07T10:56:01.557Z
📊 Match: { currentMatch: 50, completedPct: 70 }
📊 Rows found: 8
DEBUG: {
  name: 'SquadSeven9',
  captainImage: 'https://fantasy.iplt20.com/classic/static-assets/build/images/players/onpitch/66799.png',
  transfersLeft: 65
}
DEBUG: {
  name: 'Deccan Dominators',
  captainImage: 'https://fantasy.iplt20.com/classic/static-assets/build/images/players/onpitch/66799.png',
  transfersLeft: 57
}
DEBUG: {
  name: 'VATVAGHOOL XI',
  captainImage: 'https://fantasy.iplt20.com/classic/static-assets/build/images/players/onpitch/70222.png',
  transfersLeft: 59
}
DEBUG: {
  name: 'Watapi',
  captainImage: 'https://fantasy.iplt20.com/classic/static-assets/build/images/players/onpitch/63961.png',
  transfersLeft: 53
}
DEBUG: {
  name: 'RSAwesome 11',
  captainImage: 'https://fantasy.iplt20.com/classic/static-assets/build/images/players/onpitch/66799.png',
  transfersLeft: 62
}
DEBUG: {
  name: 'PKs11',
  captainImage: 'https://fantasy.iplt20.com/classic/static-assets/build/images/players/onpitch/66799.png',
  transfersLeft: 78
}
DEBUG: {
  name: 'Bat Bowl XI',
  captainImage: 'https://fantasy.iplt20.com/classic/static-assets/build/images/players/onpitch/64712.png',
  transfersLeft: 122
}
DEBUG: {
  name: 'RushS01',
  captainImage: 'https://fantasy.iplt20.com/classic/static-assets/build/images/players/onpitch/3852.png',
  transfersLeft: 157
}
📦 Payload ready
📡 Sending LIVE update
📡 POST status: 200
📨 Response: {"success":true}
🏁 END scrape at: 2026-05-07T10:56:18.018Z
==============================


==============================
🚀 START scrape at: 2026-05-07T10:58:01.106Z
📊 Match: { currentMatch: 50, completedPct: 70 }
📊 Rows found: 8
DEBUG: {
  name: 'SquadSeven9',
  captainImage: 'https://fantasy.iplt20.com/classic/static-assets/build/images/players/onpitch/66799.png',
  transfersLeft: 65
}
DEBUG: {
  name: 'Deccan Dominators',
  captainImage: 'https://fantasy.iplt20.com/classic/static-assets/build/images/players/onpitch/66799.png',
  transfersLeft: 57
}
DEBUG: {
  name: 'VATVAGHOOL XI',
  captainImage: 'https://fantasy.iplt20.com/classic/static-assets/build/images/players/onpitch/70222.png',
  transfersLeft: 59
}
DEBUG: {
  name: 'Watapi',
  captainImage: 'https://fantasy.iplt20.com/classic/static-assets/build/images/players/onpitch/63961.png',
  transfersLeft: 53
}
DEBUG: {
  name: 'RSAwesome 11',
  captainImage: 'https://fantasy.iplt20.com/classic/static-assets/build/images/players/onpitch/66799.png',
  transfersLeft: 62
}
DEBUG: {
  name: 'PKs11',
  captainImage: 'https://fantasy.iplt20.com/classic/static-assets/build/images/players/onpitch/66799.png',
  transfersLeft: 78
}
DEBUG: {
  name: 'Bat Bowl XI',
  captainImage: 'https://fantasy.iplt20.com/classic/static-assets/build/images/players/onpitch/64712.png',
  transfersLeft: 122
}
DEBUG: {
  name: 'RushS01',
  captainImage: 'https://fantasy.iplt20.com/classic/static-assets/build/images/players/onpitch/3852.png',
  transfersLeft: 157
}
📦 Payload ready
📡 Sending LIVE update
📡 POST status: 200
📨 Response: {"success":true}
🏁 END scrape at: 2026-05-07T10:58:15.923Z
==============================


==============================
🚀 START scrape at: 2026-05-07T11:00:01.230Z
📊 Match: { currentMatch: 50, completedPct: 70 }
📊 Rows found: 8
DEBUG: {
  name: 'SquadSeven9',
  captainImage: 'https://fantasy.iplt20.com/classic/static-assets/build/images/players/onpitch/66799.png',
  transfersLeft: 65
}
DEBUG: {
  name: 'Deccan Dominators',
  captainImage: 'https://fantasy.iplt20.com/classic/static-assets/build/images/players/onpitch/66799.png',
  transfersLeft: 57
}
DEBUG: {
  name: 'VATVAGHOOL XI',
  captainImage: 'https://fantasy.iplt20.com/classic/static-assets/build/images/players/onpitch/70222.png',
  transfersLeft: 59
}
DEBUG: {
  name: 'Watapi',
  captainImage: 'https://fantasy.iplt20.com/classic/static-assets/build/images/players/onpitch/63961.png',
  transfersLeft: 53
}
DEBUG: {
  name: 'RSAwesome 11',
  captainImage: 'https://fantasy.iplt20.com/classic/static-assets/build/images/players/onpitch/66799.png',
  transfersLeft: 62
}
DEBUG: {
  name: 'PKs11',
  captainImage: 'https://fantasy.iplt20.com/classic/static-assets/build/images/players/onpitch/66799.png',
  transfersLeft: 78
}
DEBUG: {
  name: 'Bat Bowl XI',
  captainImage: 'https://fantasy.iplt20.com/classic/static-assets/build/images/players/onpitch/64712.png',
  transfersLeft: 122
}
DEBUG: {
  name: 'RushS01',
  captainImage: 'https://fantasy.iplt20.com/classic/static-assets/build/images/players/onpitch/3852.png',
  transfersLeft: 157
}
📦 Payload ready
📡 Sending LIVE update
📡 POST status: 200
📨 Response: {"success":true}
🏁 END scrape at: 2026-05-07T11:00:19.908Z
==============================


==============================
🚀 START scrape at: 2026-05-07T11:02:01.539Z
📊 Match: { currentMatch: 50, completedPct: 70 }
📊 Rows found: 8
DEBUG: {
  name: 'SquadSeven9',
  captainImage: 'https://fantasy.iplt20.com/classic/static-assets/build/images/players/onpitch/66799.png',
  transfersLeft: 65
}
DEBUG: {
  name: 'Deccan Dominators',
  captainImage: 'https://fantasy.iplt20.com/classic/static-assets/build/images/players/onpitch/66799.png',
  transfersLeft: 57
}
DEBUG: {
  name: 'VATVAGHOOL XI',
  captainImage: 'https://fantasy.iplt20.com/classic/static-assets/build/images/players/onpitch/70222.png',
  transfersLeft: 59
}
DEBUG: {
  name: 'Watapi',
  captainImage: 'https://fantasy.iplt20.com/classic/static-assets/build/images/players/onpitch/63961.png',
  transfersLeft: 53
}
DEBUG: {
  name: 'RSAwesome 11',
  captainImage: 'https://fantasy.iplt20.com/classic/static-assets/build/images/players/onpitch/66799.png',
  transfersLeft: 62
}
DEBUG: {
  name: 'PKs11',
  captainImage: 'https://fantasy.iplt20.com/classic/static-assets/build/images/players/onpitch/66799.png',
  transfersLeft: 78
}
DEBUG: {
  name: 'Bat Bowl XI',
  captainImage: 'https://fantasy.iplt20.com/classic/static-assets/build/images/players/onpitch/64712.png',
  transfersLeft: 122
}
DEBUG: {
  name: 'RushS01',
  captainImage: 'https://fantasy.iplt20.com/classic/static-assets/build/images/players/onpitch/3852.png',
  transfersLeft: 157
}
📦 Payload ready
📡 Sending LIVE update
📡 POST status: 200
📨 Response: {"success":true}
🏁 END scrape at: 2026-05-07T11:02:16.722Z
==============================


==============================
🚀 START scrape at: 2026-05-07T11:04:01.629Z
📊 Match: { currentMatch: 50, completedPct: 70 }
📊 Rows found: 8
DEBUG: {
  name: 'SquadSeven9',
  captainImage: 'https://fantasy.iplt20.com/classic/static-assets/build/images/players/onpitch/66799.png',
  transfersLeft: 65
}
DEBUG: {
  name: 'Deccan Dominators',
  captainImage: 'https://fantasy.iplt20.com/classic/static-assets/build/images/players/onpitch/66799.png',
  transfersLeft: 57
}
DEBUG: {
  name: 'VATVAGHOOL XI',
  captainImage: 'https://fantasy.iplt20.com/classic/static-assets/build/images/players/onpitch/70222.png',
  transfersLeft: 59
}
DEBUG: {
  name: 'Watapi',
  captainImage: 'https://fantasy.iplt20.com/classic/static-assets/build/images/players/onpitch/63961.png',
  transfersLeft: 53
}
DEBUG: {
  name: 'RSAwesome 11',
  captainImage: 'https://fantasy.iplt20.com/classic/static-assets/build/images/players/onpitch/66799.png',
  transfersLeft: 62
}
DEBUG: {
  name: 'PKs11',
  captainImage: 'https://fantasy.iplt20.com/classic/static-assets/build/images/players/onpitch/66799.png',
  transfersLeft: 78
}
DEBUG: {
  name: 'Bat Bowl XI',
  captainImage: 'https://fantasy.iplt20.com/classic/static-assets/build/images/players/onpitch/64712.png',
  transfersLeft: 122
}
DEBUG: {
  name: 'RushS01',
  captainImage: 'https://fantasy.iplt20.com/classic/static-assets/build/images/players/onpitch/3852.png',
  transfersLeft: 157
}
📦 Payload ready
📡 Sending LIVE update
📡 POST status: 200
📨 Response: {"success":true}
🏁 END scrape at: 2026-05-07T11:04:15.610Z
==============================


==============================
🚀 START scrape at: 2026-05-07T11:06:01.687Z
📊 Match: { currentMatch: 50, completedPct: 70 }
📊 Rows found: 8
DEBUG: {
  name: 'SquadSeven9',
  captainImage: 'https://fantasy.iplt20.com/classic/static-assets/build/images/players/onpitch/66799.png',
  transfersLeft: 65
}
DEBUG: {
  name: 'Deccan Dominators',
  captainImage: 'https://fantasy.iplt20.com/classic/static-assets/build/images/players/onpitch/66799.png',
  transfersLeft: 57
}
DEBUG: {
  name: 'VATVAGHOOL XI',
  captainImage: 'https://fantasy.iplt20.com/classic/static-assets/build/images/players/onpitch/70222.png',
  transfersLeft: 59
}
DEBUG: {
  name: 'Watapi',
  captainImage: 'https://fantasy.iplt20.com/classic/static-assets/build/images/players/onpitch/63961.png',
  transfersLeft: 53
}
DEBUG: {
  name: 'RSAwesome 11',
  captainImage: 'https://fantasy.iplt20.com/classic/static-assets/build/images/players/onpitch/66799.png',
  transfersLeft: 62
}
DEBUG: {
  name: 'PKs11',
  captainImage: 'https://fantasy.iplt20.com/classic/static-assets/build/images/players/onpitch/66799.png',
  transfersLeft: 78
}
DEBUG: {
  name: 'Bat Bowl XI',
  captainImage: 'https://fantasy.iplt20.com/classic/static-assets/build/images/players/onpitch/64712.png',
  transfersLeft: 122
}
DEBUG: {
  name: 'RushS01',
  captainImage: 'https://fantasy.iplt20.com/classic/static-assets/build/images/players/onpitch/3852.png',
  transfersLeft: 157
}
📦 Payload ready
📡 Sending LIVE update
📡 POST status: 200
📨 Response: {"success":true}
🏁 END scrape at: 2026-05-07T11:06:17.326Z
==============================


==============================
🚀 START scrape at: 2026-05-07T11:08:01.143Z
📊 Match: { currentMatch: 50, completedPct: 70 }
📊 Rows found: 8
DEBUG: {
  name: 'SquadSeven9',
  captainImage: 'https://fantasy.iplt20.com/classic/static-assets/build/images/players/onpitch/66799.png',
  transfersLeft: 65
}
DEBUG: {
  name: 'Deccan Dominators',
  captainImage: 'https://fantasy.iplt20.com/classic/static-assets/build/images/players/onpitch/66799.png',
  transfersLeft: 57
}
DEBUG: {
  name: 'VATVAGHOOL XI',
  captainImage: 'https://fantasy.iplt20.com/classic/static-assets/build/images/players/onpitch/70222.png',
  transfersLeft: 59
}
DEBUG: {
  name: 'Watapi',
  captainImage: 'https://fantasy.iplt20.com/classic/static-assets/build/images/players/onpitch/63961.png',
  transfersLeft: 53
}
DEBUG: {
  name: 'RSAwesome 11',
  captainImage: 'https://fantasy.iplt20.com/classic/static-assets/build/images/players/onpitch/66799.png',
  transfersLeft: 62
}
DEBUG: {
  name: 'PKs11',
  captainImage: 'https://fantasy.iplt20.com/classic/static-assets/build/images/players/onpitch/66799.png',
  transfersLeft: 78
}
DEBUG: {
  name: 'Bat Bowl XI',
  captainImage: 'https://fantasy.iplt20.com/classic/static-assets/build/images/players/onpitch/64712.png',
  transfersLeft: 122
}
DEBUG: {
  name: 'RushS01',
  captainImage: 'https://fantasy.iplt20.com/classic/static-assets/build/images/players/onpitch/3852.png',
  transfersLeft: 157
}
📦 Payload ready
📡 Sending LIVE update
📡 POST status: 200
📨 Response: {"success":true}
🏁 END scrape at: 2026-05-07T11:08:16.302Z
==============================


==============================
🚀 START scrape at: 2026-05-07T11:10:00.982Z
📊 Match: { currentMatch: 50, completedPct: 70 }
📊 Rows found: 8
DEBUG: {
  name: 'SquadSeven9',
  captainImage: 'https://fantasy.iplt20.com/classic/static-assets/build/images/players/onpitch/66799.png',
  transfersLeft: 65
}
DEBUG: {
  name: 'Deccan Dominators',
  captainImage: 'https://fantasy.iplt20.com/classic/static-assets/build/images/players/onpitch/66799.png',
  transfersLeft: 57
}
DEBUG: {
  name: 'VATVAGHOOL XI',
  captainImage: 'https://fantasy.iplt20.com/classic/static-assets/build/images/players/onpitch/70222.png',
  transfersLeft: 59
}
DEBUG: {
  name: 'Watapi',
  captainImage: 'https://fantasy.iplt20.com/classic/static-assets/build/images/players/onpitch/63961.png',
  transfersLeft: 53
}
DEBUG: {
  name: 'RSAwesome 11',
  captainImage: 'https://fantasy.iplt20.com/classic/static-assets/build/images/players/onpitch/66799.png',
  transfersLeft: 62
}
DEBUG: {
  name: 'PKs11',
  captainImage: 'https://fantasy.iplt20.com/classic/static-assets/build/images/players/onpitch/66799.png',
  transfersLeft: 78
}
DEBUG: {
  name: 'Bat Bowl XI',
  captainImage: 'https://fantasy.iplt20.com/classic/static-assets/build/images/players/onpitch/64712.png',
  transfersLeft: 122
}
DEBUG: {
  name: 'RushS01',
  captainImage: '/classic/static-assets/build/images/players/onpitch/0.png',
  transfersLeft: 157
}
📦 Payload ready
📡 Sending LIVE update
📡 POST status: 200
📨 Response: {"success":true}
🏁 END scrape at: 2026-05-07T11:10:16.435Z
==============================


==============================
🚀 START scrape at: 2026-05-07T11:12:01.220Z
📊 Match: { currentMatch: 50, completedPct: 70 }
📊 Rows found: 8
DEBUG: {
  name: 'SquadSeven9',
  captainImage: 'https://fantasy.iplt20.com/classic/static-assets/build/images/players/onpitch/66799.png',
  transfersLeft: 65
}
DEBUG: {
  name: 'Deccan Dominators',
  captainImage: 'https://fantasy.iplt20.com/classic/static-assets/build/images/players/onpitch/66799.png',
  transfersLeft: 57
}
DEBUG: {
  name: 'VATVAGHOOL XI',
  captainImage: 'https://fantasy.iplt20.com/classic/static-assets/build/images/players/onpitch/70222.png',
  transfersLeft: 59
}
DEBUG: {
  name: 'Watapi',
  captainImage: 'https://fantasy.iplt20.com/classic/static-assets/build/images/players/onpitch/63961.png',
  transfersLeft: 53
}
DEBUG: {
  name: 'RSAwesome 11',
  captainImage: 'https://fantasy.iplt20.com/classic/static-assets/build/images/players/onpitch/66799.png',
  transfersLeft: 62
}
DEBUG: {
  name: 'PKs11',
  captainImage: 'https://fantasy.iplt20.com/classic/static-assets/build/images/players/onpitch/66799.png',
  transfersLeft: 78
}
DEBUG: {
  name: 'Bat Bowl XI',
  captainImage: 'https://fantasy.iplt20.com/classic/static-assets/build/images/players/onpitch/66799.png',
  transfersLeft: 122
}
DEBUG: {
  name: 'RushS01',
  captainImage: 'https://fantasy.iplt20.com/classic/static-assets/build/images/players/onpitch/3852.png',
  transfersLeft: 157
}
📦 Payload ready
📡 Sending LIVE update
📡 POST status: 200
📨 Response: {"success":true}
🏁 END scrape at: 2026-05-07T11:12:16.036Z
==============================


==============================
🚀 START scrape at: 2026-05-07T11:14:00.673Z
📊 Match: { currentMatch: 50, completedPct: 70 }
📊 Rows found: 8
DEBUG: {
  name: 'SquadSeven9',
  captainImage: 'https://fantasy.iplt20.com/classic/static-assets/build/images/players/onpitch/66799.png',
  transfersLeft: 65
}
DEBUG: {
  name: 'Deccan Dominators',
  captainImage: 'https://fantasy.iplt20.com/classic/static-assets/build/images/players/onpitch/66799.png',
  transfersLeft: 57
}
DEBUG: {
  name: 'VATVAGHOOL XI',
  captainImage: 'https://fantasy.iplt20.com/classic/static-assets/build/images/players/onpitch/70222.png',
  transfersLeft: 59
}
DEBUG: {
  name: 'Watapi',
  captainImage: 'https://fantasy.iplt20.com/classic/static-assets/build/images/players/onpitch/63961.png',
  transfersLeft: 53
}
DEBUG: {
  name: 'RSAwesome 11',
  captainImage: 'https://fantasy.iplt20.com/classic/static-assets/build/images/players/onpitch/66799.png',
  transfersLeft: 62
}
DEBUG: {
  name: 'PKs11',
  captainImage: 'https://fantasy.iplt20.com/classic/static-assets/build/images/players/onpitch/66799.png',
  transfersLeft: 78
}
DEBUG: {
  name: 'Bat Bowl XI',
  captainImage: 'https://fantasy.iplt20.com/classic/static-assets/build/images/players/onpitch/64712.png',
  transfersLeft: 122
}
DEBUG: {
  name: 'RushS01',
  captainImage: 'https://fantasy.iplt20.com/classic/static-assets/build/images/players/onpitch/3852.png',
  transfersLeft: 157
}
📦 Payload ready
📡 Sending LIVE update
📡 POST status: 200
📨 Response: {"success":true}
🏁 END scrape at: 2026-05-07T11:14:13.677Z
==============================


==============================
🚀 START scrape at: 2026-05-07T11:16:01.550Z
📊 Match: { currentMatch: 50, completedPct: 70 }
📊 Rows found: 8
DEBUG: {
  name: 'SquadSeven9',
  captainImage: 'https://fantasy.iplt20.com/classic/static-assets/build/images/players/onpitch/66799.png',
  transfersLeft: 65
}
DEBUG: {
  name: 'Deccan Dominators',
  captainImage: 'https://fantasy.iplt20.com/classic/static-assets/build/images/players/onpitch/66799.png',
  transfersLeft: 57
}
DEBUG: {
  name: 'VATVAGHOOL XI',
  captainImage: 'https://fantasy.iplt20.com/classic/static-assets/build/images/players/onpitch/70222.png',
  transfersLeft: 59
}
DEBUG: {
  name: 'Watapi',
  captainImage: 'https://fantasy.iplt20.com/classic/static-assets/build/images/players/onpitch/63961.png',
  transfersLeft: 53
}
DEBUG: {
  name: 'RSAwesome 11',
  captainImage: 'https://fantasy.iplt20.com/classic/static-assets/build/images/players/onpitch/66799.png',
  transfersLeft: 62
}
DEBUG: {
  name: 'PKs11',
  captainImage: 'https://fantasy.iplt20.com/classic/static-assets/build/images/players/onpitch/66799.png',
  transfersLeft: 78
}
DEBUG: {
  name: 'Bat Bowl XI',
  captainImage: 'https://fantasy.iplt20.com/classic/static-assets/build/images/players/onpitch/64712.png',
  transfersLeft: 122
}
DEBUG: {
  name: 'RushS01',
  captainImage: 'https://fantasy.iplt20.com/classic/static-assets/build/images/players/onpitch/3852.png',
  transfersLeft: 157
}
📦 Payload ready
📡 Sending LIVE update
📡 POST status: 200
📨 Response: {"success":true}
🏁 END scrape at: 2026-05-07T11:16:19.729Z
==============================


==============================
🚀 START scrape at: 2026-05-07T11:18:01.802Z
📊 Match: { currentMatch: 50, completedPct: 70 }
📊 Rows found: 8
DEBUG: {
  name: 'SquadSeven9',
  captainImage: 'https://fantasy.iplt20.com/classic/static-assets/build/images/players/onpitch/66799.png',
  transfersLeft: 65
}
DEBUG: {
  name: 'Deccan Dominators',
  captainImage: 'https://fantasy.iplt20.com/classic/static-assets/build/images/players/onpitch/66799.png',
  transfersLeft: 57
}
DEBUG: {
  name: 'VATVAGHOOL XI',
  captainImage: 'https://fantasy.iplt20.com/classic/static-assets/build/images/players/onpitch/70222.png',
  transfersLeft: 59
}
DEBUG: {
  name: 'Watapi',
  captainImage: 'https://fantasy.iplt20.com/classic/static-assets/build/images/players/onpitch/63961.png',
  transfersLeft: 53
}
DEBUG: {
  name: 'RSAwesome 11',
  captainImage: 'https://fantasy.iplt20.com/classic/static-assets/build/images/players/onpitch/66799.png',
  transfersLeft: 62
}
DEBUG: {
  name: 'PKs11',
  captainImage: 'https://fantasy.iplt20.com/classic/static-assets/build/images/players/onpitch/66799.png',
  transfersLeft: 78
}
DEBUG: {
  name: 'Bat Bowl XI',
  captainImage: 'https://fantasy.iplt20.com/classic/static-assets/build/images/players/onpitch/64712.png',
  transfersLeft: 122
}
DEBUG: {
  name: 'RushS01',
  captainImage: 'https://fantasy.iplt20.com/classic/static-assets/build/images/players/onpitch/3852.png',
  transfersLeft: 157
}
📦 Payload ready
📡 Sending LIVE update
📡 POST status: 200
📨 Response: {"success":true}
🏁 END scrape at: 2026-05-07T11:18:20.132Z
==============================


==============================
🚀 START scrape at: 2026-05-07T11:20:01.079Z
📊 Match: { currentMatch: 50, completedPct: 70 }
📊 Rows found: 8
DEBUG: {
  name: 'SquadSeven9',
  captainImage: 'https://fantasy.iplt20.com/classic/static-assets/build/images/players/onpitch/66799.png',
  transfersLeft: 65
}
DEBUG: {
  name: 'Deccan Dominators',
  captainImage: 'https://fantasy.iplt20.com/classic/static-assets/build/images/players/onpitch/66799.png',
  transfersLeft: 57
}
DEBUG: {
  name: 'VATVAGHOOL XI',
  captainImage: 'https://fantasy.iplt20.com/classic/static-assets/build/images/players/onpitch/70222.png',
  transfersLeft: 59
}
DEBUG: {
  name: 'Watapi',
  captainImage: 'https://fantasy.iplt20.com/classic/static-assets/build/images/players/onpitch/63961.png',
  transfersLeft: 53
}
DEBUG: {
  name: 'RSAwesome 11',
  captainImage: 'https://fantasy.iplt20.com/classic/static-assets/build/images/players/onpitch/66799.png',
  transfersLeft: 62
}
DEBUG: {
  name: 'PKs11',
  captainImage: 'https://fantasy.iplt20.com/classic/static-assets/build/images/players/onpitch/66799.png',
  transfersLeft: 78
}
DEBUG: {
  name: 'Bat Bowl XI',
  captainImage: 'https://fantasy.iplt20.com/classic/static-assets/build/images/players/onpitch/64712.png',
  transfersLeft: 122
}
DEBUG: {
  name: 'RushS01',
  captainImage: 'https://fantasy.iplt20.com/classic/static-assets/build/images/players/onpitch/3852.png',
  transfersLeft: 157
}
📦 Payload ready
📡 Sending LIVE update
📡 POST status: 200
📨 Response: {"success":true}
🏁 END scrape at: 2026-05-07T11:20:19.689Z
==============================


==============================
🚀 START scrape at: 2026-05-07T11:22:01.401Z
📊 Match: { currentMatch: 50, completedPct: 70 }
📊 Rows found: 8
DEBUG: {
  name: 'SquadSeven9',
  captainImage: 'https://fantasy.iplt20.com/classic/static-assets/build/images/players/onpitch/66799.png',
  transfersLeft: 65
}
DEBUG: {
  name: 'Deccan Dominators',
  captainImage: 'https://fantasy.iplt20.com/classic/static-assets/build/images/players/onpitch/66799.png',
  transfersLeft: 57
}
DEBUG: {
  name: 'VATVAGHOOL XI',
  captainImage: 'https://fantasy.iplt20.com/classic/static-assets/build/images/players/onpitch/70222.png',
  transfersLeft: 59
}
DEBUG: {
  name: 'Watapi',
  captainImage: 'https://fantasy.iplt20.com/classic/static-assets/build/images/players/onpitch/63961.png',
  transfersLeft: 53
}
DEBUG: {
  name: 'RSAwesome 11',
  captainImage: 'https://fantasy.iplt20.com/classic/static-assets/build/images/players/onpitch/66799.png',
  transfersLeft: 62
}
DEBUG: {
  name: 'PKs11',
  captainImage: 'https://fantasy.iplt20.com/classic/static-assets/build/images/players/onpitch/66799.png',
  transfersLeft: 78
}
DEBUG: {
  name: 'Bat Bowl XI',
  captainImage: 'https://fantasy.iplt20.com/classic/static-assets/build/images/players/onpitch/66799.png',
  transfersLeft: 122
}
DEBUG: {
  name: 'RushS01',
  captainImage: 'https://fantasy.iplt20.com/classic/static-assets/build/images/players/onpitch/3852.png',
  transfersLeft: 157
}
📦 Payload ready
📡 Sending LIVE update
📡 POST status: 200
📨 Response: {"success":true}
🏁 END scrape at: 2026-05-07T11:22:17.335Z
==============================


==============================
🚀 START scrape at: 2026-05-07T11:24:01.054Z
📊 Match: { currentMatch: 50, completedPct: 70 }
📊 Rows found: 8
DEBUG: {
  name: 'SquadSeven9',
  captainImage: 'https://fantasy.iplt20.com/classic/static-assets/build/images/players/onpitch/66799.png',
  transfersLeft: 65
}
DEBUG: {
  name: 'Deccan Dominators',
  captainImage: 'https://fantasy.iplt20.com/classic/static-assets/build/images/players/onpitch/66799.png',
  transfersLeft: 57
}
DEBUG: {
  name: 'VATVAGHOOL XI',
  captainImage: 'https://fantasy.iplt20.com/classic/static-assets/build/images/players/onpitch/70222.png',
  transfersLeft: 59
}
DEBUG: {
  name: 'Watapi',
  captainImage: 'https://fantasy.iplt20.com/classic/static-assets/build/images/players/onpitch/63961.png',
  transfersLeft: 53
}
DEBUG: {
  name: 'RSAwesome 11',
  captainImage: 'https://fantasy.iplt20.com/classic/static-assets/build/images/players/onpitch/66799.png',
  transfersLeft: 62
}
DEBUG: {
  name: 'PKs11',
  captainImage: 'https://fantasy.iplt20.com/classic/static-assets/build/images/players/onpitch/66799.png',
  transfersLeft: 78
}
DEBUG: {
  name: 'Bat Bowl XI',
  captainImage: 'https://fantasy.iplt20.com/classic/static-assets/build/images/players/onpitch/64712.png',
  transfersLeft: 122
}
DEBUG: {
  name: 'RushS01',
  captainImage: 'https://fantasy.iplt20.com/classic/static-assets/build/images/players/onpitch/3852.png',
  transfersLeft: 157
}
📦 Payload ready
📡 Sending LIVE update
📡 POST status: 200
📨 Response: {"success":true}
🏁 END scrape at: 2026-05-07T11:24:14.851Z
==============================


==============================
🚀 START scrape at: 2026-05-07T11:26:01.690Z
📊 Match: { currentMatch: 50, completedPct: 70 }
📊 Rows found: 8
DEBUG: {
  name: 'SquadSeven9',
  captainImage: 'https://fantasy.iplt20.com/classic/static-assets/build/images/players/onpitch/66799.png',
  transfersLeft: 65
}
DEBUG: {
  name: 'Deccan Dominators',
  captainImage: 'https://fantasy.iplt20.com/classic/static-assets/build/images/players/onpitch/66799.png',
  transfersLeft: 57
}
DEBUG: {
  name: 'VATVAGHOOL XI',
  captainImage: 'https://fantasy.iplt20.com/classic/static-assets/build/images/players/onpitch/70222.png',
  transfersLeft: 59
}
DEBUG: {
  name: 'Watapi',
  captainImage: 'https://fantasy.iplt20.com/classic/static-assets/build/images/players/onpitch/63961.png',
  transfersLeft: 53
}
DEBUG: {
  name: 'RSAwesome 11',
  captainImage: 'https://fantasy.iplt20.com/classic/static-assets/build/images/players/onpitch/66799.png',
  transfersLeft: 62
}
DEBUG: {
  name: 'PKs11',
  captainImage: 'https://fantasy.iplt20.com/classic/static-assets/build/images/players/onpitch/66799.png',
  transfersLeft: 78
}
DEBUG: {
  name: 'Bat Bowl XI',
  captainImage: 'https://fantasy.iplt20.com/classic/static-assets/build/images/players/onpitch/64712.png',
  transfersLeft: 122
}
DEBUG: {
  name: 'RushS01',
  captainImage: 'https://fantasy.iplt20.com/classic/static-assets/build/images/players/onpitch/3852.png',
  transfersLeft: 157
}
📦 Payload ready
📡 Sending LIVE update
📡 POST status: 200
📨 Response: {"success":true}
🏁 END scrape at: 2026-05-07T11:26:18.281Z
==============================


==============================
🚀 START scrape at: 2026-05-07T11:28:01.125Z
📊 Match: { currentMatch: 50, completedPct: 70 }
📊 Rows found: 8
DEBUG: {
  name: 'SquadSeven9',
  captainImage: 'https://fantasy.iplt20.com/classic/static-assets/build/images/players/onpitch/66799.png',
  transfersLeft: 65
}
DEBUG: {
  name: 'Deccan Dominators',
  captainImage: 'https://fantasy.iplt20.com/classic/static-assets/build/images/players/onpitch/66799.png',
  transfersLeft: 57
}
DEBUG: {
  name: 'VATVAGHOOL XI',
  captainImage: 'https://fantasy.iplt20.com/classic/static-assets/build/images/players/onpitch/70222.png',
  transfersLeft: 59
}
DEBUG: {
  name: 'Watapi',
  captainImage: 'https://fantasy.iplt20.com/classic/static-assets/build/images/players/onpitch/63961.png',
  transfersLeft: 53
}
DEBUG: {
  name: 'RSAwesome 11',
  captainImage: 'https://fantasy.iplt20.com/classic/static-assets/build/images/players/onpitch/66799.png',
  transfersLeft: 62
}
DEBUG: {
  name: 'PKs11',
  captainImage: 'https://fantasy.iplt20.com/classic/static-assets/build/images/players/onpitch/66799.png',
  transfersLeft: 78
}
DEBUG: {
  name: 'Bat Bowl XI',
  captainImage: 'https://fantasy.iplt20.com/classic/static-assets/build/images/players/onpitch/64712.png',
  transfersLeft: 122
}
DEBUG: {
  name: 'RushS01',
  captainImage: 'https://fantasy.iplt20.com/classic/static-assets/build/images/players/onpitch/3852.png',
  transfersLeft: 157
}
📦 Payload ready
📡 Sending LIVE update
📡 POST status: 200
📨 Response: {"success":true}
🏁 END scrape at: 2026-05-07T11:28:17.841Z
==============================


==============================
🚀 START scrape at: 2026-05-07T11:30:00.539Z
📊 Match: { currentMatch: 50, completedPct: 70 }
📊 Rows found: 8
DEBUG: {
  name: 'SquadSeven9',
  captainImage: 'https://fantasy.iplt20.com/classic/static-assets/build/images/players/onpitch/66799.png',
  transfersLeft: 65
}
DEBUG: {
  name: 'Deccan Dominators',
  captainImage: 'https://fantasy.iplt20.com/classic/static-assets/build/images/players/onpitch/66799.png',
  transfersLeft: 57
}
DEBUG: {
  name: 'VATVAGHOOL XI',
  captainImage: 'https://fantasy.iplt20.com/classic/static-assets/build/images/players/onpitch/70222.png',
  transfersLeft: 59
}
DEBUG: {
  name: 'Watapi',
  captainImage: 'https://fantasy.iplt20.com/classic/static-assets/build/images/players/onpitch/63961.png',
  transfersLeft: 53
}
DEBUG: {
  name: 'RSAwesome 11',
  captainImage: 'https://fantasy.iplt20.com/classic/static-assets/build/images/players/onpitch/66799.png',
  transfersLeft: 62
}
DEBUG: {
  name: 'PKs11',
  captainImage: 'https://fantasy.iplt20.com/classic/static-assets/build/images/players/onpitch/66799.png',
  transfersLeft: 78
}
DEBUG: {
  name: 'Bat Bowl XI',
  captainImage: 'https://fantasy.iplt20.com/classic/static-assets/build/images/players/onpitch/64712.png',
  transfersLeft: 122
}
DEBUG: {
  name: 'RushS01',
  captainImage: 'https://fantasy.iplt20.com/classic/static-assets/build/images/players/onpitch/3852.png',
  transfersLeft: 157
}
📦 Payload ready
📡 Sending LIVE update
📡 POST status: 200
📨 Response: {"success":true}
🏁 END scrape at: 2026-05-07T11:30:15.686Z
==============================


==============================
🚀 START scrape at: 2026-05-07T11:32:00.777Z
📊 Match: { currentMatch: 50, completedPct: 70 }
📊 Rows found: 8
DEBUG: {
  name: 'SquadSeven9',
  captainImage: 'https://fantasy.iplt20.com/classic/static-assets/build/images/players/onpitch/66799.png',
  transfersLeft: 65
}
DEBUG: {
  name: 'Deccan Dominators',
  captainImage: 'https://fantasy.iplt20.com/classic/static-assets/build/images/players/onpitch/66799.png',
  transfersLeft: 57
}
DEBUG: {
  name: 'VATVAGHOOL XI',
  captainImage: 'https://fantasy.iplt20.com/classic/static-assets/build/images/players/onpitch/70222.png',
  transfersLeft: 59
}
DEBUG: {
  name: 'Watapi',
  captainImage: 'https://fantasy.iplt20.com/classic/static-assets/build/images/players/onpitch/63961.png',
  transfersLeft: 53
}
DEBUG: {
  name: 'RSAwesome 11',
  captainImage: 'https://fantasy.iplt20.com/classic/static-assets/build/images/players/onpitch/66799.png',
  transfersLeft: 62
}
DEBUG: {
  name: 'PKs11',
  captainImage: 'https://fantasy.iplt20.com/classic/static-assets/build/images/players/onpitch/66799.png',
  transfersLeft: 78
}
DEBUG: {
  name: 'Bat Bowl XI',
  captainImage: 'https://fantasy.iplt20.com/classic/static-assets/build/images/players/onpitch/64712.png',
  transfersLeft: 122
}
DEBUG: {
  name: 'RushS01',
  captainImage: 'https://fantasy.iplt20.com/classic/static-assets/build/images/players/onpitch/3852.png',
  transfersLeft: 157
}
📦 Payload ready
📡 Sending LIVE update
📡 POST status: 200
📨 Response: {"success":true}
🏁 END scrape at: 2026-05-07T11:32:18.034Z
==============================


==============================
🚀 START scrape at: 2026-05-07T11:34:00.929Z
📊 Match: { currentMatch: 50, completedPct: 70 }
📊 Rows found: 8
DEBUG: {
  name: 'SquadSeven9',
  captainImage: 'https://fantasy.iplt20.com/classic/static-assets/build/images/players/onpitch/66799.png',
  transfersLeft: 65
}
DEBUG: {
  name: 'Deccan Dominators',
  captainImage: 'https://fantasy.iplt20.com/classic/static-assets/build/images/players/onpitch/66799.png',
  transfersLeft: 57
}
DEBUG: {
  name: 'VATVAGHOOL XI',
  captainImage: 'https://fantasy.iplt20.com/classic/static-assets/build/images/players/onpitch/70222.png',
  transfersLeft: 59
}
DEBUG: {
  name: 'Watapi',
  captainImage: 'https://fantasy.iplt20.com/classic/static-assets/build/images/players/onpitch/63961.png',
  transfersLeft: 53
}
DEBUG: {
  name: 'RSAwesome 11',
  captainImage: 'https://fantasy.iplt20.com/classic/static-assets/build/images/players/onpitch/66799.png',
  transfersLeft: 62
}
DEBUG: {
  name: 'PKs11',
  captainImage: 'https://fantasy.iplt20.com/classic/static-assets/build/images/players/onpitch/66799.png',
  transfersLeft: 78
}
DEBUG: {
  name: 'Bat Bowl XI',
  captainImage: 'https://fantasy.iplt20.com/classic/static-assets/build/images/players/onpitch/64712.png',
  transfersLeft: 122
}
DEBUG: {
  name: 'RushS01',
  captainImage: 'https://fantasy.iplt20.com/classic/static-assets/build/images/players/onpitch/3852.png',
  transfersLeft: 157
}
📦 Payload ready
📡 Sending LIVE update
📡 POST status: 200
📨 Response: {"success":true}
🏁 END scrape at: 2026-05-07T11:34:15.915Z
==============================


==============================
🚀 START scrape at: 2026-05-07T11:36:01.134Z
📊 Match: { currentMatch: 50, completedPct: 70 }
📊 Rows found: 8
DEBUG: {
  name: 'SquadSeven9',
  captainImage: 'https://fantasy.iplt20.com/classic/static-assets/build/images/players/onpitch/66799.png',
  transfersLeft: 65
}
DEBUG: {
  name: 'Deccan Dominators',
  captainImage: 'https://fantasy.iplt20.com/classic/static-assets/build/images/players/onpitch/66799.png',
  transfersLeft: 57
}
DEBUG: {
  name: 'VATVAGHOOL XI',
  captainImage: 'https://fantasy.iplt20.com/classic/static-assets/build/images/players/onpitch/70222.png',
  transfersLeft: 59
}
DEBUG: {
  name: 'Watapi',
  captainImage: 'https://fantasy.iplt20.com/classic/static-assets/build/images/players/onpitch/63961.png',
  transfersLeft: 53
}
DEBUG: {
  name: 'RSAwesome 11',
  captainImage: 'https://fantasy.iplt20.com/classic/static-assets/build/images/players/onpitch/66799.png',
  transfersLeft: 62
}
DEBUG: {
  name: 'PKs11',
  captainImage: 'https://fantasy.iplt20.com/classic/static-assets/build/images/players/onpitch/66799.png',
  transfersLeft: 78
}
DEBUG: {
  name: 'Bat Bowl XI',
  captainImage: 'https://fantasy.iplt20.com/classic/static-assets/build/images/players/onpitch/64712.png',
  transfersLeft: 122
}
DEBUG: {
  name: 'RushS01',
  captainImage: 'https://fantasy.iplt20.com/classic/static-assets/build/images/players/onpitch/3852.png',
  transfersLeft: 157
}
📦 Payload ready
📡 Sending LIVE update
📡 POST status: 200
📨 Response: {"success":true}
🏁 END scrape at: 2026-05-07T11:36:14.920Z
==============================


==============================
🚀 START scrape at: 2026-05-07T11:38:00.781Z
📊 Match: { currentMatch: 50, completedPct: 70 }
📊 Rows found: 8
DEBUG: {
  name: 'SquadSeven9',
  captainImage: 'https://fantasy.iplt20.com/classic/static-assets/build/images/players/onpitch/66799.png',
  transfersLeft: 65
}
DEBUG: {
  name: 'Deccan Dominators',
  captainImage: 'https://fantasy.iplt20.com/classic/static-assets/build/images/players/onpitch/66799.png',
  transfersLeft: 57
}
DEBUG: {
  name: 'VATVAGHOOL XI',
  captainImage: 'https://fantasy.iplt20.com/classic/static-assets/build/images/players/onpitch/70222.png',
  transfersLeft: 59
}
DEBUG: {
  name: 'Watapi',
  captainImage: 'https://fantasy.iplt20.com/classic/static-assets/build/images/players/onpitch/63961.png',
  transfersLeft: 53
}
DEBUG: {
  name: 'RSAwesome 11',
  captainImage: 'https://fantasy.iplt20.com/classic/static-assets/build/images/players/onpitch/66799.png',
  transfersLeft: 62
}
DEBUG: {
  name: 'PKs11',
  captainImage: 'https://fantasy.iplt20.com/classic/static-assets/build/images/players/onpitch/66799.png',
  transfersLeft: 78
}
DEBUG: {
  name: 'Bat Bowl XI',
  captainImage: 'https://fantasy.iplt20.com/classic/static-assets/build/images/players/onpitch/64712.png',
  transfersLeft: 122
}
DEBUG: {
  name: 'RushS01',
  captainImage: 'https://fantasy.iplt20.com/classic/static-assets/build/images/players/onpitch/3852.png',
  transfersLeft: 157
}
📦 Payload ready
📡 Sending LIVE update
📡 POST status: 200
📨 Response: {"success":true}
🏁 END scrape at: 2026-05-07T11:38:16.739Z
==============================


==============================
🚀 START scrape at: 2026-05-07T11:40:01.662Z
📊 Match: { currentMatch: 50, completedPct: 70 }
📊 Rows found: 8
DEBUG: {
  name: 'SquadSeven9',
  captainImage: 'https://fantasy.iplt20.com/classic/static-assets/build/images/players/onpitch/66799.png',
  transfersLeft: 65
}
DEBUG: {
  name: 'Deccan Dominators',
  captainImage: 'https://fantasy.iplt20.com/classic/static-assets/build/images/players/onpitch/66799.png',
  transfersLeft: 57
}
DEBUG: {
  name: 'VATVAGHOOL XI',
  captainImage: 'https://fantasy.iplt20.com/classic/static-assets/build/images/players/onpitch/70222.png',
  transfersLeft: 59
}
DEBUG: {
  name: 'Watapi',
  captainImage: 'https://fantasy.iplt20.com/classic/static-assets/build/images/players/onpitch/63961.png',
  transfersLeft: 53
}
DEBUG: {
  name: 'RSAwesome 11',
  captainImage: 'https://fantasy.iplt20.com/classic/static-assets/build/images/players/onpitch/66799.png',
  transfersLeft: 62
}
DEBUG: {
  name: 'PKs11',
  captainImage: 'https://fantasy.iplt20.com/classic/static-assets/build/images/players/onpitch/66799.png',
  transfersLeft: 78
}
DEBUG: {
  name: 'Bat Bowl XI',
  captainImage: 'https://fantasy.iplt20.com/classic/static-assets/build/images/players/onpitch/64712.png',
  transfersLeft: 122
}
DEBUG: {
  name: 'RushS01',
  captainImage: 'https://fantasy.iplt20.com/classic/static-assets/build/images/players/onpitch/3852.png',
  transfersLeft: 157
}
📦 Payload ready
📡 Sending LIVE update
📡 POST status: 200
📨 Response: {"success":true}
🏁 END scrape at: 2026-05-07T11:40:18.244Z
==============================


==============================
🚀 START scrape at: 2026-05-07T11:42:01.267Z
📊 Match: { currentMatch: 50, completedPct: 70 }
📊 Rows found: 8
DEBUG: {
  name: 'SquadSeven9',
  captainImage: 'https://fantasy.iplt20.com/classic/static-assets/build/images/players/onpitch/66799.png',
  transfersLeft: 65
}
DEBUG: {
  name: 'Deccan Dominators',
  captainImage: 'https://fantasy.iplt20.com/classic/static-assets/build/images/players/onpitch/66799.png',
  transfersLeft: 57
}
DEBUG: {
  name: 'VATVAGHOOL XI',
  captainImage: 'https://fantasy.iplt20.com/classic/static-assets/build/images/players/onpitch/70222.png',
  transfersLeft: 59
}
DEBUG: {
  name: 'Watapi',
  captainImage: 'https://fantasy.iplt20.com/classic/static-assets/build/images/players/onpitch/63961.png',
  transfersLeft: 53
}
DEBUG: {
  name: 'RSAwesome 11',
  captainImage: 'https://fantasy.iplt20.com/classic/static-assets/build/images/players/onpitch/66799.png',
  transfersLeft: 62
}
DEBUG: {
  name: 'PKs11',
  captainImage: 'https://fantasy.iplt20.com/classic/static-assets/build/images/players/onpitch/66799.png',
  transfersLeft: 78
}
DEBUG: {
  name: 'Bat Bowl XI',
  captainImage: 'https://fantasy.iplt20.com/classic/static-assets/build/images/players/onpitch/64712.png',
  transfersLeft: 122
}
DEBUG: {
  name: 'RushS01',
  captainImage: 'https://fantasy.iplt20.com/classic/static-assets/build/images/players/onpitch/3852.png',
  transfersLeft: 157
}
📦 Payload ready
📡 Sending LIVE update
📡 POST status: 200
📨 Response: {"success":true}
🏁 END scrape at: 2026-05-07T11:42:17.749Z
==============================


==============================
🚀 START scrape at: 2026-05-07T11:44:01.701Z
📊 Match: { currentMatch: 50, completedPct: 70 }
📊 Rows found: 8
DEBUG: {
  name: 'SquadSeven9',
  captainImage: 'https://fantasy.iplt20.com/classic/static-assets/build/images/players/onpitch/66799.png',
  transfersLeft: 65
}
DEBUG: {
  name: 'Deccan Dominators',
  captainImage: 'https://fantasy.iplt20.com/classic/static-assets/build/images/players/onpitch/66799.png',
  transfersLeft: 57
}
DEBUG: {
  name: 'VATVAGHOOL XI',
  captainImage: 'https://fantasy.iplt20.com/classic/static-assets/build/images/players/onpitch/70222.png',
  transfersLeft: 59
}
DEBUG: {
  name: 'Watapi',
  captainImage: 'https://fantasy.iplt20.com/classic/static-assets/build/images/players/onpitch/63961.png',
  transfersLeft: 53
}
DEBUG: {
  name: 'RSAwesome 11',
  captainImage: 'https://fantasy.iplt20.com/classic/static-assets/build/images/players/onpitch/66799.png',
  transfersLeft: 62
}
DEBUG: {
  name: 'PKs11',
  captainImage: 'https://fantasy.iplt20.com/classic/static-assets/build/images/players/onpitch/66799.png',
  transfersLeft: 78
}
DEBUG: {
  name: 'Bat Bowl XI',
  captainImage: 'https://fantasy.iplt20.com/classic/static-assets/build/images/players/onpitch/64712.png',
  transfersLeft: 122
}
DEBUG: {
  name: 'RushS01',
  captainImage: 'https://fantasy.iplt20.com/classic/static-assets/build/images/players/onpitch/3852.png',
  transfersLeft: 157
}
📦 Payload ready
📡 Sending LIVE update
📡 POST status: 200
📨 Response: {"success":true}
🏁 END scrape at: 2026-05-07T11:44:17.819Z
==============================


==============================
🚀 START scrape at: 2026-05-07T11:46:01.438Z
📊 Match: { currentMatch: 50, completedPct: 70 }
📊 Rows found: 8
DEBUG: {
  name: 'SquadSeven9',
  captainImage: '/classic/static-assets/build/images/players/onpitch/0.png',
  transfersLeft: 65
}
DEBUG: {
  name: 'Deccan Dominators',
  captainImage: 'https://fantasy.iplt20.com/classic/static-assets/build/images/players/onpitch/66799.png',
  transfersLeft: null
}
DEBUG: {
  name: 'VATVAGHOOL XI',
  captainImage: 'https://fantasy.iplt20.com/classic/static-assets/build/images/players/onpitch/66799.png',
  transfersLeft: 59
}
DEBUG: {
  name: 'Watapi',
  captainImage: 'https://fantasy.iplt20.com/classic/static-assets/build/images/players/onpitch/66799.png',
  transfersLeft: null
}
DEBUG: {
  name: 'RSAwesome 11',
  captainImage: 'https://fantasy.iplt20.com/classic/static-assets/build/images/players/onpitch/70222.png',
  transfersLeft: null
}
DEBUG: {
  name: 'PKs11',
  captainImage: 'https://fantasy.iplt20.com/classic/static-assets/build/images/players/onpitch/70222.png',
  transfersLeft: 78
}
DEBUG: {
  name: 'Bat Bowl XI',
  captainImage: 'https://fantasy.iplt20.com/classic/static-assets/build/images/players/onpitch/63961.png',
  transfersLeft: null
}
DEBUG: {
  name: 'RushS01',
  captainImage: 'https://fantasy.iplt20.com/classic/static-assets/build/images/players/onpitch/64712.png',
  transfersLeft: null
}
📦 Payload ready
📡 Sending LIVE update
📡 POST status: 200
📨 Response: {"success":true}
🏁 END scrape at: 2026-05-07T11:46:14.131Z
==============================


==============================
🚀 START scrape at: 2026-05-07T11:48:01.096Z
📊 Match: { currentMatch: 50, completedPct: 70 }
📊 Rows found: 8
DEBUG: {
  name: 'SquadSeven9',
  captainImage: '/classic/static-assets/build/images/players/onpitch/0.png',
  transfersLeft: null
}
DEBUG: {
  name: 'Deccan Dominators',
  captainImage: 'https://fantasy.iplt20.com/classic/static-assets/build/images/players/onpitch/66799.png',
  transfersLeft: 57
}
DEBUG: {
  name: 'VATVAGHOOL XI',
  captainImage: 'https://fantasy.iplt20.com/classic/static-assets/build/images/players/onpitch/66799.png',
  transfersLeft: null
}
DEBUG: {
  name: 'Watapi',
  captainImage: 'https://fantasy.iplt20.com/classic/static-assets/build/images/players/onpitch/70222.png',
  transfersLeft: null
}
DEBUG: {
  name: 'RSAwesome 11',
  captainImage: 'https://fantasy.iplt20.com/classic/static-assets/build/images/players/onpitch/66799.png',
  transfersLeft: 62
}
DEBUG: {
  name: 'PKs11',
  captainImage: 'https://fantasy.iplt20.com/classic/static-assets/build/images/players/onpitch/66799.png',
  transfersLeft: 78
}
DEBUG: {
  name: 'Bat Bowl XI',
  captainImage: 'https://fantasy.iplt20.com/classic/static-assets/build/images/players/onpitch/64712.png',
  transfersLeft: 122
}
DEBUG: {
  name: 'RushS01',
  captainImage: '/classic/static-assets/build/images/players/onpitch/0.png',
  transfersLeft: 157
}
📦 Payload ready
📡 Sending LIVE update
📡 POST status: 200
📨 Response: {"success":true}
🏁 END scrape at: 2026-05-07T11:48:17.247Z
==============================


==============================
🚀 START scrape at: 2026-05-07T11:50:01.052Z
📊 Match: { currentMatch: 50, completedPct: 70 }
📊 Rows found: 8
DEBUG: {
  name: 'SquadSeven9',
  captainImage: 'https://fantasy.iplt20.com/classic/static-assets/build/images/players/onpitch/66799.png',
  transfersLeft: 65
}
DEBUG: {
  name: 'Deccan Dominators',
  captainImage: 'https://fantasy.iplt20.com/classic/static-assets/build/images/players/onpitch/66799.png',
  transfersLeft: 57
}
DEBUG: {
  name: 'VATVAGHOOL XI',
  captainImage: 'https://fantasy.iplt20.com/classic/static-assets/build/images/players/onpitch/70222.png',
  transfersLeft: 59
}
DEBUG: {
  name: 'Watapi',
  captainImage: 'https://fantasy.iplt20.com/classic/static-assets/build/images/players/onpitch/63961.png',
  transfersLeft: 53
}
DEBUG: {
  name: 'RSAwesome 11',
  captainImage: 'https://fantasy.iplt20.com/classic/static-assets/build/images/players/onpitch/66799.png',
  transfersLeft: 62
}
DEBUG: {
  name: 'PKs11',
  captainImage: 'https://fantasy.iplt20.com/classic/static-assets/build/images/players/onpitch/66799.png',
  transfersLeft: 78
}
DEBUG: {
  name: 'Bat Bowl XI',
  captainImage: 'https://fantasy.iplt20.com/classic/static-assets/build/images/players/onpitch/64712.png',
  transfersLeft: 122
}
DEBUG: {
  name: 'RushS01',
  captainImage: 'https://fantasy.iplt20.com/classic/static-assets/build/images/players/onpitch/3852.png',
  transfersLeft: 157
}
📦 Payload ready
📡 Sending LIVE update
📡 POST status: 200
📨 Response: {"success":true}
🏁 END scrape at: 2026-05-07T11:50:17.243Z
==============================


==============================
🚀 START scrape at: 2026-05-07T11:52:00.941Z
📊 Match: { currentMatch: 50, completedPct: 70 }
📊 Rows found: 8
DEBUG: {
  name: 'SquadSeven9',
  captainImage: 'https://fantasy.iplt20.com/classic/static-assets/build/images/players/onpitch/66799.png',
  transfersLeft: 65
}
DEBUG: {
  name: 'Deccan Dominators',
  captainImage: 'https://fantasy.iplt20.com/classic/static-assets/build/images/players/onpitch/66799.png',
  transfersLeft: 57
}
DEBUG: {
  name: 'VATVAGHOOL XI',
  captainImage: 'https://fantasy.iplt20.com/classic/static-assets/build/images/players/onpitch/70222.png',
  transfersLeft: 59
}
DEBUG: {
  name: 'Watapi',
  captainImage: 'https://fantasy.iplt20.com/classic/static-assets/build/images/players/onpitch/63961.png',
  transfersLeft: 53
}
DEBUG: {
  name: 'RSAwesome 11',
  captainImage: 'https://fantasy.iplt20.com/classic/static-assets/build/images/players/onpitch/66799.png',
  transfersLeft: 62
}
DEBUG: {
  name: 'PKs11',
  captainImage: 'https://fantasy.iplt20.com/classic/static-assets/build/images/players/onpitch/66799.png',
  transfersLeft: 78
}
DEBUG: {
  name: 'Bat Bowl XI',
  captainImage: 'https://fantasy.iplt20.com/classic/static-assets/build/images/players/onpitch/64712.png',
  transfersLeft: 122
}
DEBUG: {
  name: 'RushS01',
  captainImage: 'https://fantasy.iplt20.com/classic/static-assets/build/images/players/onpitch/3852.png',
  transfersLeft: 157
}
📦 Payload ready
📡 Sending LIVE update
📡 POST status: 200
📨 Response: {"success":true}
🏁 END scrape at: 2026-05-07T11:52:15.065Z
==============================


==============================
🚀 START scrape at: 2026-05-07T11:54:00.738Z
📊 Match: { currentMatch: 50, completedPct: 70 }
📊 Rows found: 8
DEBUG: {
  name: 'SquadSeven9',
  captainImage: 'https://fantasy.iplt20.com/classic/static-assets/build/images/players/onpitch/66799.png',
  transfersLeft: 65
}
DEBUG: {
  name: 'Deccan Dominators',
  captainImage: 'https://fantasy.iplt20.com/classic/static-assets/build/images/players/onpitch/66799.png',
  transfersLeft: 57
}
DEBUG: {
  name: 'VATVAGHOOL XI',
  captainImage: 'https://fantasy.iplt20.com/classic/static-assets/build/images/players/onpitch/70222.png',
  transfersLeft: 59
}
DEBUG: {
  name: 'Watapi',
  captainImage: 'https://fantasy.iplt20.com/classic/static-assets/build/images/players/onpitch/63961.png',
  transfersLeft: 53
}
DEBUG: {
  name: 'RSAwesome 11',
  captainImage: 'https://fantasy.iplt20.com/classic/static-assets/build/images/players/onpitch/66799.png',
  transfersLeft: 62
}
DEBUG: {
  name: 'PKs11',
  captainImage: 'https://fantasy.iplt20.com/classic/static-assets/build/images/players/onpitch/66799.png',
  transfersLeft: 78
}
DEBUG: {
  name: 'Bat Bowl XI',
  captainImage: 'https://fantasy.iplt20.com/classic/static-assets/build/images/players/onpitch/64712.png',
  transfersLeft: 122
}
DEBUG: {
  name: 'RushS01',
  captainImage: 'https://fantasy.iplt20.com/classic/static-assets/build/images/players/onpitch/3852.png',
  transfersLeft: 157
}
📦 Payload ready
📡 Sending LIVE update
📡 POST status: 200
📨 Response: {"success":true}
🏁 END scrape at: 2026-05-07T11:54:15.267Z
==============================


==============================
🚀 START scrape at: 2026-05-07T11:56:00.938Z
📊 Match: { currentMatch: 50, completedPct: 70 }
📊 Rows found: 8
DEBUG: {
  name: 'SquadSeven9',
  captainImage: 'https://fantasy.iplt20.com/classic/static-assets/build/images/players/onpitch/66799.png',
  transfersLeft: 65
}
DEBUG: {
  name: 'Deccan Dominators',
  captainImage: 'https://fantasy.iplt20.com/classic/static-assets/build/images/players/onpitch/66799.png',
  transfersLeft: 57
}
DEBUG: {
  name: 'VATVAGHOOL XI',
  captainImage: 'https://fantasy.iplt20.com/classic/static-assets/build/images/players/onpitch/70222.png',
  transfersLeft: 59
}
DEBUG: {
  name: 'Watapi',
  captainImage: 'https://fantasy.iplt20.com/classic/static-assets/build/images/players/onpitch/63961.png',
  transfersLeft: 53
}
DEBUG: {
  name: 'RSAwesome 11',
  captainImage: 'https://fantasy.iplt20.com/classic/static-assets/build/images/players/onpitch/66799.png',
  transfersLeft: 62
}
DEBUG: {
  name: 'PKs11',
  captainImage: 'https://fantasy.iplt20.com/classic/static-assets/build/images/players/onpitch/66799.png',
  transfersLeft: 78
}
DEBUG: {
  name: 'Bat Bowl XI',
  captainImage: 'https://fantasy.iplt20.com/classic/static-assets/build/images/players/onpitch/64712.png',
  transfersLeft: 122
}
DEBUG: {
  name: 'RushS01',
  captainImage: 'https://fantasy.iplt20.com/classic/static-assets/build/images/players/onpitch/3852.png',
  transfersLeft: 157
}
📦 Payload ready
📡 Sending LIVE update
📡 POST status: 200
📨 Response: {"success":true}
🏁 END scrape at: 2026-05-07T11:56:15.582Z
==============================


==============================
🚀 START scrape at: 2026-05-07T11:58:01.415Z
📊 Match: { currentMatch: 50, completedPct: 70 }
📊 Rows found: 8
DEBUG: {
  name: 'SquadSeven9',
  captainImage: 'https://fantasy.iplt20.com/classic/static-assets/build/images/players/onpitch/66799.png',
  transfersLeft: 65
}
DEBUG: {
  name: 'Deccan Dominators',
  captainImage: 'https://fantasy.iplt20.com/classic/static-assets/build/images/players/onpitch/66799.png',
  transfersLeft: 57
}
DEBUG: {
  name: 'VATVAGHOOL XI',
  captainImage: 'https://fantasy.iplt20.com/classic/static-assets/build/images/players/onpitch/70222.png',
  transfersLeft: 59
}
DEBUG: {
  name: 'Watapi',
  captainImage: 'https://fantasy.iplt20.com/classic/static-assets/build/images/players/onpitch/63961.png',
  transfersLeft: 53
}
DEBUG: {
  name: 'RSAwesome 11',
  captainImage: 'https://fantasy.iplt20.com/classic/static-assets/build/images/players/onpitch/66799.png',
  transfersLeft: 62
}
DEBUG: {
  name: 'PKs11',
  captainImage: 'https://fantasy.iplt20.com/classic/static-assets/build/images/players/onpitch/66799.png',
  transfersLeft: 78
}
DEBUG: {
  name: 'Bat Bowl XI',
  captainImage: 'https://fantasy.iplt20.com/classic/static-assets/build/images/players/onpitch/64712.png',
  transfersLeft: 122
}
DEBUG: {
  name: 'RushS01',
  captainImage: 'https://fantasy.iplt20.com/classic/static-assets/build/images/players/onpitch/3852.png',
  transfersLeft: 157
}
📦 Payload ready
📡 Sending LIVE update
📡 POST status: 200
📨 Response: {"success":true}
🏁 END scrape at: 2026-05-07T11:58:17.888Z
==============================


==============================
🚀 START scrape at: 2026-05-07T12:00:00.813Z
📊 Match: { currentMatch: 50, completedPct: 70 }
📊 Rows found: 8
DEBUG: {
  name: 'SquadSeven9',
  captainImage: 'https://fantasy.iplt20.com/classic/static-assets/build/images/players/onpitch/66799.png',
  transfersLeft: 65
}
DEBUG: {
  name: 'Deccan Dominators',
  captainImage: 'https://fantasy.iplt20.com/classic/static-assets/build/images/players/onpitch/66799.png',
  transfersLeft: 57
}
DEBUG: {
  name: 'VATVAGHOOL XI',
  captainImage: 'https://fantasy.iplt20.com/classic/static-assets/build/images/players/onpitch/70222.png',
  transfersLeft: 59
}
DEBUG: {
  name: 'Watapi',
  captainImage: 'https://fantasy.iplt20.com/classic/static-assets/build/images/players/onpitch/63961.png',
  transfersLeft: 53
}
DEBUG: {
  name: 'RSAwesome 11',
  captainImage: 'https://fantasy.iplt20.com/classic/static-assets/build/images/players/onpitch/66799.png',
  transfersLeft: 62
}
DEBUG: {
  name: 'PKs11',
  captainImage: 'https://fantasy.iplt20.com/classic/static-assets/build/images/players/onpitch/66799.png',
  transfersLeft: 78
}
DEBUG: {
  name: 'Bat Bowl XI',
  captainImage: 'https://fantasy.iplt20.com/classic/static-assets/build/images/players/onpitch/64712.png',
  transfersLeft: 122
}
DEBUG: {
  name: 'RushS01',
  captainImage: 'https://fantasy.iplt20.com/classic/static-assets/build/images/players/onpitch/3852.png',
  transfersLeft: 157
}
📦 Payload ready
📡 Sending LIVE update
📡 POST status: 200
📨 Response: {"success":true}
🏁 END scrape at: 2026-05-07T12:00:20.433Z
==============================


==============================
🚀 START scrape at: 2026-05-07T12:02:01.621Z
📊 Match: { currentMatch: 50, completedPct: 70 }
📊 Rows found: 8
DEBUG: {
  name: 'SquadSeven9',
  captainImage: 'https://fantasy.iplt20.com/classic/static-assets/build/images/players/onpitch/66799.png',
  transfersLeft: 65
}
DEBUG: {
  name: 'Deccan Dominators',
  captainImage: 'https://fantasy.iplt20.com/classic/static-assets/build/images/players/onpitch/66799.png',
  transfersLeft: 57
}
DEBUG: {
  name: 'VATVAGHOOL XI',
  captainImage: 'https://fantasy.iplt20.com/classic/static-assets/build/images/players/onpitch/70222.png',
  transfersLeft: 59
}
DEBUG: {
  name: 'Watapi',
  captainImage: 'https://fantasy.iplt20.com/classic/static-assets/build/images/players/onpitch/63961.png',
  transfersLeft: 53
}
DEBUG: {
  name: 'RSAwesome 11',
  captainImage: 'https://fantasy.iplt20.com/classic/static-assets/build/images/players/onpitch/66799.png',
  transfersLeft: 62
}
DEBUG: {
  name: 'PKs11',
  captainImage: 'https://fantasy.iplt20.com/classic/static-assets/build/images/players/onpitch/66799.png',
  transfersLeft: 78
}
DEBUG: {
  name: 'Bat Bowl XI',
  captainImage: 'https://fantasy.iplt20.com/classic/static-assets/build/images/players/onpitch/64712.png',
  transfersLeft: 122
}
DEBUG: {
  name: 'RushS01',
  captainImage: 'https://fantasy.iplt20.com/classic/static-assets/build/images/players/onpitch/3852.png',
  transfersLeft: 157
}
📦 Payload ready
📡 Sending LIVE update
📡 POST status: 200
📨 Response: {"success":true}
🏁 END scrape at: 2026-05-07T12:02:18.075Z
==============================


==============================
🚀 START scrape at: 2026-05-07T12:04:01.206Z
📊 Match: { currentMatch: 50, completedPct: 70 }
📊 Rows found: 8
DEBUG: {
  name: 'SquadSeven9',
  captainImage: 'https://fantasy.iplt20.com/classic/static-assets/build/images/players/onpitch/66799.png',
  transfersLeft: 65
}
DEBUG: {
  name: 'Deccan Dominators',
  captainImage: 'https://fantasy.iplt20.com/classic/static-assets/build/images/players/onpitch/66799.png',
  transfersLeft: 57
}
DEBUG: {
  name: 'VATVAGHOOL XI',
  captainImage: 'https://fantasy.iplt20.com/classic/static-assets/build/images/players/onpitch/70222.png',
  transfersLeft: 59
}
DEBUG: {
  name: 'Watapi',
  captainImage: 'https://fantasy.iplt20.com/classic/static-assets/build/images/players/onpitch/63961.png',
  transfersLeft: 53
}
DEBUG: {
  name: 'RSAwesome 11',
  captainImage: 'https://fantasy.iplt20.com/classic/static-assets/build/images/players/onpitch/66799.png',
  transfersLeft: 62
}
DEBUG: {
  name: 'PKs11',
  captainImage: 'https://fantasy.iplt20.com/classic/static-assets/build/images/players/onpitch/66799.png',
  transfersLeft: 78
}
DEBUG: {
  name: 'Bat Bowl XI',
  captainImage: 'https://fantasy.iplt20.com/classic/static-assets/build/images/players/onpitch/64712.png',
  transfersLeft: 122
}
DEBUG: {
  name: 'RushS01',
  captainImage: 'https://fantasy.iplt20.com/classic/static-assets/build/images/players/onpitch/3852.png',
  transfersLeft: 157
}
📦 Payload ready
📡 Sending LIVE update
📡 POST status: 200
📨 Response: {"success":true}
🏁 END scrape at: 2026-05-07T12:04:17.419Z
==============================


==============================
🚀 START scrape at: 2026-05-07T12:06:01.393Z
📊 Match: { currentMatch: 50, completedPct: 70 }
📊 Rows found: 8
DEBUG: {
  name: 'SquadSeven9',
  captainImage: 'https://fantasy.iplt20.com/classic/static-assets/build/images/players/onpitch/66799.png',
  transfersLeft: 65
}
DEBUG: {
  name: 'Deccan Dominators',
  captainImage: 'https://fantasy.iplt20.com/classic/static-assets/build/images/players/onpitch/66799.png',
  transfersLeft: 57
}
DEBUG: {
  name: 'VATVAGHOOL XI',
  captainImage: 'https://fantasy.iplt20.com/classic/static-assets/build/images/players/onpitch/70222.png',
  transfersLeft: 59
}
DEBUG: {
  name: 'Watapi',
  captainImage: 'https://fantasy.iplt20.com/classic/static-assets/build/images/players/onpitch/63961.png',
  transfersLeft: 53
}
DEBUG: {
  name: 'RSAwesome 11',
  captainImage: 'https://fantasy.iplt20.com/classic/static-assets/build/images/players/onpitch/66799.png',
  transfersLeft: 62
}
DEBUG: {
  name: 'PKs11',
  captainImage: 'https://fantasy.iplt20.com/classic/static-assets/build/images/players/onpitch/66799.png',
  transfersLeft: 78
}
DEBUG: {
  name: 'Bat Bowl XI',
  captainImage: 'https://fantasy.iplt20.com/classic/static-assets/build/images/players/onpitch/64712.png',
  transfersLeft: 122
}
DEBUG: {
  name: 'RushS01',
  captainImage: 'https://fantasy.iplt20.com/classic/static-assets/build/images/players/onpitch/3852.png',
  transfersLeft: 157
}
📦 Payload ready
📡 Sending LIVE update
📡 POST status: 200
📨 Response: {"success":true}
🏁 END scrape at: 2026-05-07T12:06:16.199Z
==============================


==============================
🚀 START scrape at: 2026-05-07T12:08:01.304Z
📊 Match: { currentMatch: 50, completedPct: 70 }
📊 Rows found: 8
DEBUG: {
  name: 'SquadSeven9',
  captainImage: 'https://fantasy.iplt20.com/classic/static-assets/build/images/players/onpitch/66799.png',
  transfersLeft: 65
}
DEBUG: {
  name: 'Deccan Dominators',
  captainImage: 'https://fantasy.iplt20.com/classic/static-assets/build/images/players/onpitch/66799.png',
  transfersLeft: 57
}
DEBUG: {
  name: 'VATVAGHOOL XI',
  captainImage: 'https://fantasy.iplt20.com/classic/static-assets/build/images/players/onpitch/70222.png',
  transfersLeft: 59
}
DEBUG: {
  name: 'Watapi',
  captainImage: 'https://fantasy.iplt20.com/classic/static-assets/build/images/players/onpitch/63961.png',
  transfersLeft: 53
}
DEBUG: {
  name: 'RSAwesome 11',
  captainImage: 'https://fantasy.iplt20.com/classic/static-assets/build/images/players/onpitch/66799.png',
  transfersLeft: 62
}
DEBUG: {
  name: 'PKs11',
  captainImage: 'https://fantasy.iplt20.com/classic/static-assets/build/images/players/onpitch/66799.png',
  transfersLeft: 78
}
DEBUG: {
  name: 'Bat Bowl XI',
  captainImage: 'https://fantasy.iplt20.com/classic/static-assets/build/images/players/onpitch/64712.png',
  transfersLeft: 122
}
DEBUG: {
  name: 'RushS01',
  captainImage: 'https://fantasy.iplt20.com/classic/static-assets/build/images/players/onpitch/3852.png',
  transfersLeft: 157
}
📦 Payload ready
📡 Sending LIVE update
📡 POST status: 200
📨 Response: {"success":true}
🏁 END scrape at: 2026-05-07T12:08:17.943Z
==============================


==============================
🚀 START scrape at: 2026-05-07T12:10:00.999Z
📊 Match: { currentMatch: 50, completedPct: 70 }
📊 Rows found: 8
DEBUG: {
  name: 'SquadSeven9',
  captainImage: 'https://fantasy.iplt20.com/classic/static-assets/build/images/players/onpitch/66799.png',
  transfersLeft: 65
}
DEBUG: {
  name: 'Deccan Dominators',
  captainImage: 'https://fantasy.iplt20.com/classic/static-assets/build/images/players/onpitch/66799.png',
  transfersLeft: 57
}
DEBUG: {
  name: 'VATVAGHOOL XI',
  captainImage: 'https://fantasy.iplt20.com/classic/static-assets/build/images/players/onpitch/70222.png',
  transfersLeft: 59
}
DEBUG: {
  name: 'Watapi',
  captainImage: 'https://fantasy.iplt20.com/classic/static-assets/build/images/players/onpitch/63961.png',
  transfersLeft: 53
}
DEBUG: {
  name: 'RSAwesome 11',
  captainImage: 'https://fantasy.iplt20.com/classic/static-assets/build/images/players/onpitch/66799.png',
  transfersLeft: 62
}
DEBUG: {
  name: 'PKs11',
  captainImage: 'https://fantasy.iplt20.com/classic/static-assets/build/images/players/onpitch/66799.png',
  transfersLeft: 78
}
DEBUG: {
  name: 'Bat Bowl XI',
  captainImage: 'https://fantasy.iplt20.com/classic/static-assets/build/images/players/onpitch/64712.png',
  transfersLeft: 122
}
DEBUG: {
  name: 'RushS01',
  captainImage: 'https://fantasy.iplt20.com/classic/static-assets/build/images/players/onpitch/3852.png',
  transfersLeft: 157
}
📦 Payload ready
📡 Sending LIVE update
📡 POST status: 200
📨 Response: {"success":true}
🏁 END scrape at: 2026-05-07T12:10:17.427Z
==============================


==============================
🚀 START scrape at: 2026-05-07T12:12:01.527Z
📊 Match: { currentMatch: 50, completedPct: 70 }
📊 Rows found: 8
DEBUG: {
  name: 'SquadSeven9',
  captainImage: '/classic/static-assets/build/images/players/onpitch/0.png',
  transfersLeft: 65
}
DEBUG: {
  name: 'Deccan Dominators',
  captainImage: 'https://fantasy.iplt20.com/classic/static-assets/build/images/players/onpitch/66799.png',
  transfersLeft: 57
}
DEBUG: {
  name: 'VATVAGHOOL XI',
  captainImage: 'https://fantasy.iplt20.com/classic/static-assets/build/images/players/onpitch/70222.png',
  transfersLeft: 59
}
DEBUG: {
  name: 'Watapi',
  captainImage: 'https://fantasy.iplt20.com/classic/static-assets/build/images/players/onpitch/63961.png',
  transfersLeft: 53
}
DEBUG: {
  name: 'RSAwesome 11',
  captainImage: 'https://fantasy.iplt20.com/classic/static-assets/build/images/players/onpitch/66799.png',
  transfersLeft: 62
}
DEBUG: {
  name: 'PKs11',
  captainImage: 'https://fantasy.iplt20.com/classic/static-assets/build/images/players/onpitch/66799.png',
  transfersLeft: 78
}
DEBUG: {
  name: 'Bat Bowl XI',
  captainImage: 'https://fantasy.iplt20.com/classic/static-assets/build/images/players/onpitch/64712.png',
  transfersLeft: 122
}
DEBUG: {
  name: 'RushS01',
  captainImage: 'https://fantasy.iplt20.com/classic/static-assets/build/images/players/onpitch/3852.png',
  transfersLeft: 157
}
📦 Payload ready
📡 Sending LIVE update
📡 POST status: 200
📨 Response: {"success":true}
🏁 END scrape at: 2026-05-07T12:12:17.064Z
==============================


==============================
🚀 START scrape at: 2026-05-07T12:14:00.959Z
📊 Match: { currentMatch: 50, completedPct: 70 }
📊 Rows found: 8
DEBUG: {
  name: 'SquadSeven9',
  captainImage: 'https://fantasy.iplt20.com/classic/static-assets/build/images/players/onpitch/66799.png',
  transfersLeft: 65
}
DEBUG: {
  name: 'Deccan Dominators',
  captainImage: 'https://fantasy.iplt20.com/classic/static-assets/build/images/players/onpitch/66799.png',
  transfersLeft: 57
}
DEBUG: {
  name: 'VATVAGHOOL XI',
  captainImage: 'https://fantasy.iplt20.com/classic/static-assets/build/images/players/onpitch/70222.png',
  transfersLeft: 59
}
DEBUG: {
  name: 'Watapi',
  captainImage: 'https://fantasy.iplt20.com/classic/static-assets/build/images/players/onpitch/63961.png',
  transfersLeft: 53
}
DEBUG: {
  name: 'RSAwesome 11',
  captainImage: 'https://fantasy.iplt20.com/classic/static-assets/build/images/players/onpitch/66799.png',
  transfersLeft: 62
}
DEBUG: {
  name: 'PKs11',
  captainImage: 'https://fantasy.iplt20.com/classic/static-assets/build/images/players/onpitch/66799.png',
  transfersLeft: 78
}
DEBUG: {
  name: 'Bat Bowl XI',
  captainImage: 'https://fantasy.iplt20.com/classic/static-assets/build/images/players/onpitch/64712.png',
  transfersLeft: 122
}
DEBUG: {
  name: 'RushS01',
  captainImage: 'https://fantasy.iplt20.com/classic/static-assets/build/images/players/onpitch/3852.png',
  transfersLeft: 157
}
📦 Payload ready
📡 Sending LIVE update
📡 POST status: 200
📨 Response: {"success":true}
🏁 END scrape at: 2026-05-07T12:14:17.118Z
==============================


==============================
🚀 START scrape at: 2026-05-07T12:16:00.945Z
📊 Match: { currentMatch: 50, completedPct: 70 }
📊 Rows found: 8
DEBUG: {
  name: 'SquadSeven9',
  captainImage: 'https://fantasy.iplt20.com/classic/static-assets/build/images/players/onpitch/66799.png',
  transfersLeft: null
}
DEBUG: {
  name: 'Deccan Dominators',
  captainImage: 'https://fantasy.iplt20.com/classic/static-assets/build/images/players/onpitch/66799.png',
  transfersLeft: null
}
DEBUG: {
  name: 'VATVAGHOOL XI',
  captainImage: 'https://fantasy.iplt20.com/classic/static-assets/build/images/players/onpitch/66799.png',
  transfersLeft: 59
}
DEBUG: {
  name: 'Watapi',
  captainImage: 'https://fantasy.iplt20.com/classic/static-assets/build/images/players/onpitch/63961.png',
  transfersLeft: 53
}
DEBUG: {
  name: 'RSAwesome 11',
  captainImage: 'https://fantasy.iplt20.com/classic/static-assets/build/images/players/onpitch/66799.png',
  transfersLeft: 62
}
DEBUG: {
  name: 'PKs11',
  captainImage: 'https://fantasy.iplt20.com/classic/static-assets/build/images/players/onpitch/66799.png',
  transfersLeft: 78
}
DEBUG: {
  name: 'Bat Bowl XI',
  captainImage: 'https://fantasy.iplt20.com/classic/static-assets/build/images/players/onpitch/64712.png',
  transfersLeft: 122
}
DEBUG: {
  name: 'RushS01',
  captainImage: 'https://fantasy.iplt20.com/classic/static-assets/build/images/players/onpitch/3852.png',
  transfersLeft: 157
}
📦 Payload ready
📡 Sending LIVE update
📡 POST status: 200
📨 Response: {"success":true}
🏁 END scrape at: 2026-05-07T12:16:18.037Z
==============================


==============================
🚀 START scrape at: 2026-05-07T12:18:00.930Z
📊 Match: { currentMatch: 50, completedPct: 70 }
📊 Rows found: 8
DEBUG: {
  name: 'SquadSeven9',
  captainImage: 'https://fantasy.iplt20.com/classic/static-assets/build/images/players/onpitch/66799.png',
  transfersLeft: 65
}
DEBUG: {
  name: 'Deccan Dominators',
  captainImage: 'https://fantasy.iplt20.com/classic/static-assets/build/images/players/onpitch/66799.png',
  transfersLeft: 57
}
DEBUG: {
  name: 'VATVAGHOOL XI',
  captainImage: 'https://fantasy.iplt20.com/classic/static-assets/build/images/players/onpitch/70222.png',
  transfersLeft: 59
}
DEBUG: {
  name: 'Watapi',
  captainImage: 'https://fantasy.iplt20.com/classic/static-assets/build/images/players/onpitch/63961.png',
  transfersLeft: 53
}
DEBUG: {
  name: 'RSAwesome 11',
  captainImage: 'https://fantasy.iplt20.com/classic/static-assets/build/images/players/onpitch/66799.png',
  transfersLeft: 62
}
DEBUG: {
  name: 'PKs11',
  captainImage: 'https://fantasy.iplt20.com/classic/static-assets/build/images/players/onpitch/66799.png',
  transfersLeft: 78
}
DEBUG: {
  name: 'Bat Bowl XI',
  captainImage: 'https://fantasy.iplt20.com/classic/static-assets/build/images/players/onpitch/64712.png',
  transfersLeft: 122
}
DEBUG: {
  name: 'RushS01',
  captainImage: 'https://fantasy.iplt20.com/classic/static-assets/build/images/players/onpitch/3852.png',
  transfersLeft: 157
}
📦 Payload ready
📡 Sending LIVE update
📡 POST status: 200
📨 Response: {"success":true}
🏁 END scrape at: 2026-05-07T12:18:17.475Z
==============================


==============================
🚀 START scrape at: 2026-05-07T12:20:01.208Z
📊 Match: { currentMatch: 50, completedPct: 70 }
📊 Rows found: 8
DEBUG: {
  name: 'SquadSeven9',
  captainImage: 'https://fantasy.iplt20.com/classic/static-assets/build/images/players/onpitch/66799.png',
  transfersLeft: 65
}
DEBUG: {
  name: 'Deccan Dominators',
  captainImage: 'https://fantasy.iplt20.com/classic/static-assets/build/images/players/onpitch/66799.png',
  transfersLeft: 57
}
DEBUG: {
  name: 'VATVAGHOOL XI',
  captainImage: 'https://fantasy.iplt20.com/classic/static-assets/build/images/players/onpitch/70222.png',
  transfersLeft: 59
}
DEBUG: {
  name: 'Watapi',
  captainImage: 'https://fantasy.iplt20.com/classic/static-assets/build/images/players/onpitch/63961.png',
  transfersLeft: 53
}
DEBUG: {
  name: 'RSAwesome 11',
  captainImage: 'https://fantasy.iplt20.com/classic/static-assets/build/images/players/onpitch/66799.png',
  transfersLeft: 62
}
DEBUG: {
  name: 'PKs11',
  captainImage: 'https://fantasy.iplt20.com/classic/static-assets/build/images/players/onpitch/66799.png',
  transfersLeft: 78
}
DEBUG: {
  name: 'Bat Bowl XI',
  captainImage: 'https://fantasy.iplt20.com/classic/static-assets/build/images/players/onpitch/64712.png',
  transfersLeft: 122
}
DEBUG: {
  name: 'RushS01',
  captainImage: 'https://fantasy.iplt20.com/classic/static-assets/build/images/players/onpitch/3852.png',
  transfersLeft: 157
}
📦 Payload ready
📡 Sending LIVE update
📡 POST status: 200
📨 Response: {"success":true}
🏁 END scrape at: 2026-05-07T12:20:14.431Z
==============================


==============================
🚀 START scrape at: 2026-05-07T12:22:01.105Z
📊 Match: { currentMatch: 50, completedPct: 70 }
📊 Rows found: 8
DEBUG: {
  name: 'SquadSeven9',
  captainImage: 'https://fantasy.iplt20.com/classic/static-assets/build/images/players/onpitch/66799.png',
  transfersLeft: 65
}
DEBUG: {
  name: 'Deccan Dominators',
  captainImage: 'https://fantasy.iplt20.com/classic/static-assets/build/images/players/onpitch/66799.png',
  transfersLeft: 57
}
DEBUG: {
  name: 'VATVAGHOOL XI',
  captainImage: 'https://fantasy.iplt20.com/classic/static-assets/build/images/players/onpitch/70222.png',
  transfersLeft: 59
}
DEBUG: {
  name: 'Watapi',
  captainImage: 'https://fantasy.iplt20.com/classic/static-assets/build/images/players/onpitch/63961.png',
  transfersLeft: 53
}
DEBUG: {
  name: 'RSAwesome 11',
  captainImage: 'https://fantasy.iplt20.com/classic/static-assets/build/images/players/onpitch/66799.png',
  transfersLeft: 62
}
DEBUG: {
  name: 'PKs11',
  captainImage: 'https://fantasy.iplt20.com/classic/static-assets/build/images/players/onpitch/66799.png',
  transfersLeft: 78
}
DEBUG: {
  name: 'Bat Bowl XI',
  captainImage: 'https://fantasy.iplt20.com/classic/static-assets/build/images/players/onpitch/64712.png',
  transfersLeft: 122
}
DEBUG: {
  name: 'RushS01',
  captainImage: 'https://fantasy.iplt20.com/classic/static-assets/build/images/players/onpitch/3852.png',
  transfersLeft: 157
}
📦 Payload ready
📡 Sending LIVE update
📡 POST status: 200
📨 Response: {"success":true}
🏁 END scrape at: 2026-05-07T12:22:14.415Z
==============================


==============================
🚀 START scrape at: 2026-05-07T12:24:01.228Z
📊 Match: { currentMatch: 50, completedPct: 70 }
📊 Rows found: 8
DEBUG: {
  name: 'SquadSeven9',
  captainImage: 'https://fantasy.iplt20.com/classic/static-assets/build/images/players/onpitch/66799.png',
  transfersLeft: 65
}
DEBUG: {
  name: 'Deccan Dominators',
  captainImage: 'https://fantasy.iplt20.com/classic/static-assets/build/images/players/onpitch/66799.png',
  transfersLeft: 57
}
DEBUG: {
  name: 'VATVAGHOOL XI',
  captainImage: 'https://fantasy.iplt20.com/classic/static-assets/build/images/players/onpitch/70222.png',
  transfersLeft: 59
}
DEBUG: {
  name: 'Watapi',
  captainImage: 'https://fantasy.iplt20.com/classic/static-assets/build/images/players/onpitch/63961.png',
  transfersLeft: 53
}
DEBUG: {
  name: 'RSAwesome 11',
  captainImage: 'https://fantasy.iplt20.com/classic/static-assets/build/images/players/onpitch/66799.png',
  transfersLeft: 62
}
DEBUG: {
  name: 'PKs11',
  captainImage: 'https://fantasy.iplt20.com/classic/static-assets/build/images/players/onpitch/66799.png',
  transfersLeft: 78
}
DEBUG: {
  name: 'Bat Bowl XI',
  captainImage: 'https://fantasy.iplt20.com/classic/static-assets/build/images/players/onpitch/64712.png',
  transfersLeft: 122
}
DEBUG: {
  name: 'RushS01',
  captainImage: 'https://fantasy.iplt20.com/classic/static-assets/build/images/players/onpitch/3852.png',
  transfersLeft: 157
}
📦 Payload ready
📡 Sending LIVE update
📡 POST status: 200
📨 Response: {"success":true}
🏁 END scrape at: 2026-05-07T12:24:14.554Z
==============================


==============================
🚀 START scrape at: 2026-05-07T12:26:01.367Z
📊 Match: { currentMatch: 50, completedPct: 70 }
📊 Rows found: 8
DEBUG: {
  name: 'SquadSeven9',
  captainImage: 'https://fantasy.iplt20.com/classic/static-assets/build/images/players/onpitch/66799.png',
  transfersLeft: 65
}
DEBUG: {
  name: 'Deccan Dominators',
  captainImage: 'https://fantasy.iplt20.com/classic/static-assets/build/images/players/onpitch/66799.png',
  transfersLeft: 57
}
DEBUG: {
  name: 'VATVAGHOOL XI',
  captainImage: 'https://fantasy.iplt20.com/classic/static-assets/build/images/players/onpitch/70222.png',
  transfersLeft: 59
}
DEBUG: {
  name: 'Watapi',
  captainImage: 'https://fantasy.iplt20.com/classic/static-assets/build/images/players/onpitch/63961.png',
  transfersLeft: 53
}
DEBUG: {
  name: 'RSAwesome 11',
  captainImage: 'https://fantasy.iplt20.com/classic/static-assets/build/images/players/onpitch/66799.png',
  transfersLeft: 62
}
DEBUG: {
  name: 'PKs11',
  captainImage: 'https://fantasy.iplt20.com/classic/static-assets/build/images/players/onpitch/66799.png',
  transfersLeft: 78
}
DEBUG: {
  name: 'Bat Bowl XI',
  captainImage: 'https://fantasy.iplt20.com/classic/static-assets/build/images/players/onpitch/64712.png',
  transfersLeft: 122
}
DEBUG: {
  name: 'RushS01',
  captainImage: 'https://fantasy.iplt20.com/classic/static-assets/build/images/players/onpitch/3852.png',
  transfersLeft: 157
}
📦 Payload ready
📡 Sending LIVE update
📡 POST status: 200
📨 Response: {"success":true}
🏁 END scrape at: 2026-05-07T12:26:14.434Z
==============================


==============================
🚀 START scrape at: 2026-05-07T12:28:01.211Z
📊 Match: { currentMatch: 50, completedPct: 70 }
📊 Rows found: 8
DEBUG: {
  name: 'SquadSeven9',
  captainImage: 'https://fantasy.iplt20.com/classic/static-assets/build/images/players/onpitch/66799.png',
  transfersLeft: 65
}
DEBUG: {
  name: 'Deccan Dominators',
  captainImage: 'https://fantasy.iplt20.com/classic/static-assets/build/images/players/onpitch/66799.png',
  transfersLeft: 57
}
DEBUG: {
  name: 'VATVAGHOOL XI',
  captainImage: 'https://fantasy.iplt20.com/classic/static-assets/build/images/players/onpitch/70222.png',
  transfersLeft: 59
}
DEBUG: {
  name: 'Watapi',
  captainImage: 'https://fantasy.iplt20.com/classic/static-assets/build/images/players/onpitch/63961.png',
  transfersLeft: 53
}
DEBUG: {
  name: 'RSAwesome 11',
  captainImage: 'https://fantasy.iplt20.com/classic/static-assets/build/images/players/onpitch/66799.png',
  transfersLeft: 62
}
DEBUG: {
  name: 'PKs11',
  captainImage: 'https://fantasy.iplt20.com/classic/static-assets/build/images/players/onpitch/66799.png',
  transfersLeft: 78
}
DEBUG: {
  name: 'Bat Bowl XI',
  captainImage: 'https://fantasy.iplt20.com/classic/static-assets/build/images/players/onpitch/64712.png',
  transfersLeft: 122
}
DEBUG: {
  name: 'RushS01',
  captainImage: 'https://fantasy.iplt20.com/classic/static-assets/build/images/players/onpitch/3852.png',
  transfersLeft: 157
}
📦 Payload ready
📡 Sending LIVE update
📡 POST status: 200
📨 Response: {"success":true}
🏁 END scrape at: 2026-05-07T12:28:14.471Z
==============================


==============================
🚀 START scrape at: 2026-05-07T12:30:01.433Z
📊 Match: { currentMatch: 50, completedPct: 70 }
📊 Rows found: 8
DEBUG: {
  name: 'SquadSeven9',
  captainImage: 'https://fantasy.iplt20.com/classic/static-assets/build/images/players/onpitch/66799.png',
  transfersLeft: 65
}
DEBUG: {
  name: 'Deccan Dominators',
  captainImage: 'https://fantasy.iplt20.com/classic/static-assets/build/images/players/onpitch/66799.png',
  transfersLeft: 57
}
DEBUG: {
  name: 'VATVAGHOOL XI',
  captainImage: 'https://fantasy.iplt20.com/classic/static-assets/build/images/players/onpitch/70222.png',
  transfersLeft: 59
}
DEBUG: {
  name: 'Watapi',
  captainImage: 'https://fantasy.iplt20.com/classic/static-assets/build/images/players/onpitch/63961.png',
  transfersLeft: 53
}
DEBUG: {
  name: 'RSAwesome 11',
  captainImage: 'https://fantasy.iplt20.com/classic/static-assets/build/images/players/onpitch/66799.png',
  transfersLeft: 62
}
DEBUG: {
  name: 'PKs11',
  captainImage: 'https://fantasy.iplt20.com/classic/static-assets/build/images/players/onpitch/66799.png',
  transfersLeft: 78
}
DEBUG: {
  name: 'Bat Bowl XI',
  captainImage: 'https://fantasy.iplt20.com/classic/static-assets/build/images/players/onpitch/64712.png',
  transfersLeft: 122
}
DEBUG: {
  name: 'RushS01',
  captainImage: 'https://fantasy.iplt20.com/classic/static-assets/build/images/players/onpitch/3852.png',
  transfersLeft: 157
}
📦 Payload ready
📡 Sending LIVE update
📡 POST status: 200
📨 Response: {"success":true}
🏁 END scrape at: 2026-05-07T12:30:19.212Z
==============================


==============================
🚀 START scrape at: 2026-05-07T12:32:00.995Z
📊 Match: { currentMatch: 50, completedPct: 70 }
📊 Rows found: 8
DEBUG: {
  name: 'SquadSeven9',
  captainImage: 'https://fantasy.iplt20.com/classic/static-assets/build/images/players/onpitch/66799.png',
  transfersLeft: 65
}
DEBUG: {
  name: 'Deccan Dominators',
  captainImage: 'https://fantasy.iplt20.com/classic/static-assets/build/images/players/onpitch/66799.png',
  transfersLeft: 57
}
DEBUG: {
  name: 'VATVAGHOOL XI',
  captainImage: 'https://fantasy.iplt20.com/classic/static-assets/build/images/players/onpitch/70222.png',
  transfersLeft: 59
}
DEBUG: {
  name: 'Watapi',
  captainImage: 'https://fantasy.iplt20.com/classic/static-assets/build/images/players/onpitch/63961.png',
  transfersLeft: 53
}
DEBUG: {
  name: 'RSAwesome 11',
  captainImage: 'https://fantasy.iplt20.com/classic/static-assets/build/images/players/onpitch/66799.png',
  transfersLeft: 62
}
DEBUG: {
  name: 'PKs11',
  captainImage: 'https://fantasy.iplt20.com/classic/static-assets/build/images/players/onpitch/66799.png',
  transfersLeft: 78
}
DEBUG: {
  name: 'Bat Bowl XI',
  captainImage: 'https://fantasy.iplt20.com/classic/static-assets/build/images/players/onpitch/64712.png',
  transfersLeft: 122
}
DEBUG: {
  name: 'RushS01',
  captainImage: 'https://fantasy.iplt20.com/classic/static-assets/build/images/players/onpitch/3852.png',
  transfersLeft: 157
}
📦 Payload ready
📡 Sending LIVE update
📡 POST status: 200
📨 Response: {"success":true}
🏁 END scrape at: 2026-05-07T12:32:14.538Z
==============================


==============================
🚀 START scrape at: 2026-05-07T12:34:01.279Z
📊 Match: { currentMatch: 50, completedPct: 70 }
📊 Rows found: 8
DEBUG: {
  name: 'SquadSeven9',
  captainImage: 'https://fantasy.iplt20.com/classic/static-assets/build/images/players/onpitch/66799.png',
  transfersLeft: 65
}
DEBUG: {
  name: 'Deccan Dominators',
  captainImage: 'https://fantasy.iplt20.com/classic/static-assets/build/images/players/onpitch/66799.png',
  transfersLeft: 57
}
DEBUG: {
  name: 'VATVAGHOOL XI',
  captainImage: 'https://fantasy.iplt20.com/classic/static-assets/build/images/players/onpitch/70222.png',
  transfersLeft: 59
}
DEBUG: {
  name: 'Watapi',
  captainImage: 'https://fantasy.iplt20.com/classic/static-assets/build/images/players/onpitch/63961.png',
  transfersLeft: 53
}
DEBUG: {
  name: 'RSAwesome 11',
  captainImage: 'https://fantasy.iplt20.com/classic/static-assets/build/images/players/onpitch/66799.png',
  transfersLeft: 62
}
DEBUG: {
  name: 'PKs11',
  captainImage: 'https://fantasy.iplt20.com/classic/static-assets/build/images/players/onpitch/66799.png',
  transfersLeft: 78
}
DEBUG: {
  name: 'Bat Bowl XI',
  captainImage: 'https://fantasy.iplt20.com/classic/static-assets/build/images/players/onpitch/64712.png',
  transfersLeft: 122
}
DEBUG: {
  name: 'RushS01',
  captainImage: 'https://fantasy.iplt20.com/classic/static-assets/build/images/players/onpitch/3852.png',
  transfersLeft: 157
}
📦 Payload ready
📡 Sending LIVE update
📡 POST status: 200
📨 Response: {"success":true}
🏁 END scrape at: 2026-05-07T12:34:14.825Z
==============================


==============================
🚀 START scrape at: 2026-05-07T12:36:00.686Z
📊 Match: { currentMatch: 50, completedPct: 70 }
📊 Rows found: 8
DEBUG: {
  name: 'SquadSeven9',
  captainImage: 'https://fantasy.iplt20.com/classic/static-assets/build/images/players/onpitch/66799.png',
  transfersLeft: 65
}
DEBUG: {
  name: 'Deccan Dominators',
  captainImage: 'https://fantasy.iplt20.com/classic/static-assets/build/images/players/onpitch/66799.png',
  transfersLeft: 57
}
DEBUG: {
  name: 'VATVAGHOOL XI',
  captainImage: 'https://fantasy.iplt20.com/classic/static-assets/build/images/players/onpitch/70222.png',
  transfersLeft: 59
}
DEBUG: {
  name: 'Watapi',
  captainImage: 'https://fantasy.iplt20.com/classic/static-assets/build/images/players/onpitch/63961.png',
  transfersLeft: 53
}
DEBUG: {
  name: 'RSAwesome 11',
  captainImage: 'https://fantasy.iplt20.com/classic/static-assets/build/images/players/onpitch/66799.png',
  transfersLeft: 62
}
DEBUG: {
  name: 'PKs11',
  captainImage: 'https://fantasy.iplt20.com/classic/static-assets/build/images/players/onpitch/66799.png',
  transfersLeft: 78
}
DEBUG: {
  name: 'Bat Bowl XI',
  captainImage: 'https://fantasy.iplt20.com/classic/static-assets/build/images/players/onpitch/64712.png',
  transfersLeft: 122
}
DEBUG: {
  name: 'RushS01',
  captainImage: 'https://fantasy.iplt20.com/classic/static-assets/build/images/players/onpitch/3852.png',
  transfersLeft: 157
}
📦 Payload ready
📡 Sending LIVE update
📡 POST status: 200
📨 Response: {"success":true}
🏁 END scrape at: 2026-05-07T12:36:15.993Z
==============================


==============================
🚀 START scrape at: 2026-05-07T12:38:00.846Z
📊 Match: { currentMatch: 50, completedPct: 70 }
📊 Rows found: 8
DEBUG: {
  name: 'SquadSeven9',
  captainImage: 'https://fantasy.iplt20.com/classic/static-assets/build/images/players/onpitch/66799.png',
  transfersLeft: 65
}
DEBUG: {
  name: 'Deccan Dominators',
  captainImage: 'https://fantasy.iplt20.com/classic/static-assets/build/images/players/onpitch/66799.png',
  transfersLeft: 57
}
DEBUG: {
  name: 'VATVAGHOOL XI',
  captainImage: 'https://fantasy.iplt20.com/classic/static-assets/build/images/players/onpitch/70222.png',
  transfersLeft: 59
}
DEBUG: {
  name: 'Watapi',
  captainImage: 'https://fantasy.iplt20.com/classic/static-assets/build/images/players/onpitch/63961.png',
  transfersLeft: 53
}
DEBUG: {
  name: 'RSAwesome 11',
  captainImage: 'https://fantasy.iplt20.com/classic/static-assets/build/images/players/onpitch/66799.png',
  transfersLeft: 62
}
DEBUG: {
  name: 'PKs11',
  captainImage: 'https://fantasy.iplt20.com/classic/static-assets/build/images/players/onpitch/66799.png',
  transfersLeft: 78
}
DEBUG: {
  name: 'Bat Bowl XI',
  captainImage: 'https://fantasy.iplt20.com/classic/static-assets/build/images/players/onpitch/66799.png',
  transfersLeft: 122
}
DEBUG: {
  name: 'RushS01',
  captainImage: 'https://fantasy.iplt20.com/classic/static-assets/build/images/players/onpitch/3852.png',
  transfersLeft: 157
}
📦 Payload ready
❌ Payload invalid
🏁 END scrape at: 2026-05-07T12:38:14.004Z
==============================


==============================
🚀 START scrape at: 2026-05-07T12:40:00.676Z
📊 Match: { currentMatch: 50, completedPct: 70 }
📊 Rows found: 8
DEBUG: {
  name: 'SquadSeven9',
  captainImage: 'https://fantasy.iplt20.com/classic/static-assets/build/images/players/onpitch/66799.png',
  transfersLeft: 65
}
DEBUG: {
  name: 'Deccan Dominators',
  captainImage: 'https://fantasy.iplt20.com/classic/static-assets/build/images/players/onpitch/66799.png',
  transfersLeft: 57
}
DEBUG: {
  name: 'VATVAGHOOL XI',
  captainImage: 'https://fantasy.iplt20.com/classic/static-assets/build/images/players/onpitch/70222.png',
  transfersLeft: 59
}
DEBUG: {
  name: 'Watapi',
  captainImage: 'https://fantasy.iplt20.com/classic/static-assets/build/images/players/onpitch/63961.png',
  transfersLeft: 53
}
DEBUG: {
  name: 'RSAwesome 11',
  captainImage: 'https://fantasy.iplt20.com/classic/static-assets/build/images/players/onpitch/66799.png',
  transfersLeft: 62
}
DEBUG: {
  name: 'PKs11',
  captainImage: 'https://fantasy.iplt20.com/classic/static-assets/build/images/players/onpitch/66799.png',
  transfersLeft: 78
}
DEBUG: {
  name: 'Bat Bowl XI',
  captainImage: 'https://fantasy.iplt20.com/classic/static-assets/build/images/players/onpitch/64712.png',
  transfersLeft: 122
}
DEBUG: {
  name: 'RushS01',
  captainImage: 'https://fantasy.iplt20.com/classic/static-assets/build/images/players/onpitch/3852.png',
  transfersLeft: 157
}
📦 Payload ready
📡 Sending LIVE update
📡 POST status: 200
📨 Response: {"success":true}
🏁 END scrape at: 2026-05-07T12:40:13.884Z
==============================


==============================
🚀 START scrape at: 2026-05-07T12:42:00.706Z
📊 Match: { currentMatch: 50, completedPct: 70 }
📊 Rows found: 8
DEBUG: {
  name: 'SquadSeven9',
  captainImage: 'https://fantasy.iplt20.com/classic/static-assets/build/images/players/onpitch/66799.png',
  transfersLeft: 65
}
DEBUG: {
  name: 'Deccan Dominators',
  captainImage: 'https://fantasy.iplt20.com/classic/static-assets/build/images/players/onpitch/66799.png',
  transfersLeft: 57
}
DEBUG: {
  name: 'VATVAGHOOL XI',
  captainImage: 'https://fantasy.iplt20.com/classic/static-assets/build/images/players/onpitch/70222.png',
  transfersLeft: 59
}
DEBUG: {
  name: 'Watapi',
  captainImage: 'https://fantasy.iplt20.com/classic/static-assets/build/images/players/onpitch/63961.png',
  transfersLeft: 53
}
DEBUG: {
  name: 'RSAwesome 11',
  captainImage: 'https://fantasy.iplt20.com/classic/static-assets/build/images/players/onpitch/66799.png',
  transfersLeft: 62
}
DEBUG: {
  name: 'PKs11',
  captainImage: 'https://fantasy.iplt20.com/classic/static-assets/build/images/players/onpitch/66799.png',
  transfersLeft: 78
}
DEBUG: {
  name: 'Bat Bowl XI',
  captainImage: 'https://fantasy.iplt20.com/classic/static-assets/build/images/players/onpitch/64712.png',
  transfersLeft: 122
}
DEBUG: {
  name: 'RushS01',
  captainImage: 'https://fantasy.iplt20.com/classic/static-assets/build/images/players/onpitch/3852.png',
  transfersLeft: 157
}
📦 Payload ready
📡 Sending LIVE update
📡 POST status: 200
📨 Response: {"success":true}
🏁 END scrape at: 2026-05-07T12:42:13.821Z
==============================


==============================
🚀 START scrape at: 2026-05-07T12:44:00.688Z
❌ Fatal error: page.goto: net::ERR_INTERNET_DISCONNECTED at https://fantasy.iplt20.com/classic/league/view/66930102
Call log:
  - navigating to "https://fantasy.iplt20.com/classic/league/view/66930102", waiting until "networkidle"

    at scrapeIPL (/Users/rauta/ipl-dashboard/scripts/scrape-ipl.js:41:16) {
  name: 'Error'
}
🏁 END scrape at: 2026-05-07T12:44:01.347Z
==============================


==============================
🚀 START scrape at: 2026-05-07T12:46:01.176Z
❌ Fatal error: page.goto: net::ERR_INTERNET_DISCONNECTED at https://fantasy.iplt20.com/classic/league/view/66930102
Call log:
  - navigating to "https://fantasy.iplt20.com/classic/league/view/66930102", waiting until "networkidle"

    at scrapeIPL (/Users/rauta/ipl-dashboard/scripts/scrape-ipl.js:41:16) {
  name: 'Error'
}
🏁 END scrape at: 2026-05-07T12:46:01.876Z
==============================


==============================
🚀 START scrape at: 2026-05-07T12:48:00.631Z
📊 Match: { currentMatch: 50, completedPct: 70 }
📊 Rows found: 8
DEBUG: {
  name: 'SquadSeven9',
  captainImage: 'https://fantasy.iplt20.com/classic/static-assets/build/images/players/onpitch/66799.png',
  transfersLeft: 65
}
DEBUG: {
  name: 'Deccan Dominators',
  captainImage: 'https://fantasy.iplt20.com/classic/static-assets/build/images/players/onpitch/66799.png',
  transfersLeft: 57
}
DEBUG: {
  name: 'VATVAGHOOL XI',
  captainImage: 'https://fantasy.iplt20.com/classic/static-assets/build/images/players/onpitch/70222.png',
  transfersLeft: 59
}
DEBUG: {
  name: 'Watapi',
  captainImage: 'https://fantasy.iplt20.com/classic/static-assets/build/images/players/onpitch/63961.png',
  transfersLeft: 53
}
DEBUG: {
  name: 'RSAwesome 11',
  captainImage: 'https://fantasy.iplt20.com/classic/static-assets/build/images/players/onpitch/66799.png',
  transfersLeft: 62
}
DEBUG: {
  name: 'PKs11',
  captainImage: 'https://fantasy.iplt20.com/classic/static-assets/build/images/players/onpitch/66799.png',
  transfersLeft: 78
}
DEBUG: {
  name: 'Bat Bowl XI',
  captainImage: 'https://fantasy.iplt20.com/classic/static-assets/build/images/players/onpitch/64712.png',
  transfersLeft: 122
}
DEBUG: {
  name: 'RushS01',
  captainImage: 'https://fantasy.iplt20.com/classic/static-assets/build/images/players/onpitch/3852.png',
  transfersLeft: 157
}
📦 Payload ready
📡 Sending LIVE update
📡 POST status: 200
📨 Response: {"success":true}
🏁 END scrape at: 2026-05-07T12:48:13.112Z
==============================


==============================
🚀 START scrape at: 2026-05-07T12:50:00.892Z
📊 Match: { currentMatch: 50, completedPct: 70 }
📊 Rows found: 8
DEBUG: {
  name: 'SquadSeven9',
  captainImage: 'https://fantasy.iplt20.com/classic/static-assets/build/images/players/onpitch/66799.png',
  transfersLeft: 65
}
DEBUG: {
  name: 'Deccan Dominators',
  captainImage: 'https://fantasy.iplt20.com/classic/static-assets/build/images/players/onpitch/66799.png',
  transfersLeft: 57
}
DEBUG: {
  name: 'VATVAGHOOL XI',
  captainImage: 'https://fantasy.iplt20.com/classic/static-assets/build/images/players/onpitch/70222.png',
  transfersLeft: 59
}
DEBUG: {
  name: 'Watapi',
  captainImage: 'https://fantasy.iplt20.com/classic/static-assets/build/images/players/onpitch/63961.png',
  transfersLeft: 53
}
DEBUG: {
  name: 'RSAwesome 11',
  captainImage: 'https://fantasy.iplt20.com/classic/static-assets/build/images/players/onpitch/66799.png',
  transfersLeft: 62
}
DEBUG: {
  name: 'PKs11',
  captainImage: 'https://fantasy.iplt20.com/classic/static-assets/build/images/players/onpitch/66799.png',
  transfersLeft: 78
}
DEBUG: {
  name: 'Bat Bowl XI',
  captainImage: 'https://fantasy.iplt20.com/classic/static-assets/build/images/players/onpitch/64712.png',
  transfersLeft: 122
}
DEBUG: {
  name: 'RushS01',
  captainImage: 'https://fantasy.iplt20.com/classic/static-assets/build/images/players/onpitch/3852.png',
  transfersLeft: 157
}
📦 Payload ready
📡 Sending LIVE update
📡 POST status: 200
📨 Response: {"success":true}
🏁 END scrape at: 2026-05-07T12:50:13.786Z
==============================


==============================
🚀 START scrape at: 2026-05-07T12:52:01.590Z
📊 Match: { currentMatch: 50, completedPct: 70 }
📊 Rows found: 8
DEBUG: {
  name: 'SquadSeven9',
  captainImage: 'https://fantasy.iplt20.com/classic/static-assets/build/images/players/onpitch/66799.png',
  transfersLeft: 65
}
DEBUG: {
  name: 'Deccan Dominators',
  captainImage: 'https://fantasy.iplt20.com/classic/static-assets/build/images/players/onpitch/66799.png',
  transfersLeft: 57
}
DEBUG: {
  name: 'VATVAGHOOL XI',
  captainImage: 'https://fantasy.iplt20.com/classic/static-assets/build/images/players/onpitch/70222.png',
  transfersLeft: 59
}
DEBUG: {
  name: 'Watapi',
  captainImage: 'https://fantasy.iplt20.com/classic/static-assets/build/images/players/onpitch/63961.png',
  transfersLeft: 53
}
DEBUG: {
  name: 'RSAwesome 11',
  captainImage: 'https://fantasy.iplt20.com/classic/static-assets/build/images/players/onpitch/66799.png',
  transfersLeft: 62
}
DEBUG: {
  name: 'PKs11',
  captainImage: 'https://fantasy.iplt20.com/classic/static-assets/build/images/players/onpitch/66799.png',
  transfersLeft: 78
}
DEBUG: {
  name: 'Bat Bowl XI',
  captainImage: 'https://fantasy.iplt20.com/classic/static-assets/build/images/players/onpitch/64712.png',
  transfersLeft: 122
}
DEBUG: {
  name: 'RushS01',
  captainImage: 'https://fantasy.iplt20.com/classic/static-assets/build/images/players/onpitch/3852.png',
  transfersLeft: 157
}
📦 Payload ready
📡 Sending LIVE update
📡 POST status: 200
📨 Response: {"success":true}
🏁 END scrape at: 2026-05-07T12:52:14.524Z
==============================


==============================
🚀 START scrape at: 2026-05-07T12:54:01.100Z
📊 Match: { currentMatch: 50, completedPct: 70 }
📊 Rows found: 8
DEBUG: {
  name: 'SquadSeven9',
  captainImage: 'https://fantasy.iplt20.com/classic/static-assets/build/images/players/onpitch/66799.png',
  transfersLeft: 65
}
DEBUG: {
  name: 'Deccan Dominators',
  captainImage: 'https://fantasy.iplt20.com/classic/static-assets/build/images/players/onpitch/66799.png',
  transfersLeft: 57
}
DEBUG: {
  name: 'VATVAGHOOL XI',
  captainImage: 'https://fantasy.iplt20.com/classic/static-assets/build/images/players/onpitch/70222.png',
  transfersLeft: 59
}
DEBUG: {
  name: 'Watapi',
  captainImage: 'https://fantasy.iplt20.com/classic/static-assets/build/images/players/onpitch/63961.png',
  transfersLeft: 53
}
DEBUG: {
  name: 'RSAwesome 11',
  captainImage: 'https://fantasy.iplt20.com/classic/static-assets/build/images/players/onpitch/66799.png',
  transfersLeft: 62
}
DEBUG: {
  name: 'PKs11',
  captainImage: 'https://fantasy.iplt20.com/classic/static-assets/build/images/players/onpitch/66799.png',
  transfersLeft: 78
}
DEBUG: {
  name: 'Bat Bowl XI',
  captainImage: 'https://fantasy.iplt20.com/classic/static-assets/build/images/players/onpitch/64712.png',
  transfersLeft: 122
}
DEBUG: {
  name: 'RushS01',
  captainImage: '/classic/static-assets/build/images/players/onpitch/0.png',
  transfersLeft: 157
}
📦 Payload ready
📡 Sending LIVE update
📡 POST status: 200
📨 Response: {"success":true}
🏁 END scrape at: 2026-05-07T12:54:13.613Z
==============================


==============================
🚀 START scrape at: 2026-05-07T12:56:01.444Z
📊 Match: { currentMatch: 50, completedPct: 70 }
📊 Rows found: 8
DEBUG: {
  name: 'SquadSeven9',
  captainImage: 'https://fantasy.iplt20.com/classic/static-assets/build/images/players/onpitch/66799.png',
  transfersLeft: 65
}
DEBUG: {
  name: 'Deccan Dominators',
  captainImage: 'https://fantasy.iplt20.com/classic/static-assets/build/images/players/onpitch/66799.png',
  transfersLeft: 57
}
DEBUG: {
  name: 'VATVAGHOOL XI',
  captainImage: 'https://fantasy.iplt20.com/classic/static-assets/build/images/players/onpitch/70222.png',
  transfersLeft: 59
}
DEBUG: {
  name: 'Watapi',
  captainImage: 'https://fantasy.iplt20.com/classic/static-assets/build/images/players/onpitch/63961.png',
  transfersLeft: 53
}
DEBUG: {
  name: 'RSAwesome 11',
  captainImage: 'https://fantasy.iplt20.com/classic/static-assets/build/images/players/onpitch/66799.png',
  transfersLeft: 62
}
DEBUG: {
  name: 'PKs11',
  captainImage: 'https://fantasy.iplt20.com/classic/static-assets/build/images/players/onpitch/66799.png',
  transfersLeft: 78
}
DEBUG: {
  name: 'Bat Bowl XI',
  captainImage: 'https://fantasy.iplt20.com/classic/static-assets/build/images/players/onpitch/64712.png',
  transfersLeft: 122
}
DEBUG: {
  name: 'RushS01',
  captainImage: 'https://fantasy.iplt20.com/classic/static-assets/build/images/players/onpitch/3852.png',
  transfersLeft: 157
}
📦 Payload ready
📡 Sending LIVE update
📡 POST status: 200
📨 Response: {"success":true}
🏁 END scrape at: 2026-05-07T12:56:14.082Z
==============================


==============================
🚀 START scrape at: 2026-05-07T12:58:00.819Z
📊 Match: { currentMatch: 50, completedPct: 70 }
📊 Rows found: 8
DEBUG: {
  name: 'SquadSeven9',
  captainImage: 'https://fantasy.iplt20.com/classic/static-assets/build/images/players/onpitch/66799.png',
  transfersLeft: 65
}
DEBUG: {
  name: 'Deccan Dominators',
  captainImage: 'https://fantasy.iplt20.com/classic/static-assets/build/images/players/onpitch/66799.png',
  transfersLeft: 57
}
DEBUG: {
  name: 'VATVAGHOOL XI',
  captainImage: 'https://fantasy.iplt20.com/classic/static-assets/build/images/players/onpitch/70222.png',
  transfersLeft: 59
}
DEBUG: {
  name: 'Watapi',
  captainImage: 'https://fantasy.iplt20.com/classic/static-assets/build/images/players/onpitch/63961.png',
  transfersLeft: 53
}
DEBUG: {
  name: 'RSAwesome 11',
  captainImage: 'https://fantasy.iplt20.com/classic/static-assets/build/images/players/onpitch/66799.png',
  transfersLeft: 62
}
DEBUG: {
  name: 'PKs11',
  captainImage: 'https://fantasy.iplt20.com/classic/static-assets/build/images/players/onpitch/66799.png',
  transfersLeft: 78
}
DEBUG: {
  name: 'Bat Bowl XI',
  captainImage: 'https://fantasy.iplt20.com/classic/static-assets/build/images/players/onpitch/64712.png',
  transfersLeft: 122
}
DEBUG: {
  name: 'RushS01',
  captainImage: 'https://fantasy.iplt20.com/classic/static-assets/build/images/players/onpitch/3852.png',
  transfersLeft: 157
}
📦 Payload ready
📡 Sending LIVE update
📡 POST status: 200
📨 Response: {"success":true}
🏁 END scrape at: 2026-05-07T12:58:13.391Z
==============================


==============================
🚀 START scrape at: 2026-05-07T13:00:01.530Z
📊 Match: { currentMatch: 50, completedPct: 70 }
📊 Rows found: 8
DEBUG: {
  name: 'SquadSeven9',
  captainImage: 'https://fantasy.iplt20.com/classic/static-assets/build/images/players/onpitch/66799.png',
  transfersLeft: 65
}
DEBUG: {
  name: 'Deccan Dominators',
  captainImage: 'https://fantasy.iplt20.com/classic/static-assets/build/images/players/onpitch/66799.png',
  transfersLeft: 57
}
DEBUG: {
  name: 'VATVAGHOOL XI',
  captainImage: 'https://fantasy.iplt20.com/classic/static-assets/build/images/players/onpitch/70222.png',
  transfersLeft: 59
}
DEBUG: {
  name: 'Watapi',
  captainImage: 'https://fantasy.iplt20.com/classic/static-assets/build/images/players/onpitch/63961.png',
  transfersLeft: 53
}
DEBUG: {
  name: 'RSAwesome 11',
  captainImage: 'https://fantasy.iplt20.com/classic/static-assets/build/images/players/onpitch/66799.png',
  transfersLeft: 62
}
DEBUG: {
  name: 'PKs11',
  captainImage: 'https://fantasy.iplt20.com/classic/static-assets/build/images/players/onpitch/66799.png',
  transfersLeft: 78
}
DEBUG: {
  name: 'Bat Bowl XI',
  captainImage: 'https://fantasy.iplt20.com/classic/static-assets/build/images/players/onpitch/64712.png',
  transfersLeft: 122
}
DEBUG: {
  name: 'RushS01',
  captainImage: 'https://fantasy.iplt20.com/classic/static-assets/build/images/players/onpitch/3852.png',
  transfersLeft: 157
}
📦 Payload ready
📡 Sending LIVE update
📡 POST status: 200
📨 Response: {"success":true}
🏁 END scrape at: 2026-05-07T13:00:22.499Z
==============================


==============================
🚀 START scrape at: 2026-05-07T13:02:01.443Z
📊 Match: { currentMatch: 50, completedPct: 70 }
📊 Rows found: 8
DEBUG: {
  name: 'SquadSeven9',
  captainImage: 'https://fantasy.iplt20.com/classic/static-assets/build/images/players/onpitch/66799.png',
  transfersLeft: 65
}
DEBUG: {
  name: 'Deccan Dominators',
  captainImage: 'https://fantasy.iplt20.com/classic/static-assets/build/images/players/onpitch/66799.png',
  transfersLeft: 57
}
DEBUG: {
  name: 'VATVAGHOOL XI',
  captainImage: 'https://fantasy.iplt20.com/classic/static-assets/build/images/players/onpitch/70222.png',
  transfersLeft: 59
}
DEBUG: {
  name: 'Watapi',
  captainImage: 'https://fantasy.iplt20.com/classic/static-assets/build/images/players/onpitch/63961.png',
  transfersLeft: 53
}
DEBUG: {
  name: 'RSAwesome 11',
  captainImage: 'https://fantasy.iplt20.com/classic/static-assets/build/images/players/onpitch/66799.png',
  transfersLeft: 62
}
DEBUG: {
  name: 'PKs11',
  captainImage: 'https://fantasy.iplt20.com/classic/static-assets/build/images/players/onpitch/66799.png',
  transfersLeft: 78
}
DEBUG: {
  name: 'Bat Bowl XI',
  captainImage: 'https://fantasy.iplt20.com/classic/static-assets/build/images/players/onpitch/64712.png',
  transfersLeft: 122
}
DEBUG: {
  name: 'RushS01',
  captainImage: 'https://fantasy.iplt20.com/classic/static-assets/build/images/players/onpitch/3852.png',
  transfersLeft: 157
}
📦 Payload ready
📡 Sending LIVE update
📡 POST status: 200
📨 Response: {"success":true}
🏁 END scrape at: 2026-05-07T13:02:16.442Z
==============================


==============================
🚀 START scrape at: 2026-05-07T13:04:01.354Z
📊 Match: { currentMatch: 50, completedPct: 70 }
📊 Rows found: 8
DEBUG: {
  name: 'SquadSeven9',
  captainImage: 'https://fantasy.iplt20.com/classic/static-assets/build/images/players/onpitch/66799.png',
  transfersLeft: 65
}
DEBUG: {
  name: 'Deccan Dominators',
  captainImage: 'https://fantasy.iplt20.com/classic/static-assets/build/images/players/onpitch/66799.png',
  transfersLeft: 57
}
DEBUG: {
  name: 'VATVAGHOOL XI',
  captainImage: 'https://fantasy.iplt20.com/classic/static-assets/build/images/players/onpitch/70222.png',
  transfersLeft: 59
}
DEBUG: {
  name: 'Watapi',
  captainImage: 'https://fantasy.iplt20.com/classic/static-assets/build/images/players/onpitch/63961.png',
  transfersLeft: 53
}
DEBUG: {
  name: 'RSAwesome 11',
  captainImage: 'https://fantasy.iplt20.com/classic/static-assets/build/images/players/onpitch/66799.png',
  transfersLeft: 62
}
DEBUG: {
  name: 'PKs11',
  captainImage: 'https://fantasy.iplt20.com/classic/static-assets/build/images/players/onpitch/66799.png',
  transfersLeft: 78
}
DEBUG: {
  name: 'Bat Bowl XI',
  captainImage: 'https://fantasy.iplt20.com/classic/static-assets/build/images/players/onpitch/64712.png',
  transfersLeft: 122
}
DEBUG: {
  name: 'RushS01',
  captainImage: 'https://fantasy.iplt20.com/classic/static-assets/build/images/players/onpitch/3852.png',
  transfersLeft: 157
}
📦 Payload ready
📡 Sending LIVE update
📡 POST status: 200
📨 Response: {"success":true}
🏁 END scrape at: 2026-05-07T13:04:15.003Z
==============================


==============================
🚀 START scrape at: 2026-05-07T13:06:00.776Z
📊 Match: { currentMatch: 50, completedPct: 70 }
📊 Rows found: 8
DEBUG: {
  name: 'SquadSeven9',
  captainImage: 'https://fantasy.iplt20.com/classic/static-assets/build/images/players/onpitch/66799.png',
  transfersLeft: 65
}
DEBUG: {
  name: 'Deccan Dominators',
  captainImage: 'https://fantasy.iplt20.com/classic/static-assets/build/images/players/onpitch/66799.png',
  transfersLeft: 57
}
DEBUG: {
  name: 'VATVAGHOOL XI',
  captainImage: 'https://fantasy.iplt20.com/classic/static-assets/build/images/players/onpitch/70222.png',
  transfersLeft: 59
}
DEBUG: {
  name: 'Watapi',
  captainImage: 'https://fantasy.iplt20.com/classic/static-assets/build/images/players/onpitch/63961.png',
  transfersLeft: 53
}
DEBUG: {
  name: 'RSAwesome 11',
  captainImage: 'https://fantasy.iplt20.com/classic/static-assets/build/images/players/onpitch/66799.png',
  transfersLeft: 62
}
DEBUG: {
  name: 'PKs11',
  captainImage: 'https://fantasy.iplt20.com/classic/static-assets/build/images/players/onpitch/66799.png',
  transfersLeft: 78
}
DEBUG: {
  name: 'Bat Bowl XI',
  captainImage: 'https://fantasy.iplt20.com/classic/static-assets/build/images/players/onpitch/64712.png',
  transfersLeft: 122
}
DEBUG: {
  name: 'RushS01',
  captainImage: 'https://fantasy.iplt20.com/classic/static-assets/build/images/players/onpitch/3852.png',
  transfersLeft: 157
}
📦 Payload ready
📡 Sending LIVE update
📡 POST status: 200
📨 Response: {"success":true}
🏁 END scrape at: 2026-05-07T13:06:15.926Z
==============================


==============================
🚀 START scrape at: 2026-05-07T13:08:00.673Z
📊 Match: { currentMatch: 50, completedPct: 70 }
📊 Rows found: 8
DEBUG: {
  name: 'SquadSeven9',
  captainImage: 'https://fantasy.iplt20.com/classic/static-assets/build/images/players/onpitch/66799.png',
  transfersLeft: 65
}
DEBUG: {
  name: 'Deccan Dominators',
  captainImage: 'https://fantasy.iplt20.com/classic/static-assets/build/images/players/onpitch/66799.png',
  transfersLeft: 57
}
DEBUG: {
  name: 'VATVAGHOOL XI',
  captainImage: 'https://fantasy.iplt20.com/classic/static-assets/build/images/players/onpitch/70222.png',
  transfersLeft: 59
}
DEBUG: {
  name: 'Watapi',
  captainImage: 'https://fantasy.iplt20.com/classic/static-assets/build/images/players/onpitch/63961.png',
  transfersLeft: 53
}
DEBUG: {
  name: 'RSAwesome 11',
  captainImage: 'https://fantasy.iplt20.com/classic/static-assets/build/images/players/onpitch/66799.png',
  transfersLeft: 62
}
DEBUG: {
  name: 'PKs11',
  captainImage: 'https://fantasy.iplt20.com/classic/static-assets/build/images/players/onpitch/66799.png',
  transfersLeft: 78
}
DEBUG: {
  name: 'Bat Bowl XI',
  captainImage: 'https://fantasy.iplt20.com/classic/static-assets/build/images/players/onpitch/64712.png',
  transfersLeft: 122
}
DEBUG: {
  name: 'RushS01',
  captainImage: 'https://fantasy.iplt20.com/classic/static-assets/build/images/players/onpitch/3852.png',
  transfersLeft: 157
}
📦 Payload ready
📡 Sending LIVE update
📡 POST status: 200
📨 Response: {"success":true}
🏁 END scrape at: 2026-05-07T13:08:15.690Z
==============================


==============================
🚀 START scrape at: 2026-05-07T13:10:01.308Z
📊 Match: { currentMatch: 50, completedPct: 70 }
📊 Rows found: 8
DEBUG: {
  name: 'SquadSeven9',
  captainImage: 'https://fantasy.iplt20.com/classic/static-assets/build/images/players/onpitch/66799.png',
  transfersLeft: 65
}
DEBUG: {
  name: 'Deccan Dominators',
  captainImage: 'https://fantasy.iplt20.com/classic/static-assets/build/images/players/onpitch/66799.png',
  transfersLeft: 57
}
DEBUG: {
  name: 'VATVAGHOOL XI',
  captainImage: 'https://fantasy.iplt20.com/classic/static-assets/build/images/players/onpitch/70222.png',
  transfersLeft: 59
}
DEBUG: {
  name: 'Watapi',
  captainImage: 'https://fantasy.iplt20.com/classic/static-assets/build/images/players/onpitch/63961.png',
  transfersLeft: 53
}
DEBUG: {
  name: 'RSAwesome 11',
  captainImage: 'https://fantasy.iplt20.com/classic/static-assets/build/images/players/onpitch/66799.png',
  transfersLeft: 62
}
DEBUG: {
  name: 'PKs11',
  captainImage: 'https://fantasy.iplt20.com/classic/static-assets/build/images/players/onpitch/66799.png',
  transfersLeft: 78
}
DEBUG: {
  name: 'Bat Bowl XI',
  captainImage: 'https://fantasy.iplt20.com/classic/static-assets/build/images/players/onpitch/64712.png',
  transfersLeft: 122
}
DEBUG: {
  name: 'RushS01',
  captainImage: 'https://fantasy.iplt20.com/classic/static-assets/build/images/players/onpitch/3852.png',
  transfersLeft: 157
}
📦 Payload ready
📡 Sending LIVE update
📡 POST status: 200
📨 Response: {"success":true}
🏁 END scrape at: 2026-05-07T13:10:14.904Z
==============================


==============================
🚀 START scrape at: 2026-05-07T13:12:00.613Z
📊 Match: { currentMatch: 50, completedPct: 70 }
📊 Rows found: 8
DEBUG: {
  name: 'SquadSeven9',
  captainImage: 'https://fantasy.iplt20.com/classic/static-assets/build/images/players/onpitch/66799.png',
  transfersLeft: 65
}
DEBUG: {
  name: 'Deccan Dominators',
  captainImage: 'https://fantasy.iplt20.com/classic/static-assets/build/images/players/onpitch/66799.png',
  transfersLeft: 57
}
DEBUG: {
  name: 'VATVAGHOOL XI',
  captainImage: 'https://fantasy.iplt20.com/classic/static-assets/build/images/players/onpitch/70222.png',
  transfersLeft: 59
}
DEBUG: {
  name: 'Watapi',
  captainImage: 'https://fantasy.iplt20.com/classic/static-assets/build/images/players/onpitch/63961.png',
  transfersLeft: 53
}
DEBUG: {
  name: 'RSAwesome 11',
  captainImage: 'https://fantasy.iplt20.com/classic/static-assets/build/images/players/onpitch/66799.png',
  transfersLeft: 62
}
DEBUG: {
  name: 'PKs11',
  captainImage: 'https://fantasy.iplt20.com/classic/static-assets/build/images/players/onpitch/66799.png',
  transfersLeft: 78
}
DEBUG: {
  name: 'Bat Bowl XI',
  captainImage: 'https://fantasy.iplt20.com/classic/static-assets/build/images/players/onpitch/64712.png',
  transfersLeft: 122
}
DEBUG: {
  name: 'RushS01',
  captainImage: 'https://fantasy.iplt20.com/classic/static-assets/build/images/players/onpitch/3852.png',
  transfersLeft: 157
}
📦 Payload ready
📡 Sending LIVE update
📡 POST status: 200
📨 Response: {"success":true}
🏁 END scrape at: 2026-05-07T13:12:13.689Z
==============================


==============================
🚀 START scrape at: 2026-05-07T13:14:01.474Z
📊 Match: { currentMatch: 50, completedPct: 70 }
📊 Rows found: 8
DEBUG: {
  name: 'SquadSeven9',
  captainImage: 'https://fantasy.iplt20.com/classic/static-assets/build/images/players/onpitch/66799.png',
  transfersLeft: 65
}
DEBUG: {
  name: 'Deccan Dominators',
  captainImage: 'https://fantasy.iplt20.com/classic/static-assets/build/images/players/onpitch/66799.png',
  transfersLeft: 57
}
DEBUG: {
  name: 'VATVAGHOOL XI',
  captainImage: 'https://fantasy.iplt20.com/classic/static-assets/build/images/players/onpitch/70222.png',
  transfersLeft: 59
}
DEBUG: {
  name: 'Watapi',
  captainImage: 'https://fantasy.iplt20.com/classic/static-assets/build/images/players/onpitch/63961.png',
  transfersLeft: 53
}
DEBUG: {
  name: 'RSAwesome 11',
  captainImage: 'https://fantasy.iplt20.com/classic/static-assets/build/images/players/onpitch/66799.png',
  transfersLeft: 62
}
DEBUG: {
  name: 'PKs11',
  captainImage: 'https://fantasy.iplt20.com/classic/static-assets/build/images/players/onpitch/66799.png',
  transfersLeft: 78
}
DEBUG: {
  name: 'Bat Bowl XI',
  captainImage: 'https://fantasy.iplt20.com/classic/static-assets/build/images/players/onpitch/64712.png',
  transfersLeft: 122
}
DEBUG: {
  name: 'RushS01',
  captainImage: 'https://fantasy.iplt20.com/classic/static-assets/build/images/players/onpitch/3852.png',
  transfersLeft: 157
}
📦 Payload ready
📡 Sending LIVE update
📡 POST status: 200
📨 Response: {"success":true}
🏁 END scrape at: 2026-05-07T13:14:17.560Z
==============================


==============================
🚀 START scrape at: 2026-05-07T13:16:01.411Z
📊 Match: { currentMatch: 50, completedPct: 70 }
📊 Rows found: 8
DEBUG: {
  name: 'SquadSeven9',
  captainImage: 'https://fantasy.iplt20.com/classic/static-assets/build/images/players/onpitch/66799.png',
  transfersLeft: 65
}
DEBUG: {
  name: 'Deccan Dominators',
  captainImage: 'https://fantasy.iplt20.com/classic/static-assets/build/images/players/onpitch/66799.png',
  transfersLeft: 57
}
DEBUG: {
  name: 'VATVAGHOOL XI',
  captainImage: 'https://fantasy.iplt20.com/classic/static-assets/build/images/players/onpitch/70222.png',
  transfersLeft: 59
}
DEBUG: {
  name: 'Watapi',
  captainImage: 'https://fantasy.iplt20.com/classic/static-assets/build/images/players/onpitch/63961.png',
  transfersLeft: 53
}
DEBUG: {
  name: 'RSAwesome 11',
  captainImage: 'https://fantasy.iplt20.com/classic/static-assets/build/images/players/onpitch/66799.png',
  transfersLeft: 62
}
DEBUG: {
  name: 'PKs11',
  captainImage: 'https://fantasy.iplt20.com/classic/static-assets/build/images/players/onpitch/66799.png',
  transfersLeft: 78
}
DEBUG: {
  name: 'Bat Bowl XI',
  captainImage: 'https://fantasy.iplt20.com/classic/static-assets/build/images/players/onpitch/64712.png',
  transfersLeft: 122
}
DEBUG: {
  name: 'RushS01',
  captainImage: 'https://fantasy.iplt20.com/classic/static-assets/build/images/players/onpitch/3852.png',
  transfersLeft: 157
}
📦 Payload ready
📡 Sending LIVE update
📡 POST status: 200
📨 Response: {"success":true}
🏁 END scrape at: 2026-05-07T13:16:17.191Z
==============================


==============================
🚀 START scrape at: 2026-05-07T13:18:01.053Z
📊 Match: { currentMatch: 50, completedPct: 70 }
📊 Rows found: 8
DEBUG: {
  name: 'SquadSeven9',
  captainImage: 'https://fantasy.iplt20.com/classic/static-assets/build/images/players/onpitch/66799.png',
  transfersLeft: 65
}
DEBUG: {
  name: 'Deccan Dominators',
  captainImage: 'https://fantasy.iplt20.com/classic/static-assets/build/images/players/onpitch/66799.png',
  transfersLeft: 57
}
DEBUG: {
  name: 'VATVAGHOOL XI',
  captainImage: 'https://fantasy.iplt20.com/classic/static-assets/build/images/players/onpitch/70222.png',
  transfersLeft: 59
}
DEBUG: {
  name: 'Watapi',
  captainImage: 'https://fantasy.iplt20.com/classic/static-assets/build/images/players/onpitch/63961.png',
  transfersLeft: 53
}
DEBUG: {
  name: 'RSAwesome 11',
  captainImage: 'https://fantasy.iplt20.com/classic/static-assets/build/images/players/onpitch/66799.png',
  transfersLeft: 62
}
DEBUG: {
  name: 'PKs11',
  captainImage: 'https://fantasy.iplt20.com/classic/static-assets/build/images/players/onpitch/66799.png',
  transfersLeft: 78
}
DEBUG: {
  name: 'Bat Bowl XI',
  captainImage: 'https://fantasy.iplt20.com/classic/static-assets/build/images/players/onpitch/64712.png',
  transfersLeft: 122
}
DEBUG: {
  name: 'RushS01',
  captainImage: 'https://fantasy.iplt20.com/classic/static-assets/build/images/players/onpitch/3852.png',
  transfersLeft: 157
}
📦 Payload ready
📡 Sending LIVE update
📡 POST status: 200
📨 Response: {"success":true}
🏁 END scrape at: 2026-05-07T13:18:16.094Z
==============================


==============================
🚀 START scrape at: 2026-05-07T13:20:00.923Z
📊 Match: { currentMatch: 50, completedPct: 70 }
📊 Rows found: 8
DEBUG: {
  name: 'SquadSeven9',
  captainImage: 'https://fantasy.iplt20.com/classic/static-assets/build/images/players/onpitch/66799.png',
  transfersLeft: 65
}
DEBUG: {
  name: 'Deccan Dominators',
  captainImage: 'https://fantasy.iplt20.com/classic/static-assets/build/images/players/onpitch/66799.png',
  transfersLeft: 57
}
DEBUG: {
  name: 'VATVAGHOOL XI',
  captainImage: 'https://fantasy.iplt20.com/classic/static-assets/build/images/players/onpitch/70222.png',
  transfersLeft: 59
}
DEBUG: {
  name: 'Watapi',
  captainImage: 'https://fantasy.iplt20.com/classic/static-assets/build/images/players/onpitch/63961.png',
  transfersLeft: 53
}
DEBUG: {
  name: 'RSAwesome 11',
  captainImage: 'https://fantasy.iplt20.com/classic/static-assets/build/images/players/onpitch/66799.png',
  transfersLeft: 62
}
DEBUG: {
  name: 'PKs11',
  captainImage: 'https://fantasy.iplt20.com/classic/static-assets/build/images/players/onpitch/66799.png',
  transfersLeft: 78
}
DEBUG: {
  name: 'Bat Bowl XI',
  captainImage: 'https://fantasy.iplt20.com/classic/static-assets/build/images/players/onpitch/64712.png',
  transfersLeft: 122
}
DEBUG: {
  name: 'RushS01',
  captainImage: 'https://fantasy.iplt20.com/classic/static-assets/build/images/players/onpitch/3852.png',
  transfersLeft: 157
}
📦 Payload ready
📡 Sending LIVE update
📡 POST status: 200
📨 Response: {"success":true}
🏁 END scrape at: 2026-05-07T13:20:15.429Z
==============================


==============================
🚀 START scrape at: 2026-05-07T13:22:01.312Z
📊 Match: { currentMatch: 50, completedPct: 70 }
📊 Rows found: 8
DEBUG: {
  name: 'SquadSeven9',
  captainImage: 'https://fantasy.iplt20.com/classic/static-assets/build/images/players/onpitch/66799.png',
  transfersLeft: 65
}
DEBUG: {
  name: 'Deccan Dominators',
  captainImage: 'https://fantasy.iplt20.com/classic/static-assets/build/images/players/onpitch/66799.png',
  transfersLeft: 57
}
DEBUG: {
  name: 'VATVAGHOOL XI',
  captainImage: 'https://fantasy.iplt20.com/classic/static-assets/build/images/players/onpitch/70222.png',
  transfersLeft: 59
}
DEBUG: {
  name: 'Watapi',
  captainImage: 'https://fantasy.iplt20.com/classic/static-assets/build/images/players/onpitch/63961.png',
  transfersLeft: 53
}
DEBUG: {
  name: 'RSAwesome 11',
  captainImage: 'https://fantasy.iplt20.com/classic/static-assets/build/images/players/onpitch/66799.png',
  transfersLeft: 62
}
DEBUG: {
  name: 'PKs11',
  captainImage: 'https://fantasy.iplt20.com/classic/static-assets/build/images/players/onpitch/66799.png',
  transfersLeft: 78
}
DEBUG: {
  name: 'Bat Bowl XI',
  captainImage: 'https://fantasy.iplt20.com/classic/static-assets/build/images/players/onpitch/64712.png',
  transfersLeft: 122
}
DEBUG: {
  name: 'RushS01',
  captainImage: 'https://fantasy.iplt20.com/classic/static-assets/build/images/players/onpitch/3852.png',
  transfersLeft: 157
}
📦 Payload ready
📡 Sending LIVE update
📡 POST status: 200
📨 Response: {"success":true}
🏁 END scrape at: 2026-05-07T13:22:14.032Z
==============================


==============================
🚀 START scrape at: 2026-05-07T13:24:00.960Z
📊 Match: { currentMatch: 50, completedPct: 70 }
📊 Rows found: 8
DEBUG: {
  name: 'SquadSeven9',
  captainImage: 'https://fantasy.iplt20.com/classic/static-assets/build/images/players/onpitch/66799.png',
  transfersLeft: 65
}
DEBUG: {
  name: 'Deccan Dominators',
  captainImage: 'https://fantasy.iplt20.com/classic/static-assets/build/images/players/onpitch/66799.png',
  transfersLeft: 57
}
DEBUG: {
  name: 'VATVAGHOOL XI',
  captainImage: 'https://fantasy.iplt20.com/classic/static-assets/build/images/players/onpitch/70222.png',
  transfersLeft: 59
}
DEBUG: {
  name: 'Watapi',
  captainImage: 'https://fantasy.iplt20.com/classic/static-assets/build/images/players/onpitch/63961.png',
  transfersLeft: 53
}
DEBUG: {
  name: 'RSAwesome 11',
  captainImage: 'https://fantasy.iplt20.com/classic/static-assets/build/images/players/onpitch/66799.png',
  transfersLeft: 62
}
DEBUG: {
  name: 'PKs11',
  captainImage: 'https://fantasy.iplt20.com/classic/static-assets/build/images/players/onpitch/66799.png',
  transfersLeft: 78
}
DEBUG: {
  name: 'Bat Bowl XI',
  captainImage: 'https://fantasy.iplt20.com/classic/static-assets/build/images/players/onpitch/64712.png',
  transfersLeft: 122
}
DEBUG: {
  name: 'RushS01',
  captainImage: 'https://fantasy.iplt20.com/classic/static-assets/build/images/players/onpitch/3852.png',
  transfersLeft: 157
}
📦 Payload ready
📡 Sending LIVE update
📡 POST status: 200
📨 Response: {"success":true}
🏁 END scrape at: 2026-05-07T13:24:15.616Z
==============================


==============================
🚀 START scrape at: 2026-05-07T13:26:01.545Z
📊 Match: { currentMatch: 50, completedPct: 70 }
📊 Rows found: 8
DEBUG: {
  name: 'SquadSeven9',
  captainImage: 'https://fantasy.iplt20.com/classic/static-assets/build/images/players/onpitch/66799.png',
  transfersLeft: 65
}
DEBUG: {
  name: 'Deccan Dominators',
  captainImage: 'https://fantasy.iplt20.com/classic/static-assets/build/images/players/onpitch/66799.png',
  transfersLeft: 57
}
DEBUG: {
  name: 'VATVAGHOOL XI',
  captainImage: 'https://fantasy.iplt20.com/classic/static-assets/build/images/players/onpitch/70222.png',
  transfersLeft: 59
}
DEBUG: {
  name: 'Watapi',
  captainImage: 'https://fantasy.iplt20.com/classic/static-assets/build/images/players/onpitch/63961.png',
  transfersLeft: 53
}
DEBUG: {
  name: 'RSAwesome 11',
  captainImage: 'https://fantasy.iplt20.com/classic/static-assets/build/images/players/onpitch/66799.png',
  transfersLeft: 62
}
DEBUG: {
  name: 'PKs11',
  captainImage: 'https://fantasy.iplt20.com/classic/static-assets/build/images/players/onpitch/66799.png',
  transfersLeft: 78
}
DEBUG: {
  name: 'Bat Bowl XI',
  captainImage: 'https://fantasy.iplt20.com/classic/static-assets/build/images/players/onpitch/64712.png',
  transfersLeft: 122
}
DEBUG: {
  name: 'RushS01',
  captainImage: 'https://fantasy.iplt20.com/classic/static-assets/build/images/players/onpitch/3852.png',
  transfersLeft: 157
}
📦 Payload ready
📡 Sending LIVE update
📡 POST status: 200
📨 Response: {"success":true}
🏁 END scrape at: 2026-05-07T13:26:16.667Z
==============================


==============================
🚀 START scrape at: 2026-05-07T13:28:01.655Z
📊 Match: { currentMatch: 50, completedPct: 70 }
📊 Rows found: 8
DEBUG: {
  name: 'SquadSeven9',
  captainImage: 'https://fantasy.iplt20.com/classic/static-assets/build/images/players/onpitch/66799.png',
  transfersLeft: 65
}
DEBUG: {
  name: 'Deccan Dominators',
  captainImage: 'https://fantasy.iplt20.com/classic/static-assets/build/images/players/onpitch/66799.png',
  transfersLeft: 57
}
DEBUG: {
  name: 'VATVAGHOOL XI',
  captainImage: 'https://fantasy.iplt20.com/classic/static-assets/build/images/players/onpitch/70222.png',
  transfersLeft: 59
}
DEBUG: {
  name: 'Watapi',
  captainImage: 'https://fantasy.iplt20.com/classic/static-assets/build/images/players/onpitch/63961.png',
  transfersLeft: 53
}
DEBUG: {
  name: 'RSAwesome 11',
  captainImage: 'https://fantasy.iplt20.com/classic/static-assets/build/images/players/onpitch/66799.png',
  transfersLeft: 62
}
DEBUG: {
  name: 'PKs11',
  captainImage: 'https://fantasy.iplt20.com/classic/static-assets/build/images/players/onpitch/66799.png',
  transfersLeft: 78
}
DEBUG: {
  name: 'Bat Bowl XI',
  captainImage: 'https://fantasy.iplt20.com/classic/static-assets/build/images/players/onpitch/64712.png',
  transfersLeft: 122
}
DEBUG: {
  name: 'RushS01',
  captainImage: 'https://fantasy.iplt20.com/classic/static-assets/build/images/players/onpitch/3852.png',
  transfersLeft: 157
}
📦 Payload ready
📡 Sending LIVE update
📡 POST status: 200
📨 Response: {"success":true}
🏁 END scrape at: 2026-05-07T13:28:14.186Z
==============================


==============================
🚀 START scrape at: 2026-05-07T13:30:01.159Z
📊 Match: { currentMatch: 50, completedPct: 70 }
📊 Rows found: 8
DEBUG: {
  name: 'SquadSeven9',
  captainImage: 'https://fantasy.iplt20.com/classic/static-assets/build/images/players/onpitch/66799.png',
  transfersLeft: 65
}
DEBUG: {
  name: 'Deccan Dominators',
  captainImage: 'https://fantasy.iplt20.com/classic/static-assets/build/images/players/onpitch/66799.png',
  transfersLeft: 57
}
DEBUG: {
  name: 'VATVAGHOOL XI',
  captainImage: 'https://fantasy.iplt20.com/classic/static-assets/build/images/players/onpitch/70222.png',
  transfersLeft: 59
}
DEBUG: {
  name: 'Watapi',
  captainImage: 'https://fantasy.iplt20.com/classic/static-assets/build/images/players/onpitch/63961.png',
  transfersLeft: 53
}
DEBUG: {
  name: 'RSAwesome 11',
  captainImage: 'https://fantasy.iplt20.com/classic/static-assets/build/images/players/onpitch/66799.png',
  transfersLeft: 62
}
DEBUG: {
  name: 'PKs11',
  captainImage: 'https://fantasy.iplt20.com/classic/static-assets/build/images/players/onpitch/66799.png',
  transfersLeft: 78
}
DEBUG: {
  name: 'Bat Bowl XI',
  captainImage: 'https://fantasy.iplt20.com/classic/static-assets/build/images/players/onpitch/64712.png',
  transfersLeft: 122
}
DEBUG: {
  name: 'RushS01',
  captainImage: 'https://fantasy.iplt20.com/classic/static-assets/build/images/players/onpitch/3852.png',
  transfersLeft: 157
}
📦 Payload ready
📡 Sending LIVE update
📡 POST status: 200
📨 Response: {"success":true}
🏁 END scrape at: 2026-05-07T13:30:17.551Z
==============================


==============================
🚀 START scrape at: 2026-05-07T13:32:01.591Z
📊 Match: { currentMatch: 50, completedPct: 70 }
📊 Rows found: 8
DEBUG: {
  name: 'SquadSeven9',
  captainImage: '/classic/static-assets/build/images/players/onpitch/0.png',
  transfersLeft: 65
}
DEBUG: {
  name: 'Deccan Dominators',
  captainImage: '/classic/static-assets/build/images/players/onpitch/0.png',
  transfersLeft: 57
}
DEBUG: {
  name: 'VATVAGHOOL XI',
  captainImage: 'https://fantasy.iplt20.com/classic/static-assets/build/images/players/onpitch/70222.png',
  transfersLeft: 59
}
DEBUG: {
  name: 'Watapi',
  captainImage: 'https://fantasy.iplt20.com/classic/static-assets/build/images/players/onpitch/63961.png',
  transfersLeft: 53
}
DEBUG: {
  name: 'RSAwesome 11',
  captainImage: 'https://fantasy.iplt20.com/classic/static-assets/build/images/players/onpitch/66799.png',
  transfersLeft: 62
}
DEBUG: {
  name: 'PKs11',
  captainImage: 'https://fantasy.iplt20.com/classic/static-assets/build/images/players/onpitch/66799.png',
  transfersLeft: 78
}
DEBUG: {
  name: 'Bat Bowl XI',
  captainImage: 'https://fantasy.iplt20.com/classic/static-assets/build/images/players/onpitch/64712.png',
  transfersLeft: 122
}
DEBUG: {
  name: 'RushS01',
  captainImage: 'https://fantasy.iplt20.com/classic/static-assets/build/images/players/onpitch/3852.png',
  transfersLeft: 157
}
📦 Payload ready
📡 Sending LIVE update
📡 POST status: 200
📨 Response: {"success":true}
🏁 END scrape at: 2026-05-07T13:32:17.993Z
==============================


==============================
🚀 START scrape at: 2026-05-07T13:34:00.662Z
📊 Match: { currentMatch: 50, completedPct: 70 }
📊 Rows found: 8
DEBUG: {
  name: 'SquadSeven9',
  captainImage: 'https://fantasy.iplt20.com/classic/static-assets/build/images/players/onpitch/66799.png',
  transfersLeft: 65
}
DEBUG: {
  name: 'Deccan Dominators',
  captainImage: 'https://fantasy.iplt20.com/classic/static-assets/build/images/players/onpitch/66799.png',
  transfersLeft: 57
}
DEBUG: {
  name: 'VATVAGHOOL XI',
  captainImage: 'https://fantasy.iplt20.com/classic/static-assets/build/images/players/onpitch/70222.png',
  transfersLeft: 59
}
DEBUG: {
  name: 'Watapi',
  captainImage: 'https://fantasy.iplt20.com/classic/static-assets/build/images/players/onpitch/63961.png',
  transfersLeft: 53
}
DEBUG: {
  name: 'RSAwesome 11',
  captainImage: 'https://fantasy.iplt20.com/classic/static-assets/build/images/players/onpitch/66799.png',
  transfersLeft: 62
}
DEBUG: {
  name: 'PKs11',
  captainImage: 'https://fantasy.iplt20.com/classic/static-assets/build/images/players/onpitch/66799.png',
  transfersLeft: 78
}
DEBUG: {
  name: 'Bat Bowl XI',
  captainImage: 'https://fantasy.iplt20.com/classic/static-assets/build/images/players/onpitch/64712.png',
  transfersLeft: 122
}
DEBUG: {
  name: 'RushS01',
  captainImage: 'https://fantasy.iplt20.com/classic/static-assets/build/images/players/onpitch/3852.png',
  transfersLeft: 157
}
📦 Payload ready
📡 Sending LIVE update
📡 POST status: 200
📨 Response: {"success":true}
🏁 END scrape at: 2026-05-07T13:34:12.993Z
==============================


==============================
🚀 START scrape at: 2026-05-07T13:36:00.562Z
📊 Match: { currentMatch: 50, completedPct: 70 }
📊 Rows found: 8
DEBUG: {
  name: 'SquadSeven9',
  captainImage: 'https://fantasy.iplt20.com/classic/static-assets/build/images/players/onpitch/66799.png',
  transfersLeft: 65
}
DEBUG: {
  name: 'Deccan Dominators',
  captainImage: 'https://fantasy.iplt20.com/classic/static-assets/build/images/players/onpitch/66799.png',
  transfersLeft: 57
}
DEBUG: {
  name: 'VATVAGHOOL XI',
  captainImage: 'https://fantasy.iplt20.com/classic/static-assets/build/images/players/onpitch/70222.png',
  transfersLeft: 59
}
DEBUG: {
  name: 'Watapi',
  captainImage: 'https://fantasy.iplt20.com/classic/static-assets/build/images/players/onpitch/63961.png',
  transfersLeft: 53
}
DEBUG: {
  name: 'RSAwesome 11',
  captainImage: 'https://fantasy.iplt20.com/classic/static-assets/build/images/players/onpitch/66799.png',
  transfersLeft: 62
}
DEBUG: {
  name: 'PKs11',
  captainImage: 'https://fantasy.iplt20.com/classic/static-assets/build/images/players/onpitch/66799.png',
  transfersLeft: 78
}
DEBUG: {
  name: 'Bat Bowl XI',
  captainImage: 'https://fantasy.iplt20.com/classic/static-assets/build/images/players/onpitch/64712.png',
  transfersLeft: 122
}
DEBUG: {
  name: 'RushS01',
  captainImage: 'https://fantasy.iplt20.com/classic/static-assets/build/images/players/onpitch/3852.png',
  transfersLeft: 157
}
📦 Payload ready
📡 Sending LIVE update
📡 POST status: 200
📨 Response: {"success":true}
🏁 END scrape at: 2026-05-07T13:36:13.627Z
==============================


==============================
🚀 START scrape at: 2026-05-07T13:38:01.426Z
📊 Match: { currentMatch: 50, completedPct: 70 }
📊 Rows found: 8
DEBUG: {
  name: 'SquadSeven9',
  captainImage: 'https://fantasy.iplt20.com/classic/static-assets/build/images/players/onpitch/66799.png',
  transfersLeft: 65
}
DEBUG: {
  name: 'Deccan Dominators',
  captainImage: 'https://fantasy.iplt20.com/classic/static-assets/build/images/players/onpitch/66799.png',
  transfersLeft: 57
}
DEBUG: {
  name: 'VATVAGHOOL XI',
  captainImage: 'https://fantasy.iplt20.com/classic/static-assets/build/images/players/onpitch/70222.png',
  transfersLeft: 59
}
DEBUG: {
  name: 'Watapi',
  captainImage: 'https://fantasy.iplt20.com/classic/static-assets/build/images/players/onpitch/63961.png',
  transfersLeft: 53
}
DEBUG: {
  name: 'RSAwesome 11',
  captainImage: 'https://fantasy.iplt20.com/classic/static-assets/build/images/players/onpitch/66799.png',
  transfersLeft: 62
}
DEBUG: {
  name: 'PKs11',
  captainImage: 'https://fantasy.iplt20.com/classic/static-assets/build/images/players/onpitch/66799.png',
  transfersLeft: 78
}
DEBUG: {
  name: 'Bat Bowl XI',
  captainImage: 'https://fantasy.iplt20.com/classic/static-assets/build/images/players/onpitch/64712.png',
  transfersLeft: 122
}
DEBUG: {
  name: 'RushS01',
  captainImage: 'https://fantasy.iplt20.com/classic/static-assets/build/images/players/onpitch/3852.png',
  transfersLeft: 157
}
📦 Payload ready
📡 Sending LIVE update
📡 POST status: 200
📨 Response: {"success":true}
🏁 END scrape at: 2026-05-07T13:38:15.364Z
==============================


==============================
🚀 START scrape at: 2026-05-07T13:40:01.153Z
📊 Match: { currentMatch: 50, completedPct: 70 }
📊 Rows found: 8
DEBUG: {
  name: 'SquadSeven9',
  captainImage: 'https://fantasy.iplt20.com/classic/static-assets/build/images/players/onpitch/66799.png',
  transfersLeft: 65
}
DEBUG: {
  name: 'Deccan Dominators',
  captainImage: 'https://fantasy.iplt20.com/classic/static-assets/build/images/players/onpitch/66799.png',
  transfersLeft: 57
}
DEBUG: {
  name: 'VATVAGHOOL XI',
  captainImage: 'https://fantasy.iplt20.com/classic/static-assets/build/images/players/onpitch/70222.png',
  transfersLeft: 59
}
DEBUG: {
  name: 'Watapi',
  captainImage: 'https://fantasy.iplt20.com/classic/static-assets/build/images/players/onpitch/63961.png',
  transfersLeft: 53
}
DEBUG: {
  name: 'RSAwesome 11',
  captainImage: 'https://fantasy.iplt20.com/classic/static-assets/build/images/players/onpitch/66799.png',
  transfersLeft: 62
}
DEBUG: {
  name: 'PKs11',
  captainImage: 'https://fantasy.iplt20.com/classic/static-assets/build/images/players/onpitch/66799.png',
  transfersLeft: 78
}
DEBUG: {
  name: 'Bat Bowl XI',
  captainImage: 'https://fantasy.iplt20.com/classic/static-assets/build/images/players/onpitch/64712.png',
  transfersLeft: 122
}
DEBUG: {
  name: 'RushS01',
  captainImage: 'https://fantasy.iplt20.com/classic/static-assets/build/images/players/onpitch/3852.png',
  transfersLeft: 157
}
📦 Payload ready
📡 Sending LIVE update
📡 POST status: 200
📨 Response: {"success":true}
🏁 END scrape at: 2026-05-07T13:40:17.867Z
==============================


==============================
🚀 START scrape at: 2026-05-07T13:42:00.656Z
📊 Match: { currentMatch: 50, completedPct: 70 }
📊 Rows found: 8
DEBUG: {
  name: 'SquadSeven9',
  captainImage: 'https://fantasy.iplt20.com/classic/static-assets/build/images/players/onpitch/66799.png',
  transfersLeft: 65
}
DEBUG: {
  name: 'Deccan Dominators',
  captainImage: 'https://fantasy.iplt20.com/classic/static-assets/build/images/players/onpitch/66799.png',
  transfersLeft: 57
}
DEBUG: {
  name: 'VATVAGHOOL XI',
  captainImage: 'https://fantasy.iplt20.com/classic/static-assets/build/images/players/onpitch/70222.png',
  transfersLeft: 59
}
DEBUG: {
  name: 'Watapi',
  captainImage: 'https://fantasy.iplt20.com/classic/static-assets/build/images/players/onpitch/63961.png',
  transfersLeft: 53
}
DEBUG: {
  name: 'RSAwesome 11',
  captainImage: 'https://fantasy.iplt20.com/classic/static-assets/build/images/players/onpitch/66799.png',
  transfersLeft: 62
}
DEBUG: {
  name: 'PKs11',
  captainImage: 'https://fantasy.iplt20.com/classic/static-assets/build/images/players/onpitch/66799.png',
  transfersLeft: 78
}
DEBUG: {
  name: 'Bat Bowl XI',
  captainImage: 'https://fantasy.iplt20.com/classic/static-assets/build/images/players/onpitch/64712.png',
  transfersLeft: 122
}
DEBUG: {
  name: 'RushS01',
  captainImage: 'https://fantasy.iplt20.com/classic/static-assets/build/images/players/onpitch/3852.png',
  transfersLeft: 157
}
📦 Payload ready
📡 Sending LIVE update
📡 POST status: 200
📨 Response: {"success":true}
🏁 END scrape at: 2026-05-07T13:42:16.846Z
==============================


==============================
🚀 START scrape at: 2026-05-07T13:44:00.635Z
📊 Match: { currentMatch: 50, completedPct: 70 }
📊 Rows found: 8
DEBUG: {
  name: 'SquadSeven9',
  captainImage: 'https://fantasy.iplt20.com/classic/static-assets/build/images/players/onpitch/66799.png',
  transfersLeft: 65
}
DEBUG: {
  name: 'Deccan Dominators',
  captainImage: 'https://fantasy.iplt20.com/classic/static-assets/build/images/players/onpitch/66799.png',
  transfersLeft: 57
}
DEBUG: {
  name: 'VATVAGHOOL XI',
  captainImage: 'https://fantasy.iplt20.com/classic/static-assets/build/images/players/onpitch/70222.png',
  transfersLeft: 59
}
DEBUG: {
  name: 'Watapi',
  captainImage: 'https://fantasy.iplt20.com/classic/static-assets/build/images/players/onpitch/63961.png',
  transfersLeft: 53
}
DEBUG: {
  name: 'RSAwesome 11',
  captainImage: 'https://fantasy.iplt20.com/classic/static-assets/build/images/players/onpitch/66799.png',
  transfersLeft: 62
}
DEBUG: {
  name: 'PKs11',
  captainImage: 'https://fantasy.iplt20.com/classic/static-assets/build/images/players/onpitch/66799.png',
  transfersLeft: 78
}
DEBUG: {
  name: 'Bat Bowl XI',
  captainImage: 'https://fantasy.iplt20.com/classic/static-assets/build/images/players/onpitch/64712.png',
  transfersLeft: 122
}
DEBUG: {
  name: 'RushS01',
  captainImage: 'https://fantasy.iplt20.com/classic/static-assets/build/images/players/onpitch/3852.png',
  transfersLeft: 157
}
📦 Payload ready
📡 Sending LIVE update
📡 POST status: 200
📨 Response: {"success":true}
🏁 END scrape at: 2026-05-07T13:44:13.859Z
==============================


==============================
🚀 START scrape at: 2026-05-07T13:46:00.886Z
📊 Match: { currentMatch: 50, completedPct: 70 }
📊 Rows found: 8
DEBUG: {
  name: 'SquadSeven9',
  captainImage: 'https://fantasy.iplt20.com/classic/static-assets/build/images/players/onpitch/66799.png',
  transfersLeft: 65
}
DEBUG: {
  name: 'Deccan Dominators',
  captainImage: 'https://fantasy.iplt20.com/classic/static-assets/build/images/players/onpitch/66799.png',
  transfersLeft: 57
}
DEBUG: {
  name: 'VATVAGHOOL XI',
  captainImage: 'https://fantasy.iplt20.com/classic/static-assets/build/images/players/onpitch/70222.png',
  transfersLeft: 59
}
DEBUG: {
  name: 'Watapi',
  captainImage: 'https://fantasy.iplt20.com/classic/static-assets/build/images/players/onpitch/63961.png',
  transfersLeft: 53
}
DEBUG: {
  name: 'RSAwesome 11',
  captainImage: 'https://fantasy.iplt20.com/classic/static-assets/build/images/players/onpitch/66799.png',
  transfersLeft: 62
}
DEBUG: {
  name: 'PKs11',
  captainImage: 'https://fantasy.iplt20.com/classic/static-assets/build/images/players/onpitch/66799.png',
  transfersLeft: 78
}
DEBUG: {
  name: 'Bat Bowl XI',
  captainImage: 'https://fantasy.iplt20.com/classic/static-assets/build/images/players/onpitch/64712.png',
  transfersLeft: 122
}
DEBUG: {
  name: 'RushS01',
  captainImage: 'https://fantasy.iplt20.com/classic/static-assets/build/images/players/onpitch/3852.png',
  transfersLeft: 157
}
📦 Payload ready
📡 Sending LIVE update
📡 POST status: 200
📨 Response: {"success":true}
🏁 END scrape at: 2026-05-07T13:46:16.222Z
==============================


==============================
🚀 START scrape at: 2026-05-07T13:48:01.089Z
📊 Match: { currentMatch: 50, completedPct: 70 }
📊 Rows found: 8
DEBUG: {
  name: 'SquadSeven9',
  captainImage: 'https://fantasy.iplt20.com/classic/static-assets/build/images/players/onpitch/66799.png',
  transfersLeft: 65
}
DEBUG: {
  name: 'Deccan Dominators',
  captainImage: 'https://fantasy.iplt20.com/classic/static-assets/build/images/players/onpitch/66799.png',
  transfersLeft: 57
}
DEBUG: {
  name: 'VATVAGHOOL XI',
  captainImage: 'https://fantasy.iplt20.com/classic/static-assets/build/images/players/onpitch/66799.png',
  transfersLeft: null
}
DEBUG: {
  name: 'Watapi',
  captainImage: 'https://fantasy.iplt20.com/classic/static-assets/build/images/players/onpitch/70222.png',
  transfersLeft: null
}
DEBUG: {
  name: 'RSAwesome 11',
  captainImage: 'https://fantasy.iplt20.com/classic/static-assets/build/images/players/onpitch/66799.png',
  transfersLeft: 62
}
DEBUG: {
  name: 'PKs11',
  captainImage: 'https://fantasy.iplt20.com/classic/static-assets/build/images/players/onpitch/66799.png',
  transfersLeft: 78
}
DEBUG: {
  name: 'Bat Bowl XI',
  captainImage: 'https://fantasy.iplt20.com/classic/static-assets/build/images/players/onpitch/66799.png',
  transfersLeft: 122
}
DEBUG: {
  name: 'RushS01',
  captainImage: 'https://fantasy.iplt20.com/classic/static-assets/build/images/players/onpitch/3852.png',
  transfersLeft: 157
}
📦 Payload ready
📡 Sending LIVE update
📡 POST status: 200
📨 Response: {"success":true}
🏁 END scrape at: 2026-05-07T13:48:17.202Z
==============================


==============================
🚀 START scrape at: 2026-05-07T13:50:01.527Z
📊 Match: { currentMatch: 50, completedPct: 70 }
📊 Rows found: 8
DEBUG: {
  name: 'SquadSeven9',
  captainImage: 'https://fantasy.iplt20.com/classic/static-assets/build/images/players/onpitch/66799.png',
  transfersLeft: 65
}
DEBUG: {
  name: 'Deccan Dominators',
  captainImage: 'https://fantasy.iplt20.com/classic/static-assets/build/images/players/onpitch/66799.png',
  transfersLeft: 57
}
DEBUG: {
  name: 'VATVAGHOOL XI',
  captainImage: 'https://fantasy.iplt20.com/classic/static-assets/build/images/players/onpitch/70222.png',
  transfersLeft: 59
}
DEBUG: {
  name: 'Watapi',
  captainImage: 'https://fantasy.iplt20.com/classic/static-assets/build/images/players/onpitch/63961.png',
  transfersLeft: 53
}
DEBUG: {
  name: 'RSAwesome 11',
  captainImage: 'https://fantasy.iplt20.com/classic/static-assets/build/images/players/onpitch/66799.png',
  transfersLeft: 62
}
DEBUG: {
  name: 'PKs11',
  captainImage: 'https://fantasy.iplt20.com/classic/static-assets/build/images/players/onpitch/66799.png',
  transfersLeft: 78
}
DEBUG: {
  name: 'Bat Bowl XI',
  captainImage: 'https://fantasy.iplt20.com/classic/static-assets/build/images/players/onpitch/64712.png',
  transfersLeft: 122
}
DEBUG: {
  name: 'RushS01',
  captainImage: 'https://fantasy.iplt20.com/classic/static-assets/build/images/players/onpitch/3852.png',
  transfersLeft: 157
}
📦 Payload ready
📡 Sending LIVE update
📡 POST status: 200
📨 Response: {"success":true}
🏁 END scrape at: 2026-05-07T13:50:18.919Z
==============================


==============================
🚀 START scrape at: 2026-05-07T13:52:00.741Z
📊 Match: { currentMatch: 50, completedPct: 70 }
📊 Rows found: 8
DEBUG: {
  name: 'SquadSeven9',
  captainImage: 'https://fantasy.iplt20.com/classic/static-assets/build/images/players/onpitch/66799.png',
  transfersLeft: 65
}
DEBUG: {
  name: 'Deccan Dominators',
  captainImage: 'https://fantasy.iplt20.com/classic/static-assets/build/images/players/onpitch/66799.png',
  transfersLeft: 57
}
DEBUG: {
  name: 'VATVAGHOOL XI',
  captainImage: 'https://fantasy.iplt20.com/classic/static-assets/build/images/players/onpitch/70222.png',
  transfersLeft: 59
}
DEBUG: {
  name: 'Watapi',
  captainImage: 'https://fantasy.iplt20.com/classic/static-assets/build/images/players/onpitch/63961.png',
  transfersLeft: 53
}
DEBUG: {
  name: 'RSAwesome 11',
  captainImage: 'https://fantasy.iplt20.com/classic/static-assets/build/images/players/onpitch/66799.png',
  transfersLeft: 62
}
DEBUG: {
  name: 'PKs11',
  captainImage: 'https://fantasy.iplt20.com/classic/static-assets/build/images/players/onpitch/66799.png',
  transfersLeft: 78
}
DEBUG: {
  name: 'Bat Bowl XI',
  captainImage: 'https://fantasy.iplt20.com/classic/static-assets/build/images/players/onpitch/64712.png',
  transfersLeft: 122
}
DEBUG: {
  name: 'RushS01',
  captainImage: 'https://fantasy.iplt20.com/classic/static-assets/build/images/players/onpitch/3852.png',
  transfersLeft: 157
}
📦 Payload ready
📡 Sending LIVE update
📡 POST status: 200
📨 Response: {"success":true}
🏁 END scrape at: 2026-05-07T13:52:13.536Z
==============================


==============================
🚀 START scrape at: 2026-05-07T13:54:01.493Z
📊 Match: { currentMatch: 50, completedPct: 70 }
📊 Rows found: 8
DEBUG: {
  name: 'SquadSeven9',
  captainImage: 'https://fantasy.iplt20.com/classic/static-assets/build/images/players/onpitch/66799.png',
  transfersLeft: 65
}
DEBUG: {
  name: 'Deccan Dominators',
  captainImage: 'https://fantasy.iplt20.com/classic/static-assets/build/images/players/onpitch/66799.png',
  transfersLeft: 57
}
DEBUG: {
  name: 'VATVAGHOOL XI',
  captainImage: 'https://fantasy.iplt20.com/classic/static-assets/build/images/players/onpitch/70222.png',
  transfersLeft: 59
}
DEBUG: {
  name: 'Watapi',
  captainImage: 'https://fantasy.iplt20.com/classic/static-assets/build/images/players/onpitch/63961.png',
  transfersLeft: 53
}
DEBUG: {
  name: 'RSAwesome 11',
  captainImage: 'https://fantasy.iplt20.com/classic/static-assets/build/images/players/onpitch/66799.png',
  transfersLeft: 62
}
DEBUG: {
  name: 'PKs11',
  captainImage: 'https://fantasy.iplt20.com/classic/static-assets/build/images/players/onpitch/66799.png',
  transfersLeft: 78
}
DEBUG: {
  name: 'Bat Bowl XI',
  captainImage: 'https://fantasy.iplt20.com/classic/static-assets/build/images/players/onpitch/64712.png',
  transfersLeft: 122
}
DEBUG: {
  name: 'RushS01',
  captainImage: 'https://fantasy.iplt20.com/classic/static-assets/build/images/players/onpitch/3852.png',
  transfersLeft: 157
}
📦 Payload ready
📡 Sending LIVE update
📡 POST status: 200
📨 Response: {"success":true}
🏁 END scrape at: 2026-05-07T13:54:16.245Z
==============================


==============================
🚀 START scrape at: 2026-05-07T13:56:01.188Z
📊 Match: { currentMatch: 50, completedPct: 70 }
📊 Rows found: 8
DEBUG: {
  name: 'SquadSeven9',
  captainImage: 'https://fantasy.iplt20.com/classic/static-assets/build/images/players/onpitch/66799.png',
  transfersLeft: 65
}
DEBUG: {
  name: 'Deccan Dominators',
  captainImage: 'https://fantasy.iplt20.com/classic/static-assets/build/images/players/onpitch/66799.png',
  transfersLeft: 57
}
DEBUG: {
  name: 'VATVAGHOOL XI',
  captainImage: 'https://fantasy.iplt20.com/classic/static-assets/build/images/players/onpitch/70222.png',
  transfersLeft: 59
}
DEBUG: {
  name: 'Watapi',
  captainImage: 'https://fantasy.iplt20.com/classic/static-assets/build/images/players/onpitch/63961.png',
  transfersLeft: 53
}
DEBUG: {
  name: 'RSAwesome 11',
  captainImage: 'https://fantasy.iplt20.com/classic/static-assets/build/images/players/onpitch/66799.png',
  transfersLeft: 62
}
DEBUG: {
  name: 'PKs11',
  captainImage: 'https://fantasy.iplt20.com/classic/static-assets/build/images/players/onpitch/66799.png',
  transfersLeft: 78
}
DEBUG: {
  name: 'Bat Bowl XI',
  captainImage: 'https://fantasy.iplt20.com/classic/static-assets/build/images/players/onpitch/64712.png',
  transfersLeft: 122
}
DEBUG: {
  name: 'RushS01',
  captainImage: 'https://fantasy.iplt20.com/classic/static-assets/build/images/players/onpitch/64712.png',
  transfersLeft: 157
}
📦 Payload ready
📡 Sending LIVE update
📡 POST status: 200
📨 Response: {"success":true}
🏁 END scrape at: 2026-05-07T13:56:15.726Z
==============================


==============================
🚀 START scrape at: 2026-05-07T13:58:01.544Z
📊 Match: { currentMatch: 50, completedPct: 70 }
📊 Rows found: 8
DEBUG: {
  name: 'SquadSeven9',
  captainImage: 'https://fantasy.iplt20.com/classic/static-assets/build/images/players/onpitch/66799.png',
  transfersLeft: 65
}
DEBUG: {
  name: 'Deccan Dominators',
  captainImage: 'https://fantasy.iplt20.com/classic/static-assets/build/images/players/onpitch/66799.png',
  transfersLeft: 57
}
DEBUG: {
  name: 'VATVAGHOOL XI',
  captainImage: 'https://fantasy.iplt20.com/classic/static-assets/build/images/players/onpitch/70222.png',
  transfersLeft: 59
}
DEBUG: {
  name: 'Watapi',
  captainImage: 'https://fantasy.iplt20.com/classic/static-assets/build/images/players/onpitch/63961.png',
  transfersLeft: null
}
DEBUG: {
  name: 'RSAwesome 11',
  captainImage: 'https://fantasy.iplt20.com/classic/static-assets/build/images/players/onpitch/63961.png',
  transfersLeft: null
}
DEBUG: {
  name: 'PKs11',
  captainImage: 'https://fantasy.iplt20.com/classic/static-assets/build/images/players/onpitch/66799.png',
  transfersLeft: 78
}
DEBUG: {
  name: 'Bat Bowl XI',
  captainImage: 'https://fantasy.iplt20.com/classic/static-assets/build/images/players/onpitch/64712.png',
  transfersLeft: 122
}
DEBUG: {
  name: 'RushS01',
  captainImage: 'https://fantasy.iplt20.com/classic/static-assets/build/images/players/onpitch/3852.png',
  transfersLeft: 157
}
📦 Payload ready
📡 Sending LIVE update
📡 POST status: 200
📨 Response: {"success":true}
🏁 END scrape at: 2026-05-07T13:58:16.166Z
==============================


==============================
🚀 START scrape at: 2026-05-07T14:00:00.872Z
📊 Match: { currentMatch: 50, completedPct: 70 }
📊 Rows found: 8
DEBUG: {
  name: 'SquadSeven9',
  captainImage: 'https://fantasy.iplt20.com/classic/static-assets/build/images/players/onpitch/66799.png',
  transfersLeft: 65
}
DEBUG: {
  name: 'Deccan Dominators',
  captainImage: 'https://fantasy.iplt20.com/classic/static-assets/build/images/players/onpitch/66799.png',
  transfersLeft: 57
}
DEBUG: {
  name: 'VATVAGHOOL XI',
  captainImage: 'https://fantasy.iplt20.com/classic/static-assets/build/images/players/onpitch/70222.png',
  transfersLeft: 59
}
DEBUG: {
  name: 'Watapi',
  captainImage: 'https://fantasy.iplt20.com/classic/static-assets/build/images/players/onpitch/63961.png',
  transfersLeft: 53
}
DEBUG: {
  name: 'RSAwesome 11',
  captainImage: 'https://fantasy.iplt20.com/classic/static-assets/build/images/players/onpitch/66799.png',
  transfersLeft: 62
}
DEBUG: {
  name: 'PKs11',
  captainImage: 'https://fantasy.iplt20.com/classic/static-assets/build/images/players/onpitch/66799.png',
  transfersLeft: 78
}
DEBUG: {
  name: 'Bat Bowl XI',
  captainImage: 'https://fantasy.iplt20.com/classic/static-assets/build/images/players/onpitch/64712.png',
  transfersLeft: 122
}
DEBUG: {
  name: 'RushS01',
  captainImage: 'https://fantasy.iplt20.com/classic/static-assets/build/images/players/onpitch/3852.png',
  transfersLeft: 157
}
📦 Payload ready
📡 Sending LIVE update
📡 POST status: 200
📨 Response: {"success":true}
🏁 END scrape at: 2026-05-07T14:00:16.514Z
==============================


==============================
🚀 START scrape at: 2026-05-07T14:02:01.273Z
📊 Match: { currentMatch: 50, completedPct: 70 }
📊 Rows found: 8
DEBUG: {
  name: 'SquadSeven9',
  captainImage: 'https://fantasy.iplt20.com/classic/static-assets/build/images/players/onpitch/3993.png',
  transfersLeft: 62
}
DEBUG: {
  name: 'Deccan Dominators',
  captainImage: 'https://fantasy.iplt20.com/classic/static-assets/build/images/players/onpitch/3993.png',
  transfersLeft: 54
}
DEBUG: {
  name: 'VATVAGHOOL XI',
  captainImage: 'https://fantasy.iplt20.com/classic/static-assets/build/images/players/onpitch/64219.png',
  transfersLeft: 57
}
DEBUG: {
  name: 'Watapi',
  captainImage: 'https://fantasy.iplt20.com/classic/static-assets/build/images/players/onpitch/3993.png',
  transfersLeft: 50
}
DEBUG: {
  name: 'RSAwesome 11',
  captainImage: 'https://fantasy.iplt20.com/classic/static-assets/build/images/players/onpitch/3993.png',
  transfersLeft: 60
}
DEBUG: {
  name: 'PKs11',
  captainImage: 'https://fantasy.iplt20.com/classic/static-assets/build/images/players/onpitch/3993.png',
  transfersLeft: null
}
DEBUG: {
  name: 'Bat Bowl XI',
  captainImage: 'https://fantasy.iplt20.com/classic/static-assets/build/images/players/onpitch/3993.png',
  transfersLeft: 120
}
DEBUG: {
  name: 'RushS01',
  captainImage: 'https://fantasy.iplt20.com/classic/static-assets/build/images/players/onpitch/3852.png',
  transfersLeft: 157
}
📦 Payload ready
📡 Sending LIVE update
📡 POST status: 200
📨 Response: {"success":true}
🏁 END scrape at: 2026-05-07T14:02:17.340Z
==============================


==============================
🚀 START scrape at: 2026-05-07T14:04:01.423Z
📊 Match: { currentMatch: 50, completedPct: 70 }
📊 Rows found: 8
DEBUG: {
  name: 'SquadSeven9',
  captainImage: 'https://fantasy.iplt20.com/classic/static-assets/build/images/players/onpitch/3993.png',
  transfersLeft: 62
}
DEBUG: {
  name: 'Deccan Dominators',
  captainImage: 'https://fantasy.iplt20.com/classic/static-assets/build/images/players/onpitch/3993.png',
  transfersLeft: 54
}
DEBUG: {
  name: 'VATVAGHOOL XI',
  captainImage: 'https://fantasy.iplt20.com/classic/static-assets/build/images/players/onpitch/64219.png',
  transfersLeft: 57
}
DEBUG: {
  name: 'Watapi',
  captainImage: 'https://fantasy.iplt20.com/classic/static-assets/build/images/players/onpitch/3993.png',
  transfersLeft: 50
}
DEBUG: {
  name: 'RSAwesome 11',
  captainImage: 'https://fantasy.iplt20.com/classic/static-assets/build/images/players/onpitch/3993.png',
  transfersLeft: 60
}
DEBUG: {
  name: 'PKs11',
  captainImage: 'https://fantasy.iplt20.com/classic/static-assets/build/images/players/onpitch/3993.png',
  transfersLeft: 76
}
DEBUG: {
  name: 'Bat Bowl XI',
  captainImage: 'https://fantasy.iplt20.com/classic/static-assets/build/images/players/onpitch/85736.png',
  transfersLeft: 120
}
DEBUG: {
  name: 'RushS01',
  captainImage: 'https://fantasy.iplt20.com/classic/static-assets/build/images/players/onpitch/3852.png',
  transfersLeft: 157
}
📦 Payload ready
📡 Sending LIVE update
📡 POST status: 200
📨 Response: {"success":true}
🏁 END scrape at: 2026-05-07T14:04:18.288Z
==============================


==============================
🚀 START scrape at: 2026-05-07T14:06:01.146Z
📊 Match: { currentMatch: 50, completedPct: 70 }
📊 Rows found: 8
DEBUG: {
  name: 'SquadSeven9',
  captainImage: 'https://fantasy.iplt20.com/classic/static-assets/build/images/players/onpitch/3993.png',
  transfersLeft: 62
}
DEBUG: {
  name: 'Deccan Dominators',
  captainImage: 'https://fantasy.iplt20.com/classic/static-assets/build/images/players/onpitch/3993.png',
  transfersLeft: 54
}
DEBUG: {
  name: 'VATVAGHOOL XI',
  captainImage: 'https://fantasy.iplt20.com/classic/static-assets/build/images/players/onpitch/64219.png',
  transfersLeft: 57
}
DEBUG: {
  name: 'Watapi',
  captainImage: 'https://fantasy.iplt20.com/classic/static-assets/build/images/players/onpitch/3993.png',
  transfersLeft: 50
}
DEBUG: {
  name: 'RSAwesome 11',
  captainImage: 'https://fantasy.iplt20.com/classic/static-assets/build/images/players/onpitch/3993.png',
  transfersLeft: 60
}
DEBUG: {
  name: 'PKs11',
  captainImage: 'https://fantasy.iplt20.com/classic/static-assets/build/images/players/onpitch/3993.png',
  transfersLeft: 76
}
DEBUG: {
  name: 'Bat Bowl XI',
  captainImage: 'https://fantasy.iplt20.com/classic/static-assets/build/images/players/onpitch/85736.png',
  transfersLeft: 120
}
DEBUG: {
  name: 'RushS01',
  captainImage: 'https://fantasy.iplt20.com/classic/static-assets/build/images/players/onpitch/3852.png',
  transfersLeft: 157
}
📦 Payload ready
📡 Sending LIVE update
📡 POST status: 200
📨 Response: {"success":true}
🏁 END scrape at: 2026-05-07T14:06:15.146Z
==============================


==============================
🚀 START scrape at: 2026-05-07T14:08:00.865Z
📊 Match: { currentMatch: 50, completedPct: 70 }
📊 Rows found: 8
DEBUG: {
  name: 'SquadSeven9',
  captainImage: 'https://fantasy.iplt20.com/classic/static-assets/build/images/players/onpitch/3993.png',
  transfersLeft: 62
}
DEBUG: {
  name: 'Deccan Dominators',
  captainImage: 'https://fantasy.iplt20.com/classic/static-assets/build/images/players/onpitch/3993.png',
  transfersLeft: 54
}
DEBUG: {
  name: 'VATVAGHOOL XI',
  captainImage: 'https://fantasy.iplt20.com/classic/static-assets/build/images/players/onpitch/64219.png',
  transfersLeft: 57
}
DEBUG: {
  name: 'Watapi',
  captainImage: 'https://fantasy.iplt20.com/classic/static-assets/build/images/players/onpitch/3993.png',
  transfersLeft: 50
}
DEBUG: {
  name: 'RSAwesome 11',
  captainImage: 'https://fantasy.iplt20.com/classic/static-assets/build/images/players/onpitch/3993.png',
  transfersLeft: 60
}
DEBUG: {
  name: 'PKs11',
  captainImage: 'https://fantasy.iplt20.com/classic/static-assets/build/images/players/onpitch/3993.png',
  transfersLeft: 76
}
DEBUG: {
  name: 'Bat Bowl XI',
  captainImage: 'https://fantasy.iplt20.com/classic/static-assets/build/images/players/onpitch/85736.png',
  transfersLeft: 120
}
DEBUG: {
  name: 'RushS01',
  captainImage: 'https://fantasy.iplt20.com/classic/static-assets/build/images/players/onpitch/3852.png',
  transfersLeft: 157
}
📦 Payload ready
📡 Sending LIVE update
📡 POST status: 200
📨 Response: {"success":true}
🏁 END scrape at: 2026-05-07T14:08:16.287Z
==============================


==============================
🚀 START scrape at: 2026-05-07T14:10:01.208Z
📊 Match: { currentMatch: 50, completedPct: 70 }
📊 Rows found: 8
DEBUG: {
  name: 'SquadSeven9',
  captainImage: 'https://fantasy.iplt20.com/classic/static-assets/build/images/players/onpitch/3993.png',
  transfersLeft: 62
}
DEBUG: {
  name: 'Deccan Dominators',
  captainImage: 'https://fantasy.iplt20.com/classic/static-assets/build/images/players/onpitch/3993.png',
  transfersLeft: 54
}
DEBUG: {
  name: 'VATVAGHOOL XI',
  captainImage: 'https://fantasy.iplt20.com/classic/static-assets/build/images/players/onpitch/3993.png',
  transfersLeft: 57
}
DEBUG: {
  name: 'Watapi',
  captainImage: 'https://fantasy.iplt20.com/classic/static-assets/build/images/players/onpitch/3993.png',
  transfersLeft: 50
}
DEBUG: {
  name: 'RSAwesome 11',
  captainImage: 'https://fantasy.iplt20.com/classic/static-assets/build/images/players/onpitch/3993.png',
  transfersLeft: 60
}
DEBUG: {
  name: 'PKs11',
  captainImage: 'https://fantasy.iplt20.com/classic/static-assets/build/images/players/onpitch/3993.png',
  transfersLeft: 76
}
DEBUG: {
  name: 'Bat Bowl XI',
  captainImage: 'https://fantasy.iplt20.com/classic/static-assets/build/images/players/onpitch/85736.png',
  transfersLeft: 120
}
DEBUG: {
  name: 'RushS01',
  captainImage: '/classic/static-assets/build/images/players/onpitch/0.png',
  transfersLeft: null
}
📦 Payload ready
📡 Sending LIVE update
📡 POST status: 200
📨 Response: {"success":true}
🏁 END scrape at: 2026-05-07T14:10:19.355Z
==============================


==============================
🚀 START scrape at: 2026-05-07T14:12:01.470Z
📊 Match: { currentMatch: 50, completedPct: 70 }
📊 Rows found: 8
DEBUG: {
  name: 'SquadSeven9',
  captainImage: 'https://fantasy.iplt20.com/classic/static-assets/build/images/players/onpitch/3993.png',
  transfersLeft: 62
}
DEBUG: {
  name: 'Deccan Dominators',
  captainImage: 'https://fantasy.iplt20.com/classic/static-assets/build/images/players/onpitch/3993.png',
  transfersLeft: 54
}
DEBUG: {
  name: 'VATVAGHOOL XI',
  captainImage: 'https://fantasy.iplt20.com/classic/static-assets/build/images/players/onpitch/64219.png',
  transfersLeft: 57
}
DEBUG: {
  name: 'Watapi',
  captainImage: 'https://fantasy.iplt20.com/classic/static-assets/build/images/players/onpitch/3993.png',
  transfersLeft: 50
}
DEBUG: {
  name: 'RSAwesome 11',
  captainImage: 'https://fantasy.iplt20.com/classic/static-assets/build/images/players/onpitch/3993.png',
  transfersLeft: 60
}
DEBUG: {
  name: 'PKs11',
  captainImage: 'https://fantasy.iplt20.com/classic/static-assets/build/images/players/onpitch/3993.png',
  transfersLeft: 76
}
DEBUG: {
  name: 'Bat Bowl XI',
  captainImage: 'https://fantasy.iplt20.com/classic/static-assets/build/images/players/onpitch/85736.png',
  transfersLeft: 120
}
DEBUG: {
  name: 'RushS01',
  captainImage: '/classic/static-assets/build/images/players/onpitch/0.png',
  transfersLeft: 157
}
📦 Payload ready
📡 Sending LIVE update
📡 POST status: 200
📨 Response: {"success":true}
🏁 END scrape at: 2026-05-07T14:12:16.815Z
==============================


==============================
🚀 START scrape at: 2026-05-07T14:14:01.655Z
📊 Match: { currentMatch: 50, completedPct: 70 }
📊 Rows found: 8
DEBUG: {
  name: 'SquadSeven9',
  captainImage: 'https://fantasy.iplt20.com/classic/static-assets/build/images/players/onpitch/3993.png',
  transfersLeft: 62
}
DEBUG: {
  name: 'Deccan Dominators',
  captainImage: 'https://fantasy.iplt20.com/classic/static-assets/build/images/players/onpitch/3993.png',
  transfersLeft: 54
}
DEBUG: {
  name: 'VATVAGHOOL XI',
  captainImage: 'https://fantasy.iplt20.com/classic/static-assets/build/images/players/onpitch/64219.png',
  transfersLeft: 57
}
DEBUG: {
  name: 'Watapi',
  captainImage: 'https://fantasy.iplt20.com/classic/static-assets/build/images/players/onpitch/3993.png',
  transfersLeft: 50
}
DEBUG: {
  name: 'RSAwesome 11',
  captainImage: 'https://fantasy.iplt20.com/classic/static-assets/build/images/players/onpitch/3993.png',
  transfersLeft: 60
}
DEBUG: {
  name: 'PKs11',
  captainImage: 'https://fantasy.iplt20.com/classic/static-assets/build/images/players/onpitch/3993.png',
  transfersLeft: null
}
DEBUG: {
  name: 'Bat Bowl XI',
  captainImage: 'https://fantasy.iplt20.com/classic/static-assets/build/images/players/onpitch/85736.png',
  transfersLeft: 120
}
DEBUG: {
  name: 'RushS01',
  captainImage: '/classic/static-assets/build/images/players/onpitch/0.png',
  transfersLeft: 157
}
📦 Payload ready
📡 Sending LIVE update
📡 POST status: 200
📨 Response: {"success":true}
🏁 END scrape at: 2026-05-07T14:14:16.352Z
==============================


==============================
🚀 START scrape at: 2026-05-07T14:16:01.849Z
📊 Match: { currentMatch: 50, completedPct: 70 }
📊 Rows found: 8
DEBUG: {
  name: 'SquadSeven9',
  captainImage: 'https://fantasy.iplt20.com/classic/static-assets/build/images/players/onpitch/3993.png',
  transfersLeft: 62
}
DEBUG: {
  name: 'Deccan Dominators',
  captainImage: 'https://fantasy.iplt20.com/classic/static-assets/build/images/players/onpitch/3993.png',
  transfersLeft: 54
}
DEBUG: {
  name: 'VATVAGHOOL XI',
  captainImage: 'https://fantasy.iplt20.com/classic/static-assets/build/images/players/onpitch/64219.png',
  transfersLeft: 57
}
DEBUG: {
  name: 'Watapi',
  captainImage: 'https://fantasy.iplt20.com/classic/static-assets/build/images/players/onpitch/3993.png',
  transfersLeft: 50
}
DEBUG: {
  name: 'RSAwesome 11',
  captainImage: 'https://fantasy.iplt20.com/classic/static-assets/build/images/players/onpitch/3993.png',
  transfersLeft: 60
}
DEBUG: {
  name: 'PKs11',
  captainImage: 'https://fantasy.iplt20.com/classic/static-assets/build/images/players/onpitch/3993.png',
  transfersLeft: 76
}
DEBUG: {
  name: 'Bat Bowl XI',
  captainImage: 'https://fantasy.iplt20.com/classic/static-assets/build/images/players/onpitch/85736.png',
  transfersLeft: 120
}
DEBUG: {
  name: 'RushS01',
  captainImage: 'https://fantasy.iplt20.com/classic/static-assets/build/images/players/onpitch/3852.png',
  transfersLeft: 157
}
📦 Payload ready
📡 Sending LIVE update
📡 POST status: 200
📨 Response: {"success":true}
🏁 END scrape at: 2026-05-07T14:16:20.208Z
==============================


==============================
🚀 START scrape at: 2026-05-07T14:18:01.384Z
📊 Match: { currentMatch: 50, completedPct: 70 }
📊 Rows found: 8
DEBUG: {
  name: 'SquadSeven9',
  captainImage: 'https://fantasy.iplt20.com/classic/static-assets/build/images/players/onpitch/3993.png',
  transfersLeft: 62
}
DEBUG: {
  name: 'Deccan Dominators',
  captainImage: 'https://fantasy.iplt20.com/classic/static-assets/build/images/players/onpitch/3993.png',
  transfersLeft: 54
}
DEBUG: {
  name: 'VATVAGHOOL XI',
  captainImage: 'https://fantasy.iplt20.com/classic/static-assets/build/images/players/onpitch/64219.png',
  transfersLeft: 57
}
DEBUG: {
  name: 'Watapi',
  captainImage: 'https://fantasy.iplt20.com/classic/static-assets/build/images/players/onpitch/3993.png',
  transfersLeft: 50
}
DEBUG: {
  name: 'RSAwesome 11',
  captainImage: 'https://fantasy.iplt20.com/classic/static-assets/build/images/players/onpitch/3993.png',
  transfersLeft: null
}
DEBUG: {
  name: 'PKs11',
  captainImage: 'https://fantasy.iplt20.com/classic/static-assets/build/images/players/onpitch/3993.png',
  transfersLeft: 76
}
DEBUG: {
  name: 'Bat Bowl XI',
  captainImage: 'https://fantasy.iplt20.com/classic/static-assets/build/images/players/onpitch/85736.png',
  transfersLeft: 120
}
DEBUG: {
  name: 'RushS01',
  captainImage: 'https://fantasy.iplt20.com/classic/static-assets/build/images/players/onpitch/85736.png',
  transfersLeft: 157
}
📦 Payload ready
📡 Sending LIVE update
📡 POST status: 200
📨 Response: {"success":true}
🏁 END scrape at: 2026-05-07T14:18:19.427Z
==============================


==============================
🚀 START scrape at: 2026-05-07T14:20:01.168Z
📊 Match: { currentMatch: 50, completedPct: 70 }
📊 Rows found: 8
DEBUG: {
  name: 'SquadSeven9',
  captainImage: 'https://fantasy.iplt20.com/classic/static-assets/build/images/players/onpitch/3993.png',
  transfersLeft: 62
}
DEBUG: {
  name: 'Deccan Dominators',
  captainImage: 'https://fantasy.iplt20.com/classic/static-assets/build/images/players/onpitch/3993.png',
  transfersLeft: 54
}
DEBUG: {
  name: 'VATVAGHOOL XI',
  captainImage: 'https://fantasy.iplt20.com/classic/static-assets/build/images/players/onpitch/64219.png',
  transfersLeft: 57
}
DEBUG: {
  name: 'Watapi',
  captainImage: 'https://fantasy.iplt20.com/classic/static-assets/build/images/players/onpitch/64219.png',
  transfersLeft: 50
}
DEBUG: {
  name: 'RSAwesome 11',
  captainImage: 'https://fantasy.iplt20.com/classic/static-assets/build/images/players/onpitch/3993.png',
  transfersLeft: 60
}
DEBUG: {
  name: 'PKs11',
  captainImage: 'https://fantasy.iplt20.com/classic/static-assets/build/images/players/onpitch/3993.png',
  transfersLeft: 76
}
DEBUG: {
  name: 'Bat Bowl XI',
  captainImage: 'https://fantasy.iplt20.com/classic/static-assets/build/images/players/onpitch/85736.png',
  transfersLeft: 120
}
DEBUG: {
  name: 'RushS01',
  captainImage: 'https://fantasy.iplt20.com/classic/static-assets/build/images/players/onpitch/3852.png',
  transfersLeft: 157
}
📦 Payload ready
📡 Sending LIVE update
📡 POST status: 200
📨 Response: {"success":true}
🏁 END scrape at: 2026-05-07T14:20:15.894Z
==============================


==============================
🚀 START scrape at: 2026-05-07T14:22:00.775Z
📊 Match: { currentMatch: 50, completedPct: 70 }
📊 Rows found: 8
DEBUG: {
  name: 'SquadSeven9',
  captainImage: 'https://fantasy.iplt20.com/classic/static-assets/build/images/players/onpitch/3993.png',
  transfersLeft: 62
}
DEBUG: {
  name: 'Deccan Dominators',
  captainImage: 'https://fantasy.iplt20.com/classic/static-assets/build/images/players/onpitch/3993.png',
  transfersLeft: 54
}
DEBUG: {
  name: 'VATVAGHOOL XI',
  captainImage: 'https://fantasy.iplt20.com/classic/static-assets/build/images/players/onpitch/64219.png',
  transfersLeft: 57
}
DEBUG: {
  name: 'Watapi',
  captainImage: 'https://fantasy.iplt20.com/classic/static-assets/build/images/players/onpitch/3993.png',
  transfersLeft: 50
}
DEBUG: {
  name: 'RSAwesome 11',
  captainImage: 'https://fantasy.iplt20.com/classic/static-assets/build/images/players/onpitch/3993.png',
  transfersLeft: 60
}
DEBUG: {
  name: 'PKs11',
  captainImage: 'https://fantasy.iplt20.com/classic/static-assets/build/images/players/onpitch/3993.png',
  transfersLeft: 76
}
DEBUG: {
  name: 'Bat Bowl XI',
  captainImage: 'https://fantasy.iplt20.com/classic/static-assets/build/images/players/onpitch/85736.png',
  transfersLeft: 120
}
DEBUG: {
  name: 'RushS01',
  captainImage: 'https://fantasy.iplt20.com/classic/static-assets/build/images/players/onpitch/3852.png',
  transfersLeft: 157
}
📦 Payload ready
📡 Sending LIVE update
📡 POST status: 200
📨 Response: {"success":true}
🏁 END scrape at: 2026-05-07T14:22:16.359Z
==============================


==============================
🚀 START scrape at: 2026-05-07T14:24:01.193Z
📊 Match: { currentMatch: 50, completedPct: 70 }
📊 Rows found: 8
DEBUG: {
  name: 'SquadSeven9',
  captainImage: 'https://fantasy.iplt20.com/classic/static-assets/build/images/players/onpitch/3993.png',
  transfersLeft: 62
}
DEBUG: {
  name: 'Deccan Dominators',
  captainImage: 'https://fantasy.iplt20.com/classic/static-assets/build/images/players/onpitch/3993.png',
  transfersLeft: 54
}
DEBUG: {
  name: 'VATVAGHOOL XI',
  captainImage: 'https://fantasy.iplt20.com/classic/static-assets/build/images/players/onpitch/64219.png',
  transfersLeft: 57
}
DEBUG: {
  name: 'Watapi',
  captainImage: 'https://fantasy.iplt20.com/classic/static-assets/build/images/players/onpitch/3993.png',
  transfersLeft: 50
}
DEBUG: {
  name: 'RSAwesome 11',
  captainImage: 'https://fantasy.iplt20.com/classic/static-assets/build/images/players/onpitch/3993.png',
  transfersLeft: 60
}
DEBUG: {
  name: 'PKs11',
  captainImage: 'https://fantasy.iplt20.com/classic/static-assets/build/images/players/onpitch/3993.png',
  transfersLeft: 76
}
DEBUG: {
  name: 'Bat Bowl XI',
  captainImage: 'https://fantasy.iplt20.com/classic/static-assets/build/images/players/onpitch/85736.png',
  transfersLeft: 120
}
DEBUG: {
  name: 'RushS01',
  captainImage: 'https://fantasy.iplt20.com/classic/static-assets/build/images/players/onpitch/3852.png',
  transfersLeft: 157
}
📦 Payload ready
📡 Sending LIVE update
📡 POST status: 200
📨 Response: {"success":true}
🏁 END scrape at: 2026-05-07T14:24:16.981Z
==============================


==============================
🚀 START scrape at: 2026-05-07T14:26:00.695Z
📊 Match: { currentMatch: 50, completedPct: 70 }
📊 Rows found: 8
DEBUG: {
  name: 'SquadSeven9',
  captainImage: 'https://fantasy.iplt20.com/classic/static-assets/build/images/players/onpitch/3993.png',
  transfersLeft: 62
}
DEBUG: {
  name: 'Deccan Dominators',
  captainImage: 'https://fantasy.iplt20.com/classic/static-assets/build/images/players/onpitch/3993.png',
  transfersLeft: 54
}
DEBUG: {
  name: 'VATVAGHOOL XI',
  captainImage: 'https://fantasy.iplt20.com/classic/static-assets/build/images/players/onpitch/64219.png',
  transfersLeft: 57
}
DEBUG: {
  name: 'Watapi',
  captainImage: 'https://fantasy.iplt20.com/classic/static-assets/build/images/players/onpitch/3993.png',
  transfersLeft: 50
}
DEBUG: {
  name: 'RSAwesome 11',
  captainImage: 'https://fantasy.iplt20.com/classic/static-assets/build/images/players/onpitch/3993.png',
  transfersLeft: 60
}
DEBUG: {
  name: 'PKs11',
  captainImage: 'https://fantasy.iplt20.com/classic/static-assets/build/images/players/onpitch/3993.png',
  transfersLeft: 76
}
DEBUG: {
  name: 'Bat Bowl XI',
  captainImage: 'https://fantasy.iplt20.com/classic/static-assets/build/images/players/onpitch/85736.png',
  transfersLeft: 120
}
DEBUG: {
  name: 'RushS01',
  captainImage: 'https://fantasy.iplt20.com/classic/static-assets/build/images/players/onpitch/3852.png',
  transfersLeft: 157
}
📦 Payload ready
📡 Sending LIVE update
📡 POST status: 200
📨 Response: {"success":true}
🏁 END scrape at: 2026-05-07T14:26:14.388Z
==============================


==============================
🚀 START scrape at: 2026-05-07T14:28:01.380Z
📊 Match: { currentMatch: 50, completedPct: 70 }
📊 Rows found: 8
DEBUG: {
  name: 'SquadSeven9',
  captainImage: 'https://fantasy.iplt20.com/classic/static-assets/build/images/players/onpitch/3993.png',
  transfersLeft: 62
}
DEBUG: {
  name: 'Deccan Dominators',
  captainImage: 'https://fantasy.iplt20.com/classic/static-assets/build/images/players/onpitch/3993.png',
  transfersLeft: 54
}
DEBUG: {
  name: 'VATVAGHOOL XI',
  captainImage: 'https://fantasy.iplt20.com/classic/static-assets/build/images/players/onpitch/64219.png',
  transfersLeft: 57
}
DEBUG: {
  name: 'Watapi',
  captainImage: 'https://fantasy.iplt20.com/classic/static-assets/build/images/players/onpitch/3993.png',
  transfersLeft: 50
}
DEBUG: {
  name: 'RSAwesome 11',
  captainImage: 'https://fantasy.iplt20.com/classic/static-assets/build/images/players/onpitch/3993.png',
  transfersLeft: 60
}
DEBUG: {
  name: 'PKs11',
  captainImage: 'https://fantasy.iplt20.com/classic/static-assets/build/images/players/onpitch/3993.png',
  transfersLeft: 76
}
DEBUG: {
  name: 'Bat Bowl XI',
  captainImage: 'https://fantasy.iplt20.com/classic/static-assets/build/images/players/onpitch/85736.png',
  transfersLeft: 120
}
DEBUG: {
  name: 'RushS01',
  captainImage: 'https://fantasy.iplt20.com/classic/static-assets/build/images/players/onpitch/3852.png',
  transfersLeft: 157
}
📦 Payload ready
📡 Sending LIVE update
📡 POST status: 200
📨 Response: {"success":true}
🏁 END scrape at: 2026-05-07T14:28:15.883Z
==============================


==============================
🚀 START scrape at: 2026-05-07T14:30:00.658Z
📊 Match: { currentMatch: 50, completedPct: 70 }
📊 Rows found: 8
DEBUG: {
  name: 'SquadSeven9',
  captainImage: 'https://fantasy.iplt20.com/classic/static-assets/build/images/players/onpitch/3993.png',
  transfersLeft: 62
}
DEBUG: {
  name: 'Deccan Dominators',
  captainImage: 'https://fantasy.iplt20.com/classic/static-assets/build/images/players/onpitch/3993.png',
  transfersLeft: 54
}
DEBUG: {
  name: 'VATVAGHOOL XI',
  captainImage: 'https://fantasy.iplt20.com/classic/static-assets/build/images/players/onpitch/64219.png',
  transfersLeft: 57
}
DEBUG: {
  name: 'Watapi',
  captainImage: 'https://fantasy.iplt20.com/classic/static-assets/build/images/players/onpitch/3993.png',
  transfersLeft: 50
}
DEBUG: {
  name: 'RSAwesome 11',
  captainImage: 'https://fantasy.iplt20.com/classic/static-assets/build/images/players/onpitch/3993.png',
  transfersLeft: 60
}
DEBUG: {
  name: 'PKs11',
  captainImage: 'https://fantasy.iplt20.com/classic/static-assets/build/images/players/onpitch/3993.png',
  transfersLeft: 76
}
DEBUG: {
  name: 'Bat Bowl XI',
  captainImage: 'https://fantasy.iplt20.com/classic/static-assets/build/images/players/onpitch/85736.png',
  transfersLeft: 120
}
DEBUG: {
  name: 'RushS01',
  captainImage: 'https://fantasy.iplt20.com/classic/static-assets/build/images/players/onpitch/3852.png',
  transfersLeft: 157
}
📦 Payload ready
📡 Sending LIVE update
📡 POST status: 200
📨 Response: {"success":true}
🏁 END scrape at: 2026-05-07T14:30:16.551Z
==============================


==============================
🚀 START scrape at: 2026-05-07T14:32:01.691Z
📊 Match: { currentMatch: 50, completedPct: 70 }
📊 Rows found: 8
DEBUG: {
  name: 'SquadSeven9',
  captainImage: 'https://fantasy.iplt20.com/classic/static-assets/build/images/players/onpitch/3993.png',
  transfersLeft: 62
}
DEBUG: {
  name: 'Deccan Dominators',
  captainImage: 'https://fantasy.iplt20.com/classic/static-assets/build/images/players/onpitch/3993.png',
  transfersLeft: 54
}
DEBUG: {
  name: 'VATVAGHOOL XI',
  captainImage: 'https://fantasy.iplt20.com/classic/static-assets/build/images/players/onpitch/64219.png',
  transfersLeft: 57
}
DEBUG: {
  name: 'Watapi',
  captainImage: 'https://fantasy.iplt20.com/classic/static-assets/build/images/players/onpitch/3993.png',
  transfersLeft: 50
}
DEBUG: {
  name: 'RSAwesome 11',
  captainImage: 'https://fantasy.iplt20.com/classic/static-assets/build/images/players/onpitch/3993.png',
  transfersLeft: 60
}
DEBUG: {
  name: 'PKs11',
  captainImage: 'https://fantasy.iplt20.com/classic/static-assets/build/images/players/onpitch/3993.png',
  transfersLeft: 76
}
DEBUG: {
  name: 'Bat Bowl XI',
  captainImage: 'https://fantasy.iplt20.com/classic/static-assets/build/images/players/onpitch/85736.png',
  transfersLeft: 120
}
DEBUG: {
  name: 'RushS01',
  captainImage: 'https://fantasy.iplt20.com/classic/static-assets/build/images/players/onpitch/3852.png',
  transfersLeft: 157
}
📦 Payload ready
📡 Sending LIVE update
📡 POST status: 200
📨 Response: {"success":true}
🏁 END scrape at: 2026-05-07T14:32:18.125Z
==============================


==============================
🚀 START scrape at: 2026-05-07T14:34:01.063Z
📊 Match: { currentMatch: 50, completedPct: 70 }
📊 Rows found: 8
DEBUG: {
  name: 'SquadSeven9',
  captainImage: 'https://fantasy.iplt20.com/classic/static-assets/build/images/players/onpitch/3993.png',
  transfersLeft: 62
}
DEBUG: {
  name: 'Deccan Dominators',
  captainImage: 'https://fantasy.iplt20.com/classic/static-assets/build/images/players/onpitch/3993.png',
  transfersLeft: 54
}
DEBUG: {
  name: 'VATVAGHOOL XI',
  captainImage: 'https://fantasy.iplt20.com/classic/static-assets/build/images/players/onpitch/64219.png',
  transfersLeft: 57
}
DEBUG: {
  name: 'Watapi',
  captainImage: 'https://fantasy.iplt20.com/classic/static-assets/build/images/players/onpitch/3993.png',
  transfersLeft: 50
}
DEBUG: {
  name: 'RSAwesome 11',
  captainImage: 'https://fantasy.iplt20.com/classic/static-assets/build/images/players/onpitch/3993.png',
  transfersLeft: 60
}
DEBUG: {
  name: 'PKs11',
  captainImage: 'https://fantasy.iplt20.com/classic/static-assets/build/images/players/onpitch/3993.png',
  transfersLeft: 76
}
DEBUG: {
  name: 'Bat Bowl XI',
  captainImage: 'https://fantasy.iplt20.com/classic/static-assets/build/images/players/onpitch/85736.png',
  transfersLeft: 120
}
DEBUG: {
  name: 'RushS01',
  captainImage: 'https://fantasy.iplt20.com/classic/static-assets/build/images/players/onpitch/3852.png',
  transfersLeft: 157
}
📦 Payload ready
📡 Sending LIVE update
📡 POST status: 200
📨 Response: {"success":true}
🏁 END scrape at: 2026-05-07T14:34:16.677Z
==============================


==============================
🚀 START scrape at: 2026-05-07T14:36:01.638Z
📊 Match: { currentMatch: 50, completedPct: 70 }
📊 Rows found: 8
DEBUG: {
  name: 'SquadSeven9',
  captainImage: 'https://fantasy.iplt20.com/classic/static-assets/build/images/players/onpitch/3993.png',
  transfersLeft: 62
}
DEBUG: {
  name: 'Deccan Dominators',
  captainImage: 'https://fantasy.iplt20.com/classic/static-assets/build/images/players/onpitch/3993.png',
  transfersLeft: 54
}
DEBUG: {
  name: 'VATVAGHOOL XI',
  captainImage: 'https://fantasy.iplt20.com/classic/static-assets/build/images/players/onpitch/64219.png',
  transfersLeft: 57
}
DEBUG: {
  name: 'Watapi',
  captainImage: 'https://fantasy.iplt20.com/classic/static-assets/build/images/players/onpitch/3993.png',
  transfersLeft: 50
}
DEBUG: {
  name: 'RSAwesome 11',
  captainImage: 'https://fantasy.iplt20.com/classic/static-assets/build/images/players/onpitch/3993.png',
  transfersLeft: 60
}
DEBUG: {
  name: 'PKs11',
  captainImage: 'https://fantasy.iplt20.com/classic/static-assets/build/images/players/onpitch/3993.png',
  transfersLeft: 76
}
DEBUG: {
  name: 'Bat Bowl XI',
  captainImage: 'https://fantasy.iplt20.com/classic/static-assets/build/images/players/onpitch/85736.png',
  transfersLeft: 120
}
DEBUG: {
  name: 'RushS01',
  captainImage: 'https://fantasy.iplt20.com/classic/static-assets/build/images/players/onpitch/3852.png',
  transfersLeft: 157
}
📦 Payload ready
📡 Sending LIVE update
📡 POST status: 200
📨 Response: {"success":true}
🏁 END scrape at: 2026-05-07T14:36:18.695Z
==============================


==============================
🚀 START scrape at: 2026-05-07T14:38:01.834Z
📊 Match: { currentMatch: 50, completedPct: 70 }
📊 Rows found: 8
DEBUG: {
  name: 'SquadSeven9',
  captainImage: 'https://fantasy.iplt20.com/classic/static-assets/build/images/players/onpitch/3993.png',
  transfersLeft: 62
}
DEBUG: {
  name: 'Deccan Dominators',
  captainImage: 'https://fantasy.iplt20.com/classic/static-assets/build/images/players/onpitch/3993.png',
  transfersLeft: 54
}
DEBUG: {
  name: 'VATVAGHOOL XI',
  captainImage: 'https://fantasy.iplt20.com/classic/static-assets/build/images/players/onpitch/64219.png',
  transfersLeft: 57
}
DEBUG: {
  name: 'Watapi',
  captainImage: 'https://fantasy.iplt20.com/classic/static-assets/build/images/players/onpitch/3993.png',
  transfersLeft: 50
}
DEBUG: {
  name: 'RSAwesome 11',
  captainImage: 'https://fantasy.iplt20.com/classic/static-assets/build/images/players/onpitch/3993.png',
  transfersLeft: 60
}
DEBUG: {
  name: 'PKs11',
  captainImage: 'https://fantasy.iplt20.com/classic/static-assets/build/images/players/onpitch/3993.png',
  transfersLeft: 76
}
DEBUG: {
  name: 'Bat Bowl XI',
  captainImage: 'https://fantasy.iplt20.com/classic/static-assets/build/images/players/onpitch/3993.png',
  transfersLeft: null
}
DEBUG: {
  name: 'RushS01',
  captainImage: 'https://fantasy.iplt20.com/classic/static-assets/build/images/players/onpitch/3993.png',
  transfersLeft: null
}
📦 Payload ready
📡 Sending LIVE update
📡 POST status: 200
📨 Response: {"success":true}
🏁 END scrape at: 2026-05-07T14:38:17.591Z
==============================


==============================
🚀 START scrape at: 2026-05-07T14:40:01.361Z
📊 Match: { currentMatch: 50, completedPct: 70 }
📊 Rows found: 8
DEBUG: {
  name: 'SquadSeven9',
  captainImage: 'https://fantasy.iplt20.com/classic/static-assets/build/images/players/onpitch/3993.png',
  transfersLeft: 62
}
DEBUG: {
  name: 'Deccan Dominators',
  captainImage: 'https://fantasy.iplt20.com/classic/static-assets/build/images/players/onpitch/3993.png',
  transfersLeft: 54
}
DEBUG: {
  name: 'VATVAGHOOL XI',
  captainImage: 'https://fantasy.iplt20.com/classic/static-assets/build/images/players/onpitch/64219.png',
  transfersLeft: 57
}
DEBUG: {
  name: 'Watapi',
  captainImage: 'https://fantasy.iplt20.com/classic/static-assets/build/images/players/onpitch/3993.png',
  transfersLeft: 50
}
DEBUG: {
  name: 'RSAwesome 11',
  captainImage: 'https://fantasy.iplt20.com/classic/static-assets/build/images/players/onpitch/3993.png',
  transfersLeft: 60
}
DEBUG: {
  name: 'PKs11',
  captainImage: 'https://fantasy.iplt20.com/classic/static-assets/build/images/players/onpitch/3993.png',
  transfersLeft: 76
}
DEBUG: {
  name: 'Bat Bowl XI',
  captainImage: 'https://fantasy.iplt20.com/classic/static-assets/build/images/players/onpitch/85736.png',
  transfersLeft: 120
}
DEBUG: {
  name: 'RushS01',
  captainImage: 'https://fantasy.iplt20.com/classic/static-assets/build/images/players/onpitch/3852.png',
  transfersLeft: 157
}
📦 Payload ready
📡 Sending LIVE update
📡 POST status: 200
📨 Response: {"success":true}
🏁 END scrape at: 2026-05-07T14:40:15.169Z
==============================


==============================
🚀 START scrape at: 2026-05-07T14:42:00.846Z
📊 Match: { currentMatch: 50, completedPct: 70 }
📊 Rows found: 8
DEBUG: {
  name: 'SquadSeven9',
  captainImage: 'https://fantasy.iplt20.com/classic/static-assets/build/images/players/onpitch/3993.png',
  transfersLeft: 62
}
DEBUG: {
  name: 'Deccan Dominators',
  captainImage: 'https://fantasy.iplt20.com/classic/static-assets/build/images/players/onpitch/3993.png',
  transfersLeft: null
}
DEBUG: {
  name: 'VATVAGHOOL XI',
  captainImage: 'https://fantasy.iplt20.com/classic/static-assets/build/images/players/onpitch/3993.png',
  transfersLeft: null
}
DEBUG: {
  name: 'Watapi',
  captainImage: 'https://fantasy.iplt20.com/classic/static-assets/build/images/players/onpitch/3993.png',
  transfersLeft: 50
}
DEBUG: {
  name: 'RSAwesome 11',
  captainImage: 'https://fantasy.iplt20.com/classic/static-assets/build/images/players/onpitch/3993.png',
  transfersLeft: 60
}
DEBUG: {
  name: 'PKs11',
  captainImage: 'https://fantasy.iplt20.com/classic/static-assets/build/images/players/onpitch/3993.png',
  transfersLeft: 76
}
DEBUG: {
  name: 'Bat Bowl XI',
  captainImage: 'https://fantasy.iplt20.com/classic/static-assets/build/images/players/onpitch/3993.png',
  transfersLeft: null
}
DEBUG: {
  name: 'RushS01',
  captainImage: 'https://fantasy.iplt20.com/classic/static-assets/build/images/players/onpitch/3993.png',
  transfersLeft: 157
}
📦 Payload ready
📡 Sending LIVE update
📡 POST status: 200
📨 Response: {"success":true}
🏁 END scrape at: 2026-05-07T14:42:14.940Z
==============================


==============================
🚀 START scrape at: 2026-05-07T14:44:00.492Z
📊 Match: { currentMatch: 50, completedPct: 70 }
📊 Rows found: 8
DEBUG: {
  name: 'SquadSeven9',
  captainImage: 'https://fantasy.iplt20.com/classic/static-assets/build/images/players/onpitch/3993.png',
  transfersLeft: 62
}
DEBUG: {
  name: 'Deccan Dominators',
  captainImage: 'https://fantasy.iplt20.com/classic/static-assets/build/images/players/onpitch/3993.png',
  transfersLeft: 54
}
DEBUG: {
  name: 'VATVAGHOOL XI',
  captainImage: 'https://fantasy.iplt20.com/classic/static-assets/build/images/players/onpitch/64219.png',
  transfersLeft: 57
}
DEBUG: {
  name: 'Watapi',
  captainImage: 'https://fantasy.iplt20.com/classic/static-assets/build/images/players/onpitch/3993.png',
  transfersLeft: 50
}
DEBUG: {
  name: 'RSAwesome 11',
  captainImage: 'https://fantasy.iplt20.com/classic/static-assets/build/images/players/onpitch/3993.png',
  transfersLeft: 60
}
DEBUG: {
  name: 'PKs11',
  captainImage: 'https://fantasy.iplt20.com/classic/static-assets/build/images/players/onpitch/3993.png',
  transfersLeft: 76
}
DEBUG: {
  name: 'Bat Bowl XI',
  captainImage: 'https://fantasy.iplt20.com/classic/static-assets/build/images/players/onpitch/85736.png',
  transfersLeft: 120
}
DEBUG: {
  name: 'RushS01',
  captainImage: 'https://fantasy.iplt20.com/classic/static-assets/build/images/players/onpitch/3852.png',
  transfersLeft: 157
}
📦 Payload ready
📡 Sending LIVE update
📡 POST status: 200
📨 Response: {"success":true}
🏁 END scrape at: 2026-05-07T14:44:13.562Z
==============================


==============================
🚀 START scrape at: 2026-05-07T14:46:01.266Z
📊 Match: { currentMatch: 50, completedPct: 70 }
📊 Rows found: 8
DEBUG: {
  name: 'SquadSeven9',
  captainImage: 'https://fantasy.iplt20.com/classic/static-assets/build/images/players/onpitch/3993.png',
  transfersLeft: 62
}
DEBUG: {
  name: 'Deccan Dominators',
  captainImage: 'https://fantasy.iplt20.com/classic/static-assets/build/images/players/onpitch/3993.png',
  transfersLeft: 54
}
DEBUG: {
  name: 'VATVAGHOOL XI',
  captainImage: 'https://fantasy.iplt20.com/classic/static-assets/build/images/players/onpitch/64219.png',
  transfersLeft: 57
}
DEBUG: {
  name: 'Watapi',
  captainImage: 'https://fantasy.iplt20.com/classic/static-assets/build/images/players/onpitch/3993.png',
  transfersLeft: 50
}
DEBUG: {
  name: 'RSAwesome 11',
  captainImage: 'https://fantasy.iplt20.com/classic/static-assets/build/images/players/onpitch/3993.png',
  transfersLeft: 60
}
DEBUG: {
  name: 'PKs11',
  captainImage: 'https://fantasy.iplt20.com/classic/static-assets/build/images/players/onpitch/3993.png',
  transfersLeft: 76
}
DEBUG: {
  name: 'Bat Bowl XI',
  captainImage: 'https://fantasy.iplt20.com/classic/static-assets/build/images/players/onpitch/85736.png',
  transfersLeft: 120
}
DEBUG: {
  name: 'RushS01',
  captainImage: 'https://fantasy.iplt20.com/classic/static-assets/build/images/players/onpitch/3852.png',
  transfersLeft: 157
}
📦 Payload ready
📡 Sending LIVE update
📡 POST status: 200
📨 Response: {"success":true}
🏁 END scrape at: 2026-05-07T14:46:14.092Z
==============================


==============================
🚀 START scrape at: 2026-05-07T14:48:00.930Z
📊 Match: { currentMatch: 50, completedPct: 70 }
📊 Rows found: 8
DEBUG: {
  name: 'SquadSeven9',
  captainImage: 'https://fantasy.iplt20.com/classic/static-assets/build/images/players/onpitch/3993.png',
  transfersLeft: 62
}
DEBUG: {
  name: 'Deccan Dominators',
  captainImage: 'https://fantasy.iplt20.com/classic/static-assets/build/images/players/onpitch/3993.png',
  transfersLeft: 54
}
DEBUG: {
  name: 'VATVAGHOOL XI',
  captainImage: 'https://fantasy.iplt20.com/classic/static-assets/build/images/players/onpitch/64219.png',
  transfersLeft: 57
}
DEBUG: {
  name: 'Watapi',
  captainImage: 'https://fantasy.iplt20.com/classic/static-assets/build/images/players/onpitch/3993.png',
  transfersLeft: 50
}
DEBUG: {
  name: 'RSAwesome 11',
  captainImage: 'https://fantasy.iplt20.com/classic/static-assets/build/images/players/onpitch/3993.png',
  transfersLeft: null
}
DEBUG: {
  name: 'PKs11',
  captainImage: 'https://fantasy.iplt20.com/classic/static-assets/build/images/players/onpitch/3993.png',
  transfersLeft: null
}
DEBUG: {
  name: 'Bat Bowl XI',
  captainImage: 'https://fantasy.iplt20.com/classic/static-assets/build/images/players/onpitch/85736.png',
  transfersLeft: 120
}
DEBUG: {
  name: 'RushS01',
  captainImage: 'https://fantasy.iplt20.com/classic/static-assets/build/images/players/onpitch/85736.png',
  transfersLeft: 157
}
📦 Payload ready
📡 Sending LIVE update
📡 POST status: 200
📨 Response: {"success":true}
🏁 END scrape at: 2026-05-07T14:48:14.862Z
==============================


==============================
🚀 START scrape at: 2026-05-07T14:50:00.956Z
📊 Match: { currentMatch: 50, completedPct: 70 }
📊 Rows found: 8
DEBUG: {
  name: 'SquadSeven9',
  captainImage: '/classic/static-assets/build/images/players/onpitch/0.png',
  transfersLeft: 62
}
DEBUG: {
  name: 'Deccan Dominators',
  captainImage: 'https://fantasy.iplt20.com/classic/static-assets/build/images/players/onpitch/3993.png',
  transfersLeft: null
}
DEBUG: {
  name: 'VATVAGHOOL XI',
  captainImage: 'https://fantasy.iplt20.com/classic/static-assets/build/images/players/onpitch/3993.png',
  transfersLeft: null
}
DEBUG: {
  name: 'Watapi',
  captainImage: 'https://fantasy.iplt20.com/classic/static-assets/build/images/players/onpitch/3993.png',
  transfersLeft: 50
}
DEBUG: {
  name: 'RSAwesome 11',
  captainImage: 'https://fantasy.iplt20.com/classic/static-assets/build/images/players/onpitch/3993.png',
  transfersLeft: 60
}
DEBUG: {
  name: 'PKs11',
  captainImage: 'https://fantasy.iplt20.com/classic/static-assets/build/images/players/onpitch/3993.png',
  transfersLeft: null
}
DEBUG: {
  name: 'Bat Bowl XI',
  captainImage: 'https://fantasy.iplt20.com/classic/static-assets/build/images/players/onpitch/3993.png',
  transfersLeft: null
}
DEBUG: {
  name: 'RushS01',
  captainImage: 'https://fantasy.iplt20.com/classic/static-assets/build/images/players/onpitch/3993.png',
  transfersLeft: null
}
📦 Payload ready
❌ Payload invalid
🏁 END scrape at: 2026-05-07T14:50:14.806Z
==============================


==============================
🚀 START scrape at: 2026-05-07T14:52:01.808Z
📊 Match: { currentMatch: 50, completedPct: 70 }
📊 Rows found: 8
DEBUG: {
  name: 'SquadSeven9',
  captainImage: 'https://fantasy.iplt20.com/classic/static-assets/build/images/players/onpitch/3993.png',
  transfersLeft: 62
}
DEBUG: {
  name: 'Deccan Dominators',
  captainImage: 'https://fantasy.iplt20.com/classic/static-assets/build/images/players/onpitch/3993.png',
  transfersLeft: 54
}
DEBUG: {
  name: 'VATVAGHOOL XI',
  captainImage: 'https://fantasy.iplt20.com/classic/static-assets/build/images/players/onpitch/64219.png',
  transfersLeft: 57
}
DEBUG: {
  name: 'Watapi',
  captainImage: 'https://fantasy.iplt20.com/classic/static-assets/build/images/players/onpitch/3993.png',
  transfersLeft: 50
}
DEBUG: {
  name: 'RSAwesome 11',
  captainImage: 'https://fantasy.iplt20.com/classic/static-assets/build/images/players/onpitch/3993.png',
  transfersLeft: 60
}
DEBUG: {
  name: 'PKs11',
  captainImage: 'https://fantasy.iplt20.com/classic/static-assets/build/images/players/onpitch/3993.png',
  transfersLeft: 76
}
DEBUG: {
  name: 'Bat Bowl XI',
  captainImage: 'https://fantasy.iplt20.com/classic/static-assets/build/images/players/onpitch/85736.png',
  transfersLeft: 120
}
DEBUG: {
  name: 'RushS01',
  captainImage: 'https://fantasy.iplt20.com/classic/static-assets/build/images/players/onpitch/85736.png',
  transfersLeft: 157
}
📦 Payload ready
📡 Sending LIVE update
📡 POST status: 200
📨 Response: {"success":true}
🏁 END scrape at: 2026-05-07T14:52:18.662Z
==============================


==============================
🚀 START scrape at: 2026-05-07T14:54:01.792Z
📊 Match: { currentMatch: 50, completedPct: 70 }
📊 Rows found: 8
DEBUG: {
  name: 'SquadSeven9',
  captainImage: 'https://fantasy.iplt20.com/classic/static-assets/build/images/players/onpitch/3993.png',
  transfersLeft: 62
}
DEBUG: {
  name: 'Deccan Dominators',
  captainImage: 'https://fantasy.iplt20.com/classic/static-assets/build/images/players/onpitch/3993.png',
  transfersLeft: 54
}
DEBUG: {
  name: 'VATVAGHOOL XI',
  captainImage: 'https://fantasy.iplt20.com/classic/static-assets/build/images/players/onpitch/64219.png',
  transfersLeft: 57
}
DEBUG: {
  name: 'Watapi',
  captainImage: 'https://fantasy.iplt20.com/classic/static-assets/build/images/players/onpitch/3993.png',
  transfersLeft: 50
}
DEBUG: {
  name: 'RSAwesome 11',
  captainImage: 'https://fantasy.iplt20.com/classic/static-assets/build/images/players/onpitch/3993.png',
  transfersLeft: 60
}
DEBUG: {
  name: 'PKs11',
  captainImage: 'https://fantasy.iplt20.com/classic/static-assets/build/images/players/onpitch/3993.png',
  transfersLeft: null
}
DEBUG: {
  name: 'Bat Bowl XI',
  captainImage: 'https://fantasy.iplt20.com/classic/static-assets/build/images/players/onpitch/85736.png',
  transfersLeft: 120
}
DEBUG: {
  name: 'RushS01',
  captainImage: 'https://fantasy.iplt20.com/classic/static-assets/build/images/players/onpitch/3852.png',
  transfersLeft: 157
}
📦 Payload ready
📡 Sending LIVE update
📡 POST status: 200
📨 Response: {"success":true}
🏁 END scrape at: 2026-05-07T14:54:18.440Z
==============================


==============================
🚀 START scrape at: 2026-05-07T15:00:00.882Z
📊 Match: { currentMatch: 50, completedPct: 70 }
📊 Rows found: 8
DEBUG: {
  name: 'SquadSeven9',
  captainImage: 'https://fantasy.iplt20.com/classic/static-assets/build/images/players/onpitch/3993.png',
  transfersLeft: 62
}
DEBUG: {
  name: 'Deccan Dominators',
  captainImage: 'https://fantasy.iplt20.com/classic/static-assets/build/images/players/onpitch/3993.png',
  transfersLeft: 54
}
DEBUG: {
  name: 'VATVAGHOOL XI',
  captainImage: 'https://fantasy.iplt20.com/classic/static-assets/build/images/players/onpitch/64219.png',
  transfersLeft: 57
}
DEBUG: {
  name: 'Watapi',
  captainImage: 'https://fantasy.iplt20.com/classic/static-assets/build/images/players/onpitch/3993.png',
  transfersLeft: 50
}
DEBUG: {
  name: 'RSAwesome 11',
  captainImage: 'https://fantasy.iplt20.com/classic/static-assets/build/images/players/onpitch/3993.png',
  transfersLeft: 60
}
DEBUG: {
  name: 'PKs11',
  captainImage: 'https://fantasy.iplt20.com/classic/static-assets/build/images/players/onpitch/3993.png',
  transfersLeft: 76
}
DEBUG: {
  name: 'Bat Bowl XI',
  captainImage: 'https://fantasy.iplt20.com/classic/static-assets/build/images/players/onpitch/85736.png',
  transfersLeft: 120
}
DEBUG: {
  name: 'RushS01',
  captainImage: 'https://fantasy.iplt20.com/classic/static-assets/build/images/players/onpitch/3852.png',
  transfersLeft: 157
}
📦 Payload ready
📡 Sending LIVE update
📡 POST status: 200
📨 Response: {"success":true}
🏁 END scrape at: 2026-05-07T15:00:17.193Z
==============================


==============================
🚀 START scrape at: 2026-05-07T15:02:01.476Z
📊 Match: { currentMatch: 50, completedPct: 70 }
📊 Rows found: 8
DEBUG: {
  name: 'SquadSeven9',
  captainImage: 'https://fantasy.iplt20.com/classic/static-assets/build/images/players/onpitch/3993.png',
  transfersLeft: 62
}
DEBUG: {
  name: 'Deccan Dominators',
  captainImage: 'https://fantasy.iplt20.com/classic/static-assets/build/images/players/onpitch/3993.png',
  transfersLeft: 54
}
DEBUG: {
  name: 'VATVAGHOOL XI',
  captainImage: 'https://fantasy.iplt20.com/classic/static-assets/build/images/players/onpitch/64219.png',
  transfersLeft: 57
}
DEBUG: {
  name: 'Watapi',
  captainImage: 'https://fantasy.iplt20.com/classic/static-assets/build/images/players/onpitch/3993.png',
  transfersLeft: 50
}
DEBUG: {
  name: 'RSAwesome 11',
  captainImage: 'https://fantasy.iplt20.com/classic/static-assets/build/images/players/onpitch/3993.png',
  transfersLeft: 60
}
DEBUG: {
  name: 'PKs11',
  captainImage: 'https://fantasy.iplt20.com/classic/static-assets/build/images/players/onpitch/3993.png',
  transfersLeft: 76
}
DEBUG: {
  name: 'Bat Bowl XI',
  captainImage: 'https://fantasy.iplt20.com/classic/static-assets/build/images/players/onpitch/85736.png',
  transfersLeft: 120
}
DEBUG: {
  name: 'RushS01',
  captainImage: 'https://fantasy.iplt20.com/classic/static-assets/build/images/players/onpitch/3852.png',
  transfersLeft: 157
}
📦 Payload ready
📡 Sending LIVE update
📡 POST status: 200
📨 Response: {"success":true}
🏁 END scrape at: 2026-05-07T15:02:15.129Z
==============================


==============================
🚀 START scrape at: 2026-05-07T15:04:00.987Z
📊 Match: { currentMatch: 50, completedPct: 70 }
📊 Rows found: 8
DEBUG: {
  name: 'SquadSeven9',
  captainImage: 'https://fantasy.iplt20.com/classic/static-assets/build/images/players/onpitch/3993.png',
  transfersLeft: 62
}
DEBUG: {
  name: 'Deccan Dominators',
  captainImage: 'https://fantasy.iplt20.com/classic/static-assets/build/images/players/onpitch/3993.png',
  transfersLeft: 54
}
DEBUG: {
  name: 'VATVAGHOOL XI',
  captainImage: 'https://fantasy.iplt20.com/classic/static-assets/build/images/players/onpitch/64219.png',
  transfersLeft: 57
}
DEBUG: {
  name: 'Watapi',
  captainImage: 'https://fantasy.iplt20.com/classic/static-assets/build/images/players/onpitch/3993.png',
  transfersLeft: 50
}
DEBUG: {
  name: 'RSAwesome 11',
  captainImage: 'https://fantasy.iplt20.com/classic/static-assets/build/images/players/onpitch/3993.png',
  transfersLeft: 60
}
DEBUG: {
  name: 'PKs11',
  captainImage: 'https://fantasy.iplt20.com/classic/static-assets/build/images/players/onpitch/3993.png',
  transfersLeft: 76
}
DEBUG: {
  name: 'Bat Bowl XI',
  captainImage: 'https://fantasy.iplt20.com/classic/static-assets/build/images/players/onpitch/85736.png',
  transfersLeft: 120
}
DEBUG: {
  name: 'RushS01',
  captainImage: 'https://fantasy.iplt20.com/classic/static-assets/build/images/players/onpitch/85736.png',
  transfersLeft: 157
}
📦 Payload ready
📡 Sending LIVE update
📡 POST status: 200
📨 Response: {"success":true}
🏁 END scrape at: 2026-05-07T15:04:17.354Z
==============================


==============================
🚀 START scrape at: 2026-05-07T15:06:01.520Z
📊 Match: { currentMatch: 50, completedPct: 70 }
📊 Rows found: 8
DEBUG: {
  name: 'SquadSeven9',
  captainImage: 'https://fantasy.iplt20.com/classic/static-assets/build/images/players/onpitch/3993.png',
  transfersLeft: 62
}
DEBUG: {
  name: 'Deccan Dominators',
  captainImage: 'https://fantasy.iplt20.com/classic/static-assets/build/images/players/onpitch/3993.png',
  transfersLeft: 54
}
DEBUG: {
  name: 'VATVAGHOOL XI',
  captainImage: 'https://fantasy.iplt20.com/classic/static-assets/build/images/players/onpitch/64219.png',
  transfersLeft: 57
}
DEBUG: {
  name: 'Watapi',
  captainImage: 'https://fantasy.iplt20.com/classic/static-assets/build/images/players/onpitch/3993.png',
  transfersLeft: 50
}
DEBUG: {
  name: 'RSAwesome 11',
  captainImage: 'https://fantasy.iplt20.com/classic/static-assets/build/images/players/onpitch/3993.png',
  transfersLeft: 60
}
DEBUG: {
  name: 'PKs11',
  captainImage: 'https://fantasy.iplt20.com/classic/static-assets/build/images/players/onpitch/3993.png',
  transfersLeft: 76
}
DEBUG: {
  name: 'Bat Bowl XI',
  captainImage: 'https://fantasy.iplt20.com/classic/static-assets/build/images/players/onpitch/85736.png',
  transfersLeft: 120
}
DEBUG: {
  name: 'RushS01',
  captainImage: 'https://fantasy.iplt20.com/classic/static-assets/build/images/players/onpitch/3852.png',
  transfersLeft: 157
}
📦 Payload ready
📡 Sending LIVE update
📡 POST status: 200
📨 Response: {"success":true}
🏁 END scrape at: 2026-05-07T15:06:17.113Z
==============================


==============================
🚀 START scrape at: 2026-05-07T15:08:01.078Z
📊 Match: { currentMatch: 50, completedPct: 70 }
📊 Rows found: 8
DEBUG: {
  name: 'SquadSeven9',
  captainImage: 'https://fantasy.iplt20.com/classic/static-assets/build/images/players/onpitch/3993.png',
  transfersLeft: 62
}
DEBUG: {
  name: 'Deccan Dominators',
  captainImage: 'https://fantasy.iplt20.com/classic/static-assets/build/images/players/onpitch/3993.png',
  transfersLeft: 54
}
DEBUG: {
  name: 'VATVAGHOOL XI',
  captainImage: 'https://fantasy.iplt20.com/classic/static-assets/build/images/players/onpitch/64219.png',
  transfersLeft: 57
}
DEBUG: {
  name: 'Watapi',
  captainImage: 'https://fantasy.iplt20.com/classic/static-assets/build/images/players/onpitch/3993.png',
  transfersLeft: 50
}
DEBUG: {
  name: 'RSAwesome 11',
  captainImage: 'https://fantasy.iplt20.com/classic/static-assets/build/images/players/onpitch/3993.png',
  transfersLeft: 60
}
DEBUG: {
  name: 'PKs11',
  captainImage: 'https://fantasy.iplt20.com/classic/static-assets/build/images/players/onpitch/3993.png',
  transfersLeft: 76
}
DEBUG: {
  name: 'Bat Bowl XI',
  captainImage: 'https://fantasy.iplt20.com/classic/static-assets/build/images/players/onpitch/85736.png',
  transfersLeft: 120
}
DEBUG: {
  name: 'RushS01',
  captainImage: 'https://fantasy.iplt20.com/classic/static-assets/build/images/players/onpitch/3852.png',
  transfersLeft: 157
}
📦 Payload ready
📡 Sending LIVE update
📡 POST status: 200
📨 Response: {"success":true}
🏁 END scrape at: 2026-05-07T15:08:16.810Z
==============================


==============================
🚀 START scrape at: 2026-05-07T15:10:01.784Z
🌍 TARGET: prod
🌍 DASHBOARD_API: https://ipl-dynamic.vercel.app/api/ipl
🌍 SNAPSHOT: undefined
📊 Match: { currentMatch: 50, completedPct: 70 }
📊 Rows found: 8
DEBUG: {
  name: 'SquadSeven9',
  captainImage: 'https://fantasy.iplt20.com/classic/static-assets/build/images/players/onpitch/3993.png',
  transfersLeft: 62
}
DEBUG: {
  name: 'Deccan Dominators',
  captainImage: 'https://fantasy.iplt20.com/classic/static-assets/build/images/players/onpitch/3993.png',
  transfersLeft: 54
}
DEBUG: {
  name: 'VATVAGHOOL XI',
  captainImage: 'https://fantasy.iplt20.com/classic/static-assets/build/images/players/onpitch/3993.png',
  transfersLeft: null
}
DEBUG: {
  name: 'Watapi',
  captainImage: 'https://fantasy.iplt20.com/classic/static-assets/build/images/players/onpitch/3993.png',
  transfersLeft: 50
}
DEBUG: {
  name: 'RSAwesome 11',
  captainImage: 'https://fantasy.iplt20.com/classic/static-assets/build/images/players/onpitch/3993.png',
  transfersLeft: 60
}
DEBUG: {
  name: 'PKs11',
  captainImage: 'https://fantasy.iplt20.com/classic/static-assets/build/images/players/onpitch/3993.png',
  transfersLeft: null
}
DEBUG: {
  name: 'Bat Bowl XI',
  captainImage: 'https://fantasy.iplt20.com/classic/static-assets/build/images/players/onpitch/85736.png',
  transfersLeft: 120
}
DEBUG: {
  name: 'RushS01',
  captainImage: 'https://fantasy.iplt20.com/classic/static-assets/build/images/players/onpitch/3852.png',
  transfersLeft: 157
}
📦 Payload ready
📦 Leaders: 8
📦 First Leader: {
  rank: 3,
  name: 'SquadSeven9',
  points: 13375,
  lastMatchPoints: 188.5,
  transfersLeft: 62,
  boostersUsed: '2',
  captain: {
    name: 'V. Kohli',
    points: 8,
    image: 'https://fantasy.iplt20.com/classic/static-assets/build/images/players/onpitch/3993.png'
  },
  viceCaptain: {
    name: 'M. Marsh',
    points: 172,
    image: 'https://fantasy.iplt20.com/classic/static-assets/build/images/players/onpitch/10094.png'
  }
}
📡 Sending LIVE update
📡 URL: https://ipl-dynamic.vercel.app/api/ipl
📡 POST status: 200
📨 Response: {"success":true}
✅ API accepted payload
🏁 END scrape at: 2026-05-07T15:10:15.705Z
==============================


==============================
🚀 START scrape at: 2026-05-07T15:12:01.569Z
🌍 TARGET: prod
🌍 DASHBOARD_API: https://ipl-dynamic.vercel.app/api/ipl
🌍 SNAPSHOT: undefined
📊 Match: { currentMatch: 50, completedPct: 70 }
📊 Rows found: 8
DEBUG: {
  name: 'SquadSeven9',
  captainImage: 'https://fantasy.iplt20.com/classic/static-assets/build/images/players/onpitch/3993.png',
  transfersLeft: 62
}
DEBUG: {
  name: 'Deccan Dominators',
  captainImage: 'https://fantasy.iplt20.com/classic/static-assets/build/images/players/onpitch/3993.png',
  transfersLeft: 54
}
DEBUG: {
  name: 'VATVAGHOOL XI',
  captainImage: 'https://fantasy.iplt20.com/classic/static-assets/build/images/players/onpitch/64219.png',
  transfersLeft: 57
}
DEBUG: {
  name: 'Watapi',
  captainImage: 'https://fantasy.iplt20.com/classic/static-assets/build/images/players/onpitch/3993.png',
  transfersLeft: 50
}
DEBUG: {
  name: 'RSAwesome 11',
  captainImage: 'https://fantasy.iplt20.com/classic/static-assets/build/images/players/onpitch/3993.png',
  transfersLeft: 60
}
DEBUG: {
  name: 'PKs11',
  captainImage: 'https://fantasy.iplt20.com/classic/static-assets/build/images/players/onpitch/3993.png',
  transfersLeft: null
}
DEBUG: {
  name: 'Bat Bowl XI',
  captainImage: 'https://fantasy.iplt20.com/classic/static-assets/build/images/players/onpitch/85736.png',
  transfersLeft: 120
}
DEBUG: {
  name: 'RushS01',
  captainImage: 'https://fantasy.iplt20.com/classic/static-assets/build/images/players/onpitch/3852.png',
  transfersLeft: 157
}
📦 Payload ready
📦 Leaders: 8
📦 First Leader: {
  rank: 3,
  name: 'SquadSeven9',
  points: 13375,
  lastMatchPoints: 188.5,
  transfersLeft: 62,
  boostersUsed: '2',
  captain: {
    name: 'V. Kohli',
    points: 8,
    image: 'https://fantasy.iplt20.com/classic/static-assets/build/images/players/onpitch/3993.png'
  },
  viceCaptain: {
    name: 'M. Marsh',
    points: 172,
    image: 'https://fantasy.iplt20.com/classic/static-assets/build/images/players/onpitch/10094.png'
  }
}
📡 Sending LIVE update
📡 URL: https://ipl-dynamic.vercel.app/api/ipl
📡 POST status: 200
📨 Response: {"success":true}
✅ API accepted payload
🏁 END scrape at: 2026-05-07T15:12:14.882Z
==============================

